"IndicatorDetailId","IndicatorId","NameEN","NameAR","DefinitionEN","DefinitionAR","LabelEN","LabelAR","Format","BaseLineValue","BaseLineYear","TargetValue","TargetYear"
"34cf11a5-baad-4e14-9805-00adbad78740","525b6fef-67f7-44da-bce2-cdbbc5e20be8","Tourism Contribution Towards GDP Direct ","نسبة مساهمة القطاع في الناتج المحلي الإجمالي (مباشر)","Old Indicator ","Old Indicator ","Tourism Contribution Towards GDP Direct ","نسبة مساهمة القطاع في الناتج المحلي الإجمالي (مباشر)","0","","2023","",""
"ddcabcaf-22b2-4980-8308-018c2bcf2f0d","c59809ec-7685-460d-aa1e-875b2f1a713e","Leased Area (square meters)-2","المساحة المؤجرة (متر مربع)-1","-","-","Leased Area (square meters)-2","المساحة المؤجرة (متر مربع)-1","0","","","",""
"51fef484-130a-46ec-afef-0192b3985282","7e628478-db9d-4288-85a0-a321e6f268a0","Inflation Demo","Inflation Demo","-","-","Inflation Demo","Inflation Demo","0","","","",""
"2dfc9491-dc1d-466b-847c-01bdbaf600ab","5df7fa1f-fafe-40e3-9b61-8251c56f8ed0","Satisfaction Score (NPS) of Domestic Tourism","درجة الرضا عن السياحة الداخلية","-","-","Satisfaction Score (NPS) of Domestic Tourism","درجة الرضا عن السياحة الداخلية","0","","2023","",""
"bbeba8dc-ba03-4452-9082-01e8fb10ce2a","53c45d4d-1ded-462d-9618-02249e98e0ff","The Rate of Volunteer Work","معدل العمل التطوعي","-","-","The Rate of Volunteer Work","معدل العمل التطوعي","0","","","",""
"1e363cc4-b8f3-4816-a8b5-01ecd33dac69","ff490039-7788-4735-a608-49cff625e2b9","Datsets-1","Datsets-2","-","-","Datsets-1","Datsets-2","0","","","",""
"93db8d28-13c9-406f-9fb3-02ba8dfedb7a","f834d328-e379-4221-a9ec-2620875ac997","China","الصين","<p>China</p>","<p>الصين</p>","China","الصين","0.00","","","",""
"70c628f9-0107-4dc1-9d82-0326a7c47d34","9439d25c-e03c-4587-882f-b2d4255602c6","Value of Investment Projects-2","Value of Investment Projects-2","-","-","Value of Investment Projects-2","Value of Investment Projects-2","0","","","",""
"aa18fa30-3755-4086-a0ea-04265d2633c9","763a8c21-54b8-4fae-fc29-08dd8f984037","Number of Hotel Keys","عدد الغرف الفندقية المتاحة ومعدل نسب الإشغال للفنادق","<p>-</p>","<p>-</p>","Number of Hotel Keys","عدد الغرف الفندقية المتاحة","0.0","29.77","2022","",""
"3d85d6ee-df7c-4102-a875-04cfb3eb72ad","e7d27610-ec54-4087-fd41-08dd8ca66f9c","Sector Contribution To GDP","مساهمة القطاع في الناتج المحلي الإجمالي (المعلومات والاتصالات)","<p>The Information Sector Contribution to GDP measures the share of the economy's total output attributed to the information sector, which includes industries such as telecommunications, media, technology, software, and data services. This sector is critical in modern economies, reflecting the increasing importance of digital services and information technology in driving economic growth and development.</p>","<p>يقيس مؤشر مساهمة القطاع في الناتج المحلي الإجمالي حصة قطاع المعلومات والاتصالات من الناتج المحلي الإجمالي لاقتصاد الدولة                             ، ويشمل قطاعات الاتصالات                             ، والإعلام                             ، والتكنولوجيا                             ، والبرمجيات                             ، وخدمات البيانات. يُعتبر هذا القطاع أحد القطاعات الحيوية في الاقتصادات الحديثة                             ، حيث يعكس الأهمية المتزايدة للخدمات الرقمية وتكنولوجيا المعلومات في تحفيز النمو الاقتصادي والتنمية.</p>","Sector Contribution To GDP (ICT)","مساهمة القطاع في الناتج المحلي الإجمالي (المعلومات والاتصالات)","bn0.00","10.97","2021","21.56","2030"
"8ea60e3e-468b-4dc8-8e89-053abe87a4fa","eda3b0a6-5414-4a9d-90f7-3c799942f198","Total Production of Vegetables Using Greenhouse (ton/year)","Dataset-4","-","-","Total Production of Vegetables Using Greenhouse (ton/year)","Dataset-4","0","0","2022","",""
"4c6883e2-ebbf-4ca8-9ed5-06265c43a210","b38962c9-acda-4bd3-9bb9-b51e3365d6d0","Private Sector Investment into the Sector","استثمار القطاع الخاص في القطاع","-","-","Private Sector Investment into the Sector","استثمار القطاع الخاص في القطاع","0","","2023","","2030"
"36dc53d5-6a00-4509-8958-0645333d8e88","9f1b0ba8-2225-4f3e-973f-a5cf045627a9","Container","سفن الحاويات","<p>Container</p>","<p>الحاوية</p>","Container","سفن الحاويات","","","","",""
"52826868-083e-49b6-9bf9-0662a9102281","e58c0681-b58f-45e3-aa46-3924780f4fe6","Employment in the Sector","Employment in the Sector","-","-","Employment in the Sector","Employment in the Sector","0","","","",""
"4ee487dd-fe4a-4253-acfb-066a24080259","50b5457c-6eae-4ae0-ac88-1d682f0abe93","Non-Hydrocarbon Sectors Contribution to GDP (QAR, bn)","Non-Hydrocarbon Sectors Contribution to GDP (QAR, bn)","-","-","Non-Hydrocarbon Sectors Contribution to GDP (QAR, bn)","Non-Hydrocarbon Sectors Contribution to GDP (QAR, bn)","0","","2023","",""
"f0a0258f-0ec7-49e0-b3c0-07707ae6d52d","bbdbb946-9d8a-40a4-9e44-c877c039277e","- Of which are local-5","عدد الشركات (المحلية)-2","-","-","- Of which are local-5","عدد الشركات (المحلية)-2","0","","","",""
"ac02d9fa-ebc8-4462-a45c-07e8a37b05fb","e7b61ac2-ebf2-4ac2-ace9-832381a4faba","Number of Investor Leads-2","Number of Investor Leads-2","-","-","Number of Investor Leads-2","Number of Investor Leads-2","0","","","",""
"d1f39148-6345-4231-889a-081733ff4223","7d9d6893-173f-41a1-b230-92a448c02c8f","SME's in operation for a minimum of four years (%)","SME's in operation for a minimum of four years (%)","-","-","SME's in operation for a minimum of four years (%)","SME's in operation for a minimum of four years (%)","0","","2020","",""
"2ec9f97d-5c61-42b2-72d5-08dd8c9ae75d","d7768ce6-7e13-4213-1886-08dd8c9ac2e7","Total Production","إجمالي الإنتاج","Total Production in Agriculture and Livestock refers to the overall quantity of crops, livestock, and related products produced in a specific period within a country or region. It includes all agricultural outputs such as grains, vegetables, fruits, and animal products like meat, milk, and eggs. This measure helps gauge the performance of the agricultural and livestock sectors and is crucial for food security, economic planning, and export activities","يقيس مؤشر إنتاجية المحاصيل إجمالي المحاصيل المنتجة لكل وحدة مساحة من الأرض           ، وعادة ما يتم قياسها بالأطنان لكل هكتار أو وحدات أخرى ذات صلة. ويُعد هذا المؤشر عاملًا مهمًا في قياس الإنتاجية الزراعية           ، حيث يعكس كفاءة الأعمال الزراعية           ، وصحة التربة           ، والظروف المناخية           ، والتطورات التكنولوجية. وتُعتبر الإنتاجية العالية للمحاصيل ضرورية لضمان الأمن الغذائي وتعظيم الاستفادة من الأراضي           ، لا سيما في المناطق التي تعاني من محدودية الأراضي الصالحة للزراعة","Total Production","إجمالي الإنتاج","0.00","1.03","2021","2.1","2030"
"dbbf6296-454a-4709-f49c-08dd8c9b779d","bf24acec-dc99-4bfe-91b2-08dd8c9b1913","Gross National Income","الدخل القومي الإجمالي","<p>Gross National Income (GNI) equals the Gross Domestic Product (GDP) plus net primary income from abroad, including investment income and profit transfers received by resident economic entity. An entity is considered resident if it has maintained economic ties with the country for at least one year.</p>","الدخل القومي الإجمالي هو الناتج المحلي الإجمالي مضافًا إليه صافي دخل الاستثمارات وتحويلات الأرباح من الخارج إلى الجهات القائمة في الدولة             ، والتي ترتبط بنشاط اقتصادي داخلي لمدة عام على الأقل.","Gross National Income","الدخل القومي الإجمالي","bn0.0","644.1","2021","","2024"
"ab295511-9598-43a5-f4a0-08dd8c9b779d","c4af2135-f1fd-42b4-1881-08dd8c9ac2e7","Inflation","التضخم","The increase in the general level of prices of goods and services during a specific period، also defined as an impairment in the actual value of money (currency) when the general level of prices increases. The goods and services purchased per monetary unit (currency) will diminish.","يُعرف التضخم بالزيادة في أسعار السلع والخدمات في فترة زمنية محددة، ويُعرف أيضًا بتآكل القيمة الفعلية للنقود (العملة). وعليه، تقل القدرة الشرائية للوحدة النقدية،","Inflation","التضخم","0.0","-0.7","2019","","2024"
"89e4b51e-2864-4a8f-f4a3-08dd8c9b779d","f22dbb3c-c542-47d3-91b6-08dd8c9b1913","Global Food Security Index (GFSI) Rank","ترتيب دولة قطر في مؤشر الأمن الغذائي العالمي","Qatar’s ranking in the Global Food Security Index 2022 fell from 24th in 2021 to 30th in 2022. This decline was due to a drop in the sub-indices “Access to Agricultural Technology, Education, and Resources,” and “Agricultural Water Risk – Quality”.","تراجع ترتيب دولة قطر في مؤشر الأمن الغذائي العالمي 2022 من المرتبة 24 في العام 2021 إلى المرتبة 30 في العام 2022. يُعزى هذا الانخفاض إلى تراجع مجموع نقاط قطر في المؤشرين الفرعيين ""إمكانية الوصول إلى التكنولوجيا الزراعية والتعليم والموارد المستخدمة"" و""مخاطر المياه – الجودة"".","Global Food Security Index (GFSI) Rank","ترتيب دولة قطر في مؤشر الأمن الغذائي العالمي","00","30","2022","15","2030"
"af28efd4-addd-4298-f4a4-08dd8c9b779d","c0ea29f9-c2b5-48c7-1885-08dd8c9ac2e7","Crop Yield  - Vegetables, Greenhouses","إنتاجية المحاصيل - الخضراوات               ، البيوت المحمية","The term Crop Yield  - Vegetables, Greenhouses refers to the quantity of vegetables produced per unit area within a greenhouse environment. Greenhouses provide controlled conditions that can enhance plant growth, leading to higher yields compared to traditional open-field cultivation. This method allows for year-round production, efficient use of space, and protection from adverse weather conditions","يُشير مصطلح ""إنتاجية المحاصيل - الخضروات               ، البيوت المحمية"" إلى كمية الخضروات المنتجة لكل وحدة مساحة في البيوت المحمية. توفر البيوت الزجاجية ظروفًا محكمة تعزز من نمو النباتات               ، مما يؤدي إلى تحقيق إنتاجية أعلى مقارنة بالزراعة التقليدية في الحقول المفتوحة. تتيح هذه الطريقة استمرار الإنتاج على مدار العام               ، والاستخدام الفعّال للمساحة               ، والحماية من تقلبات المناخ السيئة.","Crop Yield  - Vegetables, Greenhouses","إنتاجية المحاصيل - الخضراوات               ، البيوت المحمية","0.0","100.9","2021","135","2030"
"77dfcbc9-0f65-4ad3-f4ed-08dd8ca67e32","60be3657-a99d-4dc0-b655-08dd8ca641ed","Out-of-Pocket Expenditure as a Percentage of Current Health Expenditure","نسبة الإنفاق من الجيب الخاص من الإنفاق على قطاع الصحة الحالي","Out-of-Pocket Expenditure as a Percentage of Current Health Expenditure measures the proportion of health costs that individuals pay directly from their own funds, relative to the total national health expenditure. This indicator helps assess the financial burden on individuals and highlights reliance on private payments for healthcare services","يقيس مؤشر نسبة الإنفاق من الجيب الخاص من الإنفاق على قطاع الصحة الحالي (CHE)""  نسبة التكاليف الصحية التي يدفعها الأفراد مباشرة من أموالهم الخاصة مقارنة بإجمالي النفقات الصحية العامة. يساعد هذا المؤشر في تقييم العبء المالي على الأفراد ويبرز الاعتماد على المدفوعات الخاصة لتوفير خدمات الرعاية الصحية","Out-of-Pocket Expenditure as a Percentage of Current Health Expenditure","نسبة الإنفاق من الجيب الخاص من الإنفاق على قطاع الصحة الحالي","0.0","6.62","2019","10","2023"
"fae02c26-3bd0-400a-f4ef-08dd8ca67e32","9bfcfd0f-206c-4a81-b656-08dd8ca641ed","Pharmaceuticals, Medical Devices and Consumables Produced in Qatar","الأدوية والأجهزة الطبية والمواد الاستهلاكية المنتجة في قطر","Pharmaceutical, Medical Devices, and Consumables Produced in Qatar refers to the manufacturing of medicines, medical equipment, and healthcare products within the country. This includes the production of drugs, surgical instruments, diagnostic tools, and consumables like bandages, syringes, and gloves. The goal is to enhance local healthcare capabilities, reduce dependency on imports, and support the country's economic diversification efforts","يقيس مؤشر الصادرات من المستحضرات الدوائية و الأجهزة و المواد الاستهلاكية الطبية صناعة الأدوية والمعدات الطبية ومنتجات الرعاية الصحية داخل الدولة        ، ويشمل ذلك إنتاج الأدوية        ، والأدوات الجراحية        ، وأدوات التشخيص        ، والسلع الاستهلاكية مثل الضمادات        ، والإبر        ، والقفازات. يهدف هذا المؤشر إلى تعزيز قدرات الرعاية الصحية المحلية        ، وتقليل الاعتماد على الواردات        ، ودعم جهود تنويع الاقتصاد في الدولة","Pharmaceuticals, Medical Devices and Consumables Produced in Qatar","الأدوية والأجهزة الطبية والمواد الاستهلاكية المنتجة في قطر","bn0.000","0.064","2020","5","2030"
"5e1c498e-b7b4-4f9c-f4f1-08dd8ca67e32","bc0144bd-8228-4022-fd42-08dd8ca66f9c","Network Readiness Index (NRI) Rank","ترتيب دولة قطر في مؤشر الجاهزية الشبكية","Qatar's ranking in the Network Readiness Index (NRI) improved significantly from 46th in 2023 to 39th in 2024, with a score of 57.31. However, Qatar's performance is below the trend line when considering its GDP per capita compared to other high-income countries.","ارتفع ترتيب دولة قطر في مؤشر الجاهزية الشبكية بشكل ملحوظ من المركز 46 في العام 2023 إلى المركز 39 في العام 2024             ، مع الحصول على درجة 57.31. ومع ذلك             ، يبقى أداء قطر أقل من المتوقع بالنظر إلى نصيب الفرد من الناتج المحلي الإجمالي مقارنة بالدول ذات الدخل المرتفع الأخرى.","Network Readiness Index (NRI) Rank","ترتيب دولة قطر في مؤشر الجاهزية الشبكية","00","42","2021","30","2030"
"feb47735-62a9-40bf-f4f2-08dd8ca67e32","82cb353f-7635-44e6-fd43-08dd8ca66f9c","Global Cybersecurity Index (GCI) Rank","ترتيب دولة قطر في مؤشر الأمن السيبراني العالمي","<p>The Global Cybersecurity Index (GCI) ranks countries based on their commitment to cybersecurity across five pillars: legal measures, technical measures, organizational measures, capacity development, and cooperation. This index aims to enhance awareness, promote international collaboration, and measure global progress in addressing cybersecurity challenges.</p>","<p>يُصنف مؤشر الأمن السيبراني العالمي الصادر عن الاتحاد الدولي للاتصالات وفق مدى التزامها بالأمن السيبراني عن طريق خمسة محاور رئيسية: الأطر القانونية                 ، التدابير التقنية                 ، والإجراءات القانونية                 ، تنمية القدرات                 ، ومدى التعاون. ويهف المؤشر إلى تعزيز الوعي                 ، وتشجيع التعاون الدولي                 ، وقياس التقدم في مواجهة تحديات الأمن السيبراني على مستوى عالمي.</p>","Global Cybersecurity Index (GCI)","مؤشر الأمن السيبراني العالمي","0.0","27","2020","10","2030"
"29a9a9da-7d32-46e7-f4f3-08dd8ca67e32","82cb353f-7635-44e6-fd43-08dd8ca66f9c","Global Cybersecurity Index (GCI) Rank","تصنيف المؤشر العالمي للأمن السيبراني","<p>The Global Cybersecurity Index (GCI) ranks countries based on their commitment to cybersecurity across five pillars: legal measures, technical measures, organizational measures, capacity development, and cooperation. This index aims to enhance awareness, promote international collaboration, and measure global progress in addressing cybersecurity challenges.</p>","<p>يُصنف مؤشر الأمن السيبراني العالمي الصادر عن الاتحاد الدولي للاتصالات وفق مدى التزامها بالأمن السيبراني عن طريق خمسة محاور رئيسية: الأطر القانونية                 ، التدابير التقنية                 ، والإجراءات القانونية                 ، تنمية القدرات                 ، ومدى التعاون. ويهف المؤشر إلى تعزيز الوعي                 ، وتشجيع التعاون الدولي                 ، وقياس التقدم في مواجهة تحديات الأمن السيبراني على مستوى عالمي.</p>","Global Cybersecurity Index (GCI) Rank","تصنيف المؤشر العالمي للأمن السيبراني","00","","","",""
"a88e43ef-4ab9-4b32-f4f4-08dd8ca67e32","6a83aeab-2024-4293-b659-08dd8ca641ed","Percentage of Online, End-to-End Public Services","نسبة الخدمات العامة عبر الإنترنت من البداية للنهاية","The Percentage of Online End-to-End Public Services indicates the proportion of public services that are fully digital, allowing citizens to complete the entire process online without requiring any in-person visits or paperwork","يشير مؤشر نسبة الخدمات العامة الرقمية الشاملة إلى النسبة المئوية للخدمات العامة التي أصبحت رقمية بالكامل ، مما يتيح للمواطنين إتمام العمليات عبر الإنترنت دون الحاجة إلى زيارات شخصية أو معاملات ورقية","Percentage of Online, End-to-End Public Services","نسبة الخدمات العامة عبر الإنترنت من البداية للنهاية","0.0","65","2020","95","2030"
"2c5bee26-dd97-427d-f4f5-08dd8ca67e32","1133a92c-b7aa-4d1c-b65c-08dd8ca641ed","Logistics Performance Index (LPI) Rank","ترتيب دولة قطر في مؤشر الأداء اللوجستي","Qatar's Logistics Performance Index (LPI) ranking dropped from 30th in 2018 to 34th in 2023, with declines in timeliness and the ease of arranging shipments at competitive prices. This has prompted the sector to focus on reducing import and export times and costs.","تراجع ترتيب دولة قطر أربع درجات في مؤشر الأداء اللوجستي    ، من المركز 30 في العام 2018 إلى المركز 34 في العام 2023. يُعزى هذا التراجع إلى ارتفاع تكلفة شحن البضائع وطول المدة الزمنية اللازمة لشحنها    ، لذلك ترتكز استراتيجية القطاع الحالية على تخفيض تكلفة عمليتي الاستيراد والتصدير وتقليل المدة التي تستغرقها.","Logistics Performance Index (LPI) Rank","ترتيب دولة قطر في مؤشر الأداء اللوجستي","00","34","2023","15","2030"
"1ea420cb-1f13-49c4-f4f6-08dd8ca67e32","55d5cfff-5e3e-436a-fd45-08dd8ca66f9c","Number of Jobs in the sector","عدد الوظائف في القطاع","The Number of Jobs in the sector refers to the total employment within industries involved in the movement, storage, and distribution of goods and services. This includes jobs in logistics, warehousing, air, sea, rail, and road transport services. Monitoring job numbers in this sector helps evaluate its contribution to employment, economic activity, and the broader workforce's skill development","يُشير مؤشر عدد الوظائف في قطاع النقل والتخزين إلى إجمالي الوظائف داخل الصناعات المعنية بحركة وتخزين وتوزيع السلع والخدمات  ، ويشمل ذلك الوظائف في اللوجستيات  ، والتخزين  ، وخدمات النقل الجوي  ، والبحري  ، والسكك الحديدية  ، والنقل البري. يساعد تتبع أعداد الوظائف في هذا القطاع في تقييم مساهمته في التوظيف في الدولة  ، والنشاط الاقتصادي  ، وتطوير مهارات القوى العاملة بشكل عام","Number of Jobs in the sector","عدد الوظائف في القطاع","0.0000k","154","2022","250","2030"
"e2ed493e-468e-43ae-f4f7-08dd8ca67e32","9c08e6c8-ebc7-4304-b65d-08dd8ca641ed","Air Transport Freight","حجم النقل الجوي          ، الشحن","Air Transport Freight is the volume of freight, express, and diplomatic bags carried on each flight stage (operation of an aircraft from takeoff to its next landing), measured in metric tons times kilometers traveled","يشير الشحن الجوي إلى حجم البضائع          ، والطرود السريعة          ، والحقائب الدبلوماسية التي يتم نقلها في كل مرحلة من مراحل الرحلة (من بداية تشغيل الطائرة في الإقلاع إلى نقطة الهبوط التالية)          ، وتُقاس جميعها بالطن المتري مضروبًا في المسافة المقطوعة بالكيلومترات","Air Transport Freight","حجم النقل الجوي          ، الشحن","0.0","15862","2021","35000","2030"
"1ae763f5-54fa-43b1-f4f8-08dd8ca67e32","70b9828b-9a49-4b1b-fd47-08dd8ca66f9c","Goods Re-export","إعادة تصدير السِّلع","Goods Re-Exports refer to goods that are imported into a country, stored temporarily, and then exported to other countries without significant transformation or value addition. This process is crucial in global trade, as it facilitates the redistribution of goods, often taking advantage of strategic geographic locations, and contributes to the economy by generating trade revenue and supporting logistics and storage industries","يقيس مؤشر إعادة تصدير السلع في قطاع النقل والتخزين السلع التي يتم استيرادها من دولة ما            ، وتخزينها مؤقتًا دون إحداث تغيرات أو إضافة قيمة            ، ثم تصديرها إلى دول أخرى. تُعد هذه العملية أساسية في التجارة العالمية            ، حيث تُسهم في إعادة توزيع السلع            ، وغالبًا ما تستفيد من المواقع الجغرافية الاستراتيجية            ، كما تساهم في الاقتصاد من خلال توليد إيرادات التجارة ودعم صناعات اللوجستيات والتخزين","Goods Re-export","إعادة تصدير السِّلع","bn0.00","10.2","2019","25","2030"
"f7773f3b-70d1-4d11-f4fa-08dd8ca67e32","64eec0a9-2740-4bb2-b661-08dd8ca641ed","Number of Non-Qatari Jobs","عدد وظائف غير القطريين","The Number of Non-Qataris Jobs refers to the total number of employment opportunities filled by individuals who are not Qatari nationals. This includes expatriates working in various sectors within the country. The data helps assess the role of foreign workers in the labor market and highlights the level of reliance on non-citizen labor in various industries","يقيس مؤشر عدد الوظائف لغير القطريين في قطاع النقل والتخزين الوظائف التي يشغلها الوافدين غير  القطريين  ، ويشمل ذلك العاملين في مختلف القطاعات داخل الدولة. تساعد هذه البيانات في تقييم دور العمالة الأجنبية في سوق العمل وتسلط الضوء على مستوى الاعتماد على العمالة غير القطرية في مختلف الصناعات","Number of Non-Qatari Jobs","عدد وظائف غير القطريين","0.0","133472","2021","","2030"
"1b3ad7ca-fb44-46d6-f4fd-08dd8ca67e32","0cc207f1-3665-47fa-fd4b-08dd8ca66f9c","IMD World Competitiveness Ranking","ترتيب دولة قطر في تصنيف التنافسية العالمية","The World Competitiveness Ranking assesses the set of institutions, policies, and factors that determine a country's level of productivity. This productivity level sets the sustainable current and medium-term levels of economic prosperity.","يسهم ترتيب مؤشر التنافسية العالمية بتقييم المؤسسات والسياسات والعوامل التي تحدد مستوى إنتاجية دولة ما. ويحدد هذا المؤشر مدى الازدهار الاقتصادي المستدام في الوقت الحالي وعلى المدى المتوسط","Rank","الترتيب","","17","2021","",""
"42de99b1-ee11-4b9f-f4fe-08dd8ca67e32","cc51126f-9f21-42d1-fd4c-08dd8ca66f9c","Economic Complexity Index Rank","ترتيب دولة قطر في مؤشر التعقيد الاقتصادي العالمي","<p><span style=""font-size:11.0pt;"">The Economic Complexity Index (ECI) ranks countries based on the diversity and sophistication of their export basket, rather than export value alone. Countries that export a wide range of less common, knowledge-intensive products tend to score higher, reflecting deeper productive knowledge and capabilities within the economy.</span></p>","<p><span style=""font-size:11.0pt;"">يقيس مؤشر التعقيد الاقتصادي درجة تعقيد الاقتصادات من خلال تنوع سلة صادراتها ومستوى تعقيدها        ، وليس على أساس قيمة الصادرات فقط. وتميل الدول التي تُصدّر طيفًا واسعًا من المنتجات الأقل شيوعًا والأكثر كثافةً معرفية إلى تسجيل مراتب أعلى        ، بما يعكس عمق المعرفة والقدرات الإنتاجية المتراكمة في الاقتصاد.</span></p>","Economic Complexity Index Ranking","ترتيب دولة قطر في مؤشر التعقيد الاقتصادي","00","86","2019","65","2030"
"8befd93e-a060-45eb-f500-08dd8ca67e32","27638145-b4af-4479-fd51-08dd8ca66f9c","Number of Non-Qatari Jobs (Finance & Insurance)","عدد الوظائف لغير القطريين (الأنشطة المالية وأنشطة التأمين)","Number of Non-Qatari Jobs (Finance & Insurance)","عدد الوظائف لغير القطريين (الأنشطة المالية وأنشطة التأمين)","Number of Non-Qatari Jobs","عدد الوظائف لغير القطريين","0.0","","","",""
"fe8b6a72-ce0d-4de1-f502-08dd8ca67e32","ab61b22e-a292-40d4-fd54-08dd8ca66f9c","Number of Jobs in the Sector","عدد وظائف القطاع","-","-","Number of Jobs in the Sector","عدد وظائف القطاع","0.0k","154","2022","250","2030"
"c06a51aa-446e-4f36-dc1c-08dd8ca6e776","533daac2-2e84-4f4d-fd3e-08dd8ca66f9c","Private Expenditure on Health as a Percentage of Total Current Health Expenditure","نسبة إنفاق القطاع الخاص في الصحة من الإنفاق الحالي على قطاع الصحة","The Private Expenditure on Health as a Percentage of Total Current Health Expenditure indicator represents the share of revenues from domestic private sources spent on health as a percentage of total current health expenditure","يشير مؤشر نسبة النفقات الصحية الخاصة المحلية (PVT-D) من إجمالي النفقات الصحية الحالية (CHE)"" إلى حصة الإيرادات من المصادر الخاصة المحلية التي تُنفق على الصحة كنسبة من إجمالي النفقات الصحية الحالية","Private Expenditure on Health as a Percentage of Total Current Health Expenditure","نسبة إنفاق القطاع الخاص في الصحة من الإنفاق الحالي على قطاع الصحة","0.0","15","2019","32","2030"
"934558b2-4119-4787-dc1e-08dd8ca6e776","0deac0f6-d36f-46b9-b658-08dd8ca641ed","Sector Exports","صادرات القطاع (المعلومات والاتصالات)","The value of goods and services whose ownership is transferred from residents of the country to nonresidents. Exports include goods exported for processing and goods purchased in local ports by nonresident carriers and non-monetary gold. Exports of services include all services provided to nonresidents, such as transportation services, tourism, communications, insurance, and financial services, privileges, business, personal, cultural and entertainment, and government services","يقيس مؤشر صادرات القطاع قيمة الإجمالية للسلع والخدمات التي يتم تصديرها من قطاع اقتصادي معين. ويعكس هذا المؤشر حصة الصادرات التي تحققها القطاعات المختلفة مثل التصنيع والزراعة والخدمات    ، بما يسهم في الميزان التجاري للدولة. كما يساعد على تقييم القدرة التنافسية العالمية للقطاعات المختلفة صحتها الاقتصادية    ، وقياس مدى تنوع الأنشطة التصديرية داخل الدولة","Sector Exports (ICT)","صادرات القطاع (المعلومات والاتصالات)","bn0.00","3.24","2021","5.8","2030"
"3f39dd1b-d75b-43c3-dc22-08dd8ca6e776","02f24f7f-aef9-4146-b65f-08dd8ca641ed","IATA Connectivity Index Rank","ترتيب دولة قطر في مؤشر اتحاد النقل الجوي الدولي (IATA)","Qatar improved its ranking by 3 places between 2019 and 2024 (from 29 in 2019, to 26 in 2024).","تقدم ترتيب دولة قطر بثلاث مراكز بين العامين 2019 و2024 (من 29 في العام 2019 إلى 26 في العام 2024).","IATA Connectivity Index","(IATA) مؤشر اتحاد النقل الجوي الدولي","00","32","2019","15","2030"
"9c076019-93da-4d84-dc23-08dd8ca6e776","7e1bc17b-15b9-43b3-b660-08dd8ca641ed","Number of Qatari Jobs","عدد وظائف القطريين","The Number of Qatari Jobs in the Transportation and Storage Sector refers to the employment opportunities specifically filled by Qatari nationals within industries related to transportation and logistics. This includes positions in sectors such as road, rail, air, and sea transportation, as well as storage and warehousing services. Monitoring these job numbers helps assess Qatar's efforts to employ its citizens in various sectors of the economy. For more details, you can consult Qatar's national statistics reports","يقيس مؤشر عدد الوظائف للقطريين في قطاع النقل والتخزين الوظائف التي يشغلها القطريون في قطاعات النقل واللوجستيات           ، ويشمل ذلك وظائف النقل البري           ، والسكك الحديدية           ، والنقل الجوي           ، والنقل البحري           ، بالإضافة إلى خدمات التخزين والتوزيع. يساعد تتبع هذه الأعداد في تقييم جهود قطر لتوظيف مواطنيها في مختلف القطاعات الاقتصادية. لمزيد من التفاصيل           ، يمكنكم الاطلاع على تقارير الإحصائيات الوطنية لدولة قطر","Number of Qatari Jobs","عدد وظائف القطريين","0.0","2445","2021","","2024"
"c566b959-10e5-4d8c-dc25-08dd8ca6e776","758f6b56-dec6-46d5-fd49-08dd8ca66f9c","Qataris Employed in Private Sector as Share of Total Qataris Employed","نسبة المواطنين القطريين العاملين في القطاع الخاص","Qataris Employed in Private Sector as Share of Total Qataris Employed refers to the percentage of Qatari nationals working in the private sector compared to the total number of employed Qataris. This metric highlights the participation of Qataris in the private workforce, providing insight into employment trends and the country's efforts to diversify its labor market beyond the public sector","يعكس مؤشر نسبة القطريين العاملين في القطاع الخاص مشاركة القطريين من القوى العاملة في القطاع الخاص مقارنةً بإجمالي عدد القطريين العاملين مما يظهر اتجاهات التوظيف وجهود الدولة لتنويع سوق العمل بعيدًا عن القطاع العام","Actual Performance","الأداء الفعلي","0.0","8.5","2019","","2030"
"0be53476-d5c0-4bdd-dc26-08dd8ca6e776","86453f7b-aa2a-4832-b663-08dd8ca641ed","High Skilled Blue Collar","الياقات الزرقاء - مهارات عالية","The Workforce (Economically Active) refers to individuals within a country's population who are either employed or actively seeking employment. This includes both employed persons and those who are looking for work, typically within a specific age group. It excludes individuals who are not participating in the labor force, such as retirees, students, or those who are not seeking employment","<p>يقيس مؤشر القوى العاملة (النشيطون اقتصاديًا) كل الأفراد الذين يعملون أو يبحثون عن عمل في الدولة         ، عادةً ضمن فئة عمرية محددة. ويستثني هذا التصنيف الأفراد الذين لا يشاركون في سوق العمل         ، مثل المتقاعدين         ، والطلاب         ، أو أولئك الذين لا يبحثون عن عمل.</p>","High Skilled Blue Collar","الياقات الزرقاء - مهارات عالية","0.00","2.1","2018","","2030"
"1d2d8d03-cc9e-4b15-dc27-08dd8ca6e776","86453f7b-aa2a-4832-b663-08dd8ca641ed","High-skilled white collar","الياقات البيضاء - مهارات عالية","The Workforce (Economically Active) refers to individuals within a country's population who are either employed or actively seeking employment. This includes both employed persons and those who are looking for work, typically within a specific age group. It excludes individuals who are not participating in the labor force, such as retirees, students, or those who are not seeking employment","يقيس مؤشر القوى العاملة (النشطون اقتصاديًا) كل الأفراد الذين يعملون أو يبحثون عن عمل في الدولة              ، عادةً ضمن فئة عمرية محددة. ويستثني هذا التصنيف الأفراد الذين لا يشاركون في سوق العمل              ، مثل المتقاعدين              ، والطلاب              ، أو أولئك الذين لا يبحثون عن عمل.","High Skilled White Collar","الياقات البيضاء - مهارات عالية","0.00","","","",""
"0fd612cb-b027-4716-dc28-08dd8ca6e776","86453f7b-aa2a-4832-b663-08dd8ca641ed","Low-skilled blue collar","الياقات الزرقاء - مهارات منخفضة","The Workforce (Economically Active) refers to individuals within a country's population who are either employed or actively seeking employment. This includes both employed persons and those who are looking for work, typically within a specific age group. It excludes individuals who are not participating in the labor force, such as retirees, students, or those who are not seeking employment","يقيس مؤشر القوى العاملة (النشطون اقتصاديًا) كل الأفراد الذين يعملون أو يبحثون عن عمل في الدولة              ، عادةً ضمن فئة عمرية محددة. ويستثني هذا التصنيف الأفراد الذين لا يشاركون في سوق العمل              ، مثل المتقاعدين              ، والطلاب              ، أو أولئك الذين لا يبحثون عن عمل.","Low Skilled Blue Collar","الياقات الزرقاء - مهارات منخفضة","0.00","","","",""
"5d44d596-1d70-4237-dc29-08dd8ca6e776","86453f7b-aa2a-4832-b663-08dd8ca641ed","Low-skilled white collar","الياقات البيضاء - مهارات منخفضة","The Workforce (Economically Active) refers to individuals within a country's population who are either employed or actively seeking employment. This includes both employed persons and those who are looking for work, typically within a specific age group. It excludes individuals who are not participating in the labor force, such as retirees, students, or those who are not seeking employment","يقيس مؤشر القوى العاملة (النشطون اقتصاديًا) كل الأفراد الذين يعملون أو يبحثون عن عمل في الدولة              ، عادةً ضمن فئة عمرية محددة. ويستثني هذا التصنيف الأفراد الذين لا يشاركون في سوق العمل              ، مثل المتقاعدين              ، والطلاب              ، أو أولئك الذين لا يبحثون عن عمل.","Low Skilled White Collar","الياقات البيضاء - مهارات منخفضة","0.00","","","",""
"7457fab9-1572-443c-dc2c-08dd8ca6e776","ec725755-4736-47b6-b666-08dd8ca641ed","Exports - Hydrocarbon","الصادرات - القطاع الهيدروكربوني","The Trade Balance is the difference between the value of a country's exports and imports over a specific period.","يُعد ميزان التجارة الفارق بين قيمة صادرات الدولة ووارداتها في فترة زمنية محددة.","Hydrocarbon","القطاع الهيدروكربوني","bn0.00","","","",""
"fa849066-8e3a-41d2-dc2d-08dd8ca6e776","ec725755-4736-47b6-b666-08dd8ca641ed","Exports - Non-Hydrocarbon","الصادرات - القطاع غير الهيدروكربوني","Exports refer to goods or services produced in one country and sold to another, reflecting global trade activity.","تشير الصادرات إلى السلع أو الخدمات المُنتَجة في الدولة والمباعة لدولة أخرى   ، مما يعكس النشاط التجاري العالمي.","Non-Hydrocarbon","القطاع غير الهيدروكربوني","bn0.00","","","",""
"f63ada58-72af-436f-dc2e-08dd8ca6e776","ec725755-4736-47b6-b666-08dd8ca641ed","Trade Balance","الميزان التجاري","The Trade Balance is the difference between the value of a country's exports and imports over a specific period.","يُعد ميزان التجارة الفارق بين قيمة صادرات الدولة ووارداتها في فترة زمنية محددة.","Trade Balance","الميزان التجاري","bn0.00","92.01","2019","",""
"1ddf449b-23b7-4652-dc30-08dd8ca6e776","af0e09af-6492-4a4d-9d15-9e533df69f1c","Housing and Utilities","السكن والماء والكهرباء والغاز","-","-","Housing and Utilities","السكن والماء والكهرباء والغاز","0.0","96.04","2020","97.9608","2030"
"da412b4e-f872-413c-dc31-08dd8ca6e776","af0e09af-6492-4a4d-9d15-9e533df69f1c","Transport","المواصلات","-","-","Transport","المواصلات","0.0","","","",""
"81973b2b-b584-46f9-dc32-08dd8ca6e776","af0e09af-6492-4a4d-9d15-9e533df69f1c","Recreation and culture","الترفيه والثقافة","-","-","Recreation and culture","الترفيه والثقافة","0.0","","","",""
"cf905cb2-a30f-4d7d-dc33-08dd8ca6e776","af0e09af-6492-4a4d-9d15-9e533df69f1c","Housing and Utilities","الأثاث والمعدات المنزلية","-","-","Furnishings, household equipment","الأثاث والمعدات المنزلية","0.0","","","",""
"90d6cba0-8628-4698-dc34-08dd8ca6e776","af0e09af-6492-4a4d-9d15-9e533df69f1c","Others","أخرى","-","-","Others","أخرى","0.0","","","",""
"380593a8-22f3-46d1-1b9e-08dd8d315072","e537cbfa-5902-4be1-7c76-08dd8d3130ae","Hydrocarbon","الناتج المحلي الإجمالي الحقيقي - القطاع الهيدروكربوني","Real GDP (Real Gross Domestic Product) measures the total economic output of a country, adjusted for price changes due to inflation or deflation. It reflects the value of all goods and services produced within a country's borders in a specific time period, expressed in constant prices to provide a more accurate representation of economic growth by excluding the effects of price level changes. Real GDP is a key indicator for comparing economic performance over time or across countries","يقيس الناتج المحلي الإجمالي الحقيقي إجمالي الإنتاج الاقتصادي للدولة، مع تعديل الأسعار نتيجة لتغيرات التضخم أو الانكماش المالي. يعكس قيمة جميع السلع والخدمات المنتجة داخل حدود الدولة خلال فترة زمنية محددة، معبرًا عنها بأسعار ثابتة لتقديم تمثيل أكثر دقة للنمو الاقتصادي من خلال استبعاد تأثير التغيرات في مستوى الأسعار. يُعتبر الناتج المحلي الإجمالي الحقيقي مؤشرًا رئيسيًا للمقارنة بين الأداء الاقتصادي على عبر الزمن أو بين الدول","Hydrocarbon","الناتج المحلي الإجمالي الحقيقي - القطاع الهيدروكربوني","bn0.0000","658.34","2021","937.02","2030"
"460f934c-befd-4e05-1b9f-08dd8d315072","e537cbfa-5902-4be1-7c76-08dd8d3130ae","Non-Hydrocarbon","الناتج المحلي الإجمالي الحقيقي - القطاع غير الهيدروكربوني","Real GDP (Real Gross Domestic Product) measures the total economic output of a country, adjusted for price changes due to inflation or deflation. It reflects the value of all goods and services produced within a country's borders in a specific time period, expressed in constant prices to provide a more accurate representation of economic growth by excluding the effects of price level changes. Real GDP is a key indicator for comparing economic performance over time or across countries","يقيس الناتج المحلي الإجمالي الحقيقي إجمالي الإنتاج الاقتصادي للدولة، مع تعديل الأسعار نتيجة لتغيرات التضخم أو الانكماش المالي. يعكس قيمة جميع السلع والخدمات المنتجة داخل حدود الدولة خلال فترة زمنية محددة، معبرًا عنها بأسعار ثابتة لتقديم تمثيل أكثر دقة للنمو الاقتصادي من خلال استبعاد تأثير التغيرات في مستوى الأسعار. يُعتبر الناتج المحلي الإجمالي الحقيقي مؤشرًا رئيسيًا للمقارنة بين الأداء الاقتصادي على عبر الزمن أو بين الدول","Non-Hydrocarbon","الناتج المحلي الإجمالي الحقيقي - القطاع غير الهيدروكربوني","bn0.0000","","","",""
"921ce5c1-51f8-4c8a-1ba0-08dd8d315072","e537cbfa-5902-4be1-7c76-08dd8d3130ae","Real GDP","الناتج المحلي الإجمالي الحقيقي","Real GDP (Real Gross Domestic Product) measures the total economic output of a country, adjusted for price changes due to inflation or deflation. It reflects the value of all goods and services produced within a country's borders in a specific time period, expressed in constant prices to provide a more accurate representation of economic growth by excluding the effects of price level changes. Real GDP is a key indicator for comparing economic performance over time or across countries","يقيس الناتج المحلي الإجمالي الحقيقي إجمالي الإنتاج الاقتصادي للدولة، مع تعديل الأسعار نتيجة لتغيرات التضخم أو الانكماش المالي. يعكس قيمة جميع السلع والخدمات المنتجة داخل حدود الدولة خلال فترة زمنية محددة، معبرًا عنها بأسعار ثابتة لتقديم تمثيل أكثر دقة للنمو الاقتصادي من خلال استبعاد تأثير التغيرات في مستوى الأسعار. يُعتبر الناتج المحلي الإجمالي الحقيقي مؤشرًا رئيسيًا للمقارنة بين الأداء الاقتصادي على عبر الزمن أو بين الدول","Real GDP","الناتج المحلي الإجمالي الحقيقي","bn0.0000","","","",""
"6e566915-9427-4427-3fa8-08dd8f9441f4","47ddf8d8-71d4-4f57-4a6f-08dd8f83b962","Moody's Rating","تصنيف مودي","Moody's credit rating agency has upgraded Qatar's credit rating to AA2 and revised its outlook to stable. Additionally, Qatar’s credit rating has also been elevated by Fitch to (AA) from (-AA). The upgrade reflects the improvement in Qatar's financial metrics from 2021 to 2024.","رفعت وكالة مودي التصنيف الائتماني لدولة قطر إلى (AA2) مع نظرة مستقبلية مستقرة           ، فيما رفعت وكالة فيتش التصنيف الائتماني لدولة قطر من (AA-) إلى (AA). ويعكس هذا التحسن في المقاييس المالية المحققة من 2021 إلى 2024.","Moody's Rating","تصنيف مودي","0.0","{""en"":""Aa3"",""ar"":""Aa3""}","2022","{""en"":""Aa1"",""ar"":""Aa1""}","2030"
"c3839297-487c-4737-3fa9-08dd8f9441f4","47ddf8d8-71d4-4f57-4a6f-08dd8f83b962","S&P Rating","تصنيف ستاندرد و بورز","-","-","S&P Rating","تصنيف ستاندرد و بورز","0.0","{""en"":""AA"",""ar"":""AA""}","2022","{""en"":""AA+"",""ar"":""AA+""}","2030"
"45740834-bc0f-405b-3faa-08dd8f9441f4","47ddf8d8-71d4-4f57-4a6f-08dd8f83b962","Fitch Rating","تصنيف فيتش","-","-","Fitch Rating","تصنيف فيتش","0.0","{""en"":""AA-"",""ar"":""AA-""}","2022","{""en"":""AA+"",""ar"":""AA+""}","2030"
"b65d3ee2-cd29-49ae-3fab-08dd8f9441f4","7402f9d2-0a2d-4ca5-fc27-08dd8f984037","Number of Jobs in the Sector","عدد الوظائف في القطاع","The Number of Jobs refers to the total employment within industries involved in the movement, storage, and distribution of goods and services. This includes jobs in logistics, warehousing, air, sea, rail, and road transport services. Monitoring job numbers in this sector helps evaluate its contribution to employment, economic activity, and the broader workforce's skill development","<p>يُشير مؤشر عدد الوظائف في إلى إجمالي الوظائف داخل الصناعات المعنية بحركة وتخزين وتوزيع السلع والخدمات   ، ويشمل ذلك الوظائف في اللوجستيات   ، والتخزين   ، وخدمات النقل الجوي   ، والبحري   ، والسكك الحديدية   ، والنقل البري. يساعد تتبع أعداد الوظائف في هذا القطاع في تقييم مساهمته في التوظيف في الدولة   ، والنشاط الاقتصادي   ، وتطوير مهارات القوى العاملة بشكل عام</p>","Number of Jobs in the Sector","عدد الوظائف في القطاع","0.0","5.19","2020","14","2030"
"3a2b916e-5f8d-4f51-fb8e-08dda1ad975b","6548a6f6-6364-4d4a-253e-08dd9d08390b","test2","تست2","test2","تست2","test3","test3","0.0","0","","10","2030"
"a227940d-a306-4044-ebc4-08ddf99d46f8","37c65254-6ebb-4e9e-b3e8-08ddf993df51","Global Innovation Index Rank","ترتيب دولة قطر في مؤشر الابتكار العالمي","<p>The Global Innovation Index (GII) issued by World Intellectual Property Organization (WIPO). GII is an annual ranking of world economies based on their innovation capacities and results. It evaluates performance through inputs such as institutions, human capital, and infrastructure, and outputs such as knowledge, technology, and creative goods.</p>","<p>مؤشر الابتكار العالمي (GII) هو تصنيف تصدره المنظمة العالمية للملكية الفكرية (الويبو).وهو مؤشر سنوي يقيس اقتصادات العالم وفقًا لقدراتها ونتائجها في مجال الابتكار             ،عبر مدخلات تشمل المؤسسات ورأس المال البشري والبنية التحتية             ،ومخرجات تشمل المعرفة والتكنولوجيا والمنتجات الإبداعية.</p>","Global Innovation Index","مؤشر الابتكار العالمي","00","","","30","2030"
"06f6db39-e0b4-492c-2b13-08de1c61bc02","66301292-5e7b-4ca9-17af-08de1c613209","Global Innovation Index Rank","تصنيف مؤشر الابتكار العالمي","<p>NA</p>","<p>NA</p>","Global Innovation Index Rank","تصنيف مؤشر الابتكار العالمي","00","","","",""
"e3986e14-896d-45f6-b8b8-08ff80aa1db7","c09f2fa8-e9ea-4fc8-b1bf-1e45f06899e4","Annual write-off rate-2","Annual write-off rate-2","net loan losses written off/gross loan portfolio.","net loan losses written off/gross loan portfolio.","Annual write-off rate-2","Annual write-off rate-2","0","","","",""
"d9d558a4-a65f-4134-810b-094da8b7156f","067166b3-cac7-4c42-91a7-e25e7bf4d9e4","Industrial Investor Portal - Completion (%)","Industrial Investor Portal - Completion (%)","-","-","Industrial Investor Portal - Completion (%)","Industrial Investor Portal - Completion (%)","0","","2023","",""
"febcd603-00b4-4779-b051-096dba30cba1","4fe7e09d-e927-4b91-9e7e-fdd0c8b11c18","In-Destination Spend","إنفاق السائح","-","-","In-Destination Spend","إنفاق السائح","0","10","2021","34","2030"
"f6a52d05-c37f-4911-b619-0a0d206cdf35","481b0ca4-e2d5-4404-b795-4b629cb8f660","Number of Investor Leads-1","Number of Investor Leads-1","-","-","Number of Investor Leads-1","Number of Investor Leads-1","0","","","",""
"cdc59156-4680-4191-a18a-0a0fa5cf78b4","3fda10c5-4272-4db4-9026-9210a9d7a220","Yearly growth of sector operating entities: yearly closures (%)","Yearly growth of sector operating entities: yearly closures (%)","-","-","Yearly growth of sector operating entities: yearly closures (%)","Yearly growth of sector operating entities: yearly closures (%)","0","","2023","",""
"69b7a737-2dff-4920-9b5e-0a3611c57654","cc4a9932-28ff-42bc-a48c-bc4f482a7049","Expected GDP Impact in 2024-1","تأثير الناتج المحلي الإجمالي المتوقع في عام 2024-8","-","-","Expected GDP Impact in 2024-1","تأثير الناتج المحلي الإجمالي المتوقع في عام 2024-8","0","","2023","",""
"4d048509-0a57-49ca-a7f4-0a723e402b01","61cd97c1-aa02-472b-bb04-08de0ba11ad8","Vegetables","الخضروات","<p>-</p>","<p>-</p>","Vegetables","الخضروات","0.0","{""en"":""46"",""ar"":""46""}","2022","{""en"":""55"",""ar"":""55""}","2030"
"34e7200d-0756-4694-9c31-0b156868de5d","ebb2d811-08f2-4e93-992c-c280c165c39e","Description","Description","-","-","Description","Description","0","{""en"": ""0"", ""ar"": ""0""}","2022","{""en"": """", ""ar"": """"}",""
"ff6c3f9c-8aa1-43a5-a2ad-0b18fdcc031b","4ac71979-8709-443e-87a4-33e9b1475db6","Cost of living index by Numbeo","Cost of living index by Numbeo","-","-","Cost of living index by Numbeo","Cost of living index by Numbeo","0","","","",""
"8d4e96dc-7609-434b-883d-0b1b90a77981","d46cb030-8ab8-4fd2-a072-870f15d267e4","Expected GDP Impact in 2021-5","تأثير الناتج المحلي الإجمالي المتوقع في عام 2021-5","-","-","Expected GDP Impact in 2021-5","تأثير الناتج المحلي الإجمالي المتوقع في عام 2021-5","0","","2023","",""
"d10833a3-a7ef-4298-acca-0ce304712652","5ad3caf6-bfd6-4da1-8d22-85a029a37261","Growth Rate of the Qatari Population","نسبة النمو السكاني للمواطنين القطريين (النشيطون اقتصاديا)","-","-","Growth Rate of the Qatari Population","نسبة النمو السكاني للمواطنين القطريين (النشيطون اقتصاديا)","0","3","2020","",""
"c8c30830-c2b8-4dcb-8156-0ceaa4b7c310","f40c099b-fe38-4c0c-ab6b-6f482504ba41","Others","آخرون","<p>Others</p>","<p>آخرون</p>","Others","آخرون","0.00","","","",""
"3fe5592c-1151-450f-a32e-0d153c3ea0e4","f834d328-e379-4221-a9ec-2620875ac997","Pakistan","باكستان","<p>Pakistan</p>","<p>باكستان</p>","Pakistan","باكستان","0.00","","","",""
"1c5ac65a-573e-439a-a356-0d725aff7be4","a663fa23-8949-4549-9f73-1651d1b6d59c","Net Inward FDI as % of GDP","Net Inward FDI as % of GDP","Data provided by Thad","Data provided by Thad","Net Inward FDI as % of GDP","Net Inward FDI as % of GDP","0","","2023","",""
"158bf025-b80e-4780-91d7-0d86adb359c1","9a5a8219-3aaa-48e7-ad6f-08564864d00c","Vehicles","المركبات","<p>Vehicles</p>","<p>المركبات</p>","Vehicles","المركبات","0.00","","","",""
"6ef0b6f6-1864-48d4-a035-0deb5492c5a2","5dd26c63-bd60-4054-8beb-03227d6a3480","International Programme for Student Assessment (PISA) Test Average Score","متوسط درجات اختبار البرنامج الدولي لتقييم الطلبة","-","-","International Programme for Student Assessment (PISA) Test Average Score","متوسط درجات اختبار البرنامج الدولي لتقييم الطلبة","0","","","",""
"d74e21f3-257c-4ccf-bd66-0f80cfb45220","b8850afa-e4f2-49e8-b8dd-0fc999546ee9","Domestic","البناء","<p>Domestic</p>","<p>البناء</p>","Domestic","البناء",".3","","","",""
"f24e44c8-8768-4505-b424-0fa39793af67","a92ba1f2-72d4-4eec-b5ed-868518ec620a","Private Sector Investment into the Sector","استثمار القطاع الخاص في القطاع","-","-","Private Sector Investment into the Sector","استثمار القطاع الخاص في القطاع","0","","2022","4.43","2030"
"95cde7f3-dda0-4c7e-90b9-0ff557831ae8","1ce28a27-bc22-428e-81c9-5153545dfbb2","ROI (Actual Received)","ROI (Actual Received) - (QAR, Bn)-1","-","-","ROI (Actual Received)","ROI (Actual Received) - (QAR, Bn)-1","0","0","2023","",""
"6f9b4c61-1a2f-4110-84ca-0ffc9ab0a197","aca9bf5c-deb3-4a6c-be5b-6e17aeb860ce","Number of Jobs Created-1","Number of Jobs Created-1","-","-","Number of Jobs Created-1","Number of Jobs Created-1","0","","","",""
"bcb1513a-d4e3-4ae1-b33c-106c6902dde3","8908b560-2bc1-433e-8789-6c8e861f6535","Number of Qataris with TVET Degrees","عدد القطريين الحاصلين على شهادة تعليم وتدريب تقني ومهني (TVET)","-","-","Number of Qataris with TVET Degrees","عدد القطريين الحاصلين على شهادة تعليم وتدريب تقني ومهني (TVET)","0","","","",""
"e6f06010-3c0e-4f9a-8f34-1142c8282eec","61cd97c1-aa02-472b-bb04-08de0ba11ad8","Red Meat","اللحوم الحمراء","<p>-</p>","<p>-</p>","Red Meat","اللحوم الحمراء","0.0","{""en"":""18"",""ar"":""18""}","2022","{""en"":""18"",""ar"":""18""}","2030"
"5161dca8-65fd-47d5-b80a-1179b4576399","46f92d91-00e9-450b-8a7d-a55c68cfaf52","Contribution to GDP (QAR, bn)","Contribution to GDP (QAR, bn)","-","-","Contribution to GDP (QAR, bn)","Contribution to GDP (QAR, bn)","0","","2020","",""
"9759d2e3-0352-4f93-b8f3-13f5ef15f710","ed3fff4e-a640-48d8-90d8-eac6a620ffd6","Import Cost","تكلفة الاستيراد","-","-","Import Cost","تكلفة الاستيراد","0","3086","2019","2160","2030"
"aa098168-8ca1-4b43-ab36-143a2229b4d9","341f5b01-00a9-40cf-981f-d2d58a393d6a","Expected GDP Impact in 2024-4","تأثير الناتج المحلي الإجمالي المتوقع في عام 2024-6","-","-","Expected GDP Impact in 2024-4","تأثير الناتج المحلي الإجمالي المتوقع في عام 2024-6","0","","2023","",""
"421a84fd-9cf0-47bc-96ae-147be557650c","50df01f3-d291-4a94-bd6f-8087df24aa8a","Share of Students Who Have Completed University Education As a Percentage of Total Post-Secondary Students - Qatari","نسبة الطلبة الذين أكملوا التعليم الجامعي كنسبة من إجمالي طلبة ما بعد المرحلة الثانوية - قطريين","-","-","Share of Students Who Have Completed University Education As a Percentage of Total Post-Secondary Students - Qatari","نسبة الطلبة الذين أكملوا التعليم الجامعي كنسبة من إجمالي طلبة ما بعد المرحلة الثانوية - قطريين","0","59","2021","","2024"
"c8d5e2b6-8e27-42ab-8021-1508f10bc58f","92e13384-3310-4618-9267-54590861d9b8","Percentage of completion of the implementation of the initiatives emanating from the ADP strategy","Percentage of completion of the implementation of the initiatives emanating from the ADP strategy","-","-","Percentage of completion of the implementation of the initiatives emanating from the ADP strategy","Percentage of completion of the implementation of the initiatives emanating from the ADP strategy","0","","","",""
"db2a37a3-4a3d-4842-813a-15e97326467b","cd5598a6-6ef5-45eb-9cad-793af4de85fc","Developing human cadres in the educational field","Developing human cadres in the educational field","-","-","Developing human cadres in the educational field","Developing human cadres in the educational field","0","","","",""
"4a31a92f-1443-4a87-aa67-1611eb4eb723","3bbe713b-7326-45ba-aead-43659316a7c2","Share of High-Skilled White Collar","نسبة الوظائف عالية المهارة من ذوي الياقات البيضاء","ACTIVE","ACTIVE","Share of High-Skilled White Collar","نسبة الوظائف عالية المهارة من ذوي الياقات البيضاء","0","16.6","2019","",""
"44eea25e-c65a-4b51-b406-16fa589cf118","a93deb49-8ed7-4153-989f-6165cfc351ef","Localizing educational jobs / attracting Qataris to the teaching profession","Localizing educational jobs / attracting Qataris to the teaching profession","-","-","Localizing educational jobs / attracting Qataris to the teaching profession","Localizing educational jobs / attracting Qataris to the teaching profession","0","","","",""
"6388eb3c-6665-41ef-90a9-1739af3f307d","748bc532-9218-4ed2-bb05-08de0ba11ad8","Oil","زيت الطعام","<p>-</p>","<p>-</p>","Oil","زيت الطعام","0.0","{""en"":""3"",""ar"":""3""}","2023","",""
"082dd445-5662-4931-8631-17547c4d3d80","eae5aa30-a5e6-4d0c-8d1a-341554b4bd64","Share of Beds in Semi-Public Hospitals","نسبة الأسرة في مستشفيات القطاع شبه حكومي","<p>-</p>","<p>-</p>","Share of Beds in Semi-Public Hospitals","نسبة الأسرة في مستشفيات القطاع شبه حكومي","0","5.3","2022","10","2030"
"244945ff-ab57-44a6-8cb0-175b5f73c0b3","9cdc12aa-31a0-4ea1-8ff5-ac0688c72401","National Budget","الموازنة العامة للدولة","<p>The Annual Budget is a financial plan that specifies estimated revenues and authorized expenditures for a government or entity over a fiscal year, guiding resource allocation and policy priorities. It is not a single indicator.</p>","<p>الموازنة العامة السنوية هي خطة مالية تحدد الإيرادات المقدرة والنفقات المعتمدة للحكومة أو الجهة خلال سنة مالية        ، وتُستخدم كأداة لتوجيه تخصيص الموارد وتحديد الأولويات السياسية. وهي ليست مؤشراً منفرداً.</p>","Total","المجموع","0","","2024","","2024"
"5a3f629f-f0aa-4b48-b53d-17b4f6d18342","a29f2b95-2ed0-4832-bc3e-9bcf5692a18d","Sector jobs - non Qataris","Sector jobs - non Qataris","-","-","Sector jobs - non Qataris","Sector jobs - non Qataris","0","","2020","",""
"212f6748-ec3f-4f7d-a966-17dcd68fcbf3","f4182665-b0ec-4a3e-a8fd-4a3070c2d653","Number of ICV-Certified companies-1","Number of ICV-Certified companies-1","-","-","Number of ICV-Certified companies-1","Number of ICV-Certified companies-1","0","","","",""
"4ac47236-797f-47e1-a211-17eb4a667e9b","6131250f-e76e-41a9-b347-7a36b8d3cb7d","USE CASE","USE CASE","-","-","Design Completion","Design Completion","0","200000","2024","500000","2024"
"309e723f-e68e-46f7-89b0-1830ebd32c3c","dfa36285-c84f-419d-8e9d-d92897df898e","Non-Hydrocarbon Government Revenue  (QAR Bn)","Non-Hydrocarbon Government Revenue  (QAR Bn)","-","-","Non-Hydrocarbon Government Revenue  (QAR Bn)","Non-Hydrocarbon Government Revenue  (QAR Bn)","0","","2023","",""
"13a4289d-fd16-4566-afa5-19463534e8e7","91c62f4b-574e-4bc2-9782-d872876e6974","Number of Languages Supported on the Visit Qatar Website and App","عدد اللغات المدعومة على موقع وتطبيق Visit Qatar","-","-","Number of Languages Supported on the Visit Qatar Website and App","عدد اللغات المدعومة على موقع وتطبيق Visit Qatar","0","0","2023","",""
"9ae0170b-9ad1-4530-82a5-1993d1235aa9","4e923d8d-220e-4f8a-afb8-b073c9f6fb67","Investments into the Sector","الاستثمار في القطاع","<p>-</p>","<p>-</p>","Investments into the Sector","الاستثمار في القطاع","0.00","2.1","2021","2.75","2030"
"688ca92c-03f7-46a6-b185-1a51d3ccc3c7","9220070d-11ed-44bf-a68f-ccda8cc7f780","Greenhouse Gas Emissions","انبعاثات الغازات الدفيئة","<p>Greenhouse Gas Emissions refers to the total emissions of greenhouse gases (GHG), expressed in metric tons (MT) of CO2 equivalent (CO2e). The indicator shall consider the global warming potential (GWP) of the following GHGs: carbon dioxide (CO2), methane (CH4), and nitrous oxide (N2O), perfluorocarbons (PFCs), hydrofluorocarbons (HFCs), sulphur hexafluoride (SF6) and nitrogen trifluoride (NF3).</p>","<p>الانبعاثات الغازية الدفيئة تشير إلى إجمالي انبعاثات غازات الدفيئة        ، ويتم التعبير عنها بوحدة الأطنان المترية من مكافئ ثاني أكسيد الكربون (CO2e). يأخذ هذا المؤشر في الاعتبار القدرة على التسبب في الاحتباس الحراري (GWP) للغازات التالية: ثاني أكسيد الكربون (CO2)        ، الميثان (CH4)        ، أكسيد النيتروز (N2O)        ، مركبات الكربون المشبعة بالفلور (PFCs)        ، مركبات الهيدروفلوروكربون (HFCs)        ، سداسي فلوريد الكبريت (SF6)        ، وثلاثي فلوريد النيتروجين (NF3).</p>","Actual Performance","الأداء الفعلي","0.0","114.8","2019","86.1","2030"
"6de16238-0dc0-453c-8099-1a7094d9ce84","f4a555df-92c1-417f-89b6-557d9cb7cfd0","Sector Jobs - Qataris","Sector Jobs - Qataris","-","-","Sector Jobs - Qataris","Sector Jobs - Qataris","0","","2020","",""
"0fded7d6-5461-4266-a7c5-1afbeb561142","748bc532-9218-4ed2-bb05-08de0ba11ad8","Onions","البصل","<p>-</p>","<p>-</p>","Onions","البصل","0.0","{""en"":""1"",""ar"":""1""}","2022","",""
"d1eaa7d0-f7c7-4bb6-8190-1b552ffbb20f","bd4ccc92-f8f9-41ed-ac98-f3ce9196bce1","- Of which are foreign-4","الاستثمارات  الرأسمالية  CAPEX الأجنبية (مليون ر.ق.)-1","-","-","- Of which are foreign-4","الاستثمارات  الرأسمالية  CAPEX الأجنبية (مليون ر.ق.)-1","0","","","",""
"256d27b9-00d4-4b31-a430-1d893690a3d9","63eaf2c5-952e-4eca-9b1d-aea65c65e92e","A road map linking the free zones and all ports","خارطة طرق تربط بين المناطق الحرة وجميع المنافذ","A map of the roads linking the ports and free zones with details of distances and times that the carrier can use as inferences to shorten the distance and time in the shipping process.","خارطة للطرق الرابطة بين المنافذ والمناطق الحرة بتفاصيل المسافات والأوقات يستطيع الناقل الاستدلال بها لاختصار المسافة والوقت في عملية الشحن ","A road map linking the free zones and all ports","خارطة طرق تربط بين المناطق الحرة وجميع المنافذ","0","0","2024","1","2030"
"0a922ab8-e890-408b-8f9d-1dd732a5047b","61cd97c1-aa02-472b-bb04-08de0ba11ad8","Chicken (Fresh & Frozen)","الدواجن - الطازجة و المجمدة","<p>-</p>","<p>-</p>","Chicken (Fresh & Frozen)","الدواجن - الطازجة و المجمدة","0.0","{""en"":""100"",""ar"":""100""}","2023","",""
"d8e1a154-970d-4cde-a605-1df7aca50283","4672641a-3356-4fad-94cb-092521ec071a","Non-energy","Non-energy","<p>Non-energy</p>","<p>غير طاقي</p>","Non-energy","غير طاقي","0.00","","","",""
"f3d4829d-6ba7-4197-a514-1e3f67508412","748bc532-9218-4ed2-bb05-08de0ba11ad8","Wheat","القمح","<p>-</p>","<p>-</p>","Wheat","القمح","0.0","","","",""
"da33cde5-8b69-46cf-be37-1e932618ada8","293496ae-5d13-4139-83a1-4d833396793b","Share of Qatari Teachers","نسبة المعلمين القطريين","<p>-</p>","<p>-</p>","Share of Qatari Teachers","نسبة المعلمين القطريين","0","29","2021","50","2024"
"f8dc7eae-77cd-4aa4-970b-1eac8a4e71ec","921f9e0c-0001-4655-b7bd-b1298dc52c05","Labor Productivity Growth in Non-Hydrocarbon Sectors","نمو إنتاجية العاملين في القطاعات غير الهيدروكربونية","<p>Labor Productivity Growth in Non-Hydrocarbon Sectors (%) measures the quarterly/ yearly percentage change in gross value added (GVA) per employee within sectors excluding hydrocarbons. It is determined by subtracting the GVA from hydrocarbon sectors classified under ISIC 06 (Extraction of crude petroleum and natural gas) from the total GVA of all sectors.</p>","<p>يقيس نمو إنتاجية العاملين في القطاعات غير الهيدروكربونية (%) التغير الفصلي أو السنوي في نسبة القيمة المضافة الإجمالية (GVA) إلى عدد العاملين ضمن القطاعات غير المرتبطة بالهيدروكربونات. ويتم احتسابه من خلال طرح القيمة المضافة للقطاع الهيدروكربوني المصنف ضمن ISIC 06 (استخراج النفط الخام والغاز الطبيعي) من إجمالي القيمة المضافة لجميع القطاعات.</p>","Labor Productivity Growth in Non-Hydrocarbon Sectors","نمو إنتاجية العاملين في القطاعات غير الهيدروكربونية","0","-2.5","2021","2.01","2030"
"bbfb2960-e6e5-434b-8bde-1eb38b111d26","9940aaee-42c1-4e00-ad2f-f04e2607cc35","Percentage of Transit on Stop-overs","نسبة السياح (الإقامة القصيرة) من إجمالي ركاب الترانزيت","-","-","Percentage of Transit on Stop-overs","نسبة السياح (الإقامة القصيرة) من إجمالي ركاب الترانزيت","0","","","",""
"d607964c-e05c-4067-a801-1ec7265c5dcd","fb30a185-ce04-49f9-aebf-0970ee873d66","Total Capital Investments CAPEX (QAR, m)-2","الاستثمارات الرأسمالية  CAPEX الإجمالية (مليون ر.ق.)-1","-","-","Total Capital Investments CAPEX (QAR, m)-2","الاستثمارات الرأسمالية  CAPEX الإجمالية (مليون ر.ق.)-1","0","","","",""
"6363cd50-dddf-4be5-960c-1f6348245281","0dc2cdd8-6ce8-4d56-8749-c8c645810616","Total Investments (QAR, m)-1","الاستثمارات الإجمالية (مليون ر.ق.)-2","-","-","Total Investments (QAR, m)-1","الاستثمارات الإجمالية (مليون ر.ق.)-2","0","","2023","",""
"3012b24f-db07-4218-b701-208890589363","9f1b0ba8-2225-4f3e-973f-a5cf045627a9","Total Vessels","إجمالي السفن","<p>The index measures the monthly number of ship arrivals or transit calls through the Strait of Hormuz, disaggregated by vessel type. The indicator tracks the intensity of maritime traffic through the chokepoint and helps identify disruptions in shipping activity.<br><strong>Tanker vessels</strong> are the most strategically important for Qatar, as they transport most of the country’s energy and liquid/gaseous export flows, including LNG-related cargoes, petroleum products, and chemical shipments.<br><strong>Dry bulk vessels</strong> are also important for Qatar’s industrial and food-security-related exports, particularly Sulphur and fertilizer cargoes. Container and general cargo vessels capture more diversified trade flows, including industrial inputs, polymers, aluminum products, equipment, and specialized cargo.<br><strong>Roll-on/roll-off (Ro-Ro) vessels </strong>primarily reflect vehicle and heavy-equipment transport and are less directly linked to Qatar’s core export commodities.<br>&nbsp;</p>","<p>يقيس المؤشر العدد الشهري لوصول السفن أو عمليات العبور عبر مضيق هرمز    ، مصنفًا وفقًا لنوع السفن. ويُستخدم المؤشر لتتبع كثافة حركة الملاحة البحرية عبر هذا الممر البحري الحيوي    ، والمساعدة في تحديد الاضطرابات التي تؤثر على نشاط الشحن البحري.<br>وتُعد <strong>ناقلات النفط</strong> الأكثر أهمية من الناحية الاستراتيجية بالنسبة لدولة قطر    ، نظرًا لأنها تنقل الجزء الأكبر من صادرات الدولة من الطاقة والشحنات السائلة والغازية    ، بما في ذلك شحنات الغاز الطبيعي المسال    ، والمنتجات البترولية    ، والمواد الكيميائية.<br>كما تكتسب <strong>سفن البضائع السائبة الجافة</strong> أهمية بالنسبة للصادرات القطرية المرتبطة بالقطاع الصناعي والأمن الغذائي    ، لا سيما شحنات الكبريت والأسمدة. أما سفن الحاويات وسفن البضائع العامة    ، فتعكس تدفقات تجارية أكثر تنوعًا تشمل المدخلات الصناعية    ، والبوليمرات    ، ومنتجات الألومنيوم    ، والمعدات    ، والشحنات المتخصصة.<br>في المقابل    ، ترتبط<strong> سفن نقل المركبات والمعدات ""رورو""</strong> بصورة رئيسية بنقل المركبات والمعدات الثقيلة    ، وتُعد أقل ارتباطًا بالصادرات القطرية الأساسية.<br>&nbsp;</p>","Total Vessels","إجمالي السفن","","","","",""
"98c06146-376f-438d-b5a0-22840c2831de","506e331e-3360-4ee8-bf67-968c2b70e423","Datsets-2","Datsets-1","-","-","Datsets-2","Datsets-1","0","","","",""
"2a3c6334-4107-4bec-8dab-229cb0be7772","f834d328-e379-4221-a9ec-2620875ac997","Italy","إيطاليا","<p>Italy</p>","<p>إيطاليا</p>","Italy","إيطاليا","0.00","","","",""
"87e91e90-5e1a-45af-86a7-231448f4a3df","1de97dd5-25aa-4bed-b4d7-4fbd3a3dd84b","Cost of living index by World Data","Cost of living index by World Data","-","-","Cost of living index by World Data","Cost of living index by World Data","0","","","",""
"06da41d7-805a-46e7-8609-232fc1e37f3e","46ed8339-423d-4d7b-96e6-5c2e392967d9","Number of Staff-2","عدد الموظفين-1","-","-","Number of Staff-2","عدد الموظفين-1","0","","","",""
"1b83941b-03bb-4d4f-8ccb-238c37092a1f","7b2a03fc-c511-4c11-b6aa-bd77ce3b4ea2","Tanker","ناقلات","<p>Tanker</p>","<p>ناقلات</p>","Tanker","ناقلات","","","","",""
"e6c72078-9646-4c2d-ad22-23b7190548ea","5070edbf-aae7-41d4-967b-34b2f7f446a6","Total Exports 22/09","Total Exports 22/09","-","-","Total Exports 22/09","Total Exports 22/09","0","335.05","2019","",""
"d4fef1c2-03fe-45c9-b220-23c35c1819a2","a11b07ab-b0fb-4043-8b5c-5ad6272935ad","CPI: recreation and culture (%)","CPI: recreation and culture (%)","-","-","CPI: recreation and culture (%)","CPI: recreation and culture (%)","0","","","",""
"b2eb3095-34fa-4a26-b924-23d9b3b65ded","55f354bd-3861-430c-b907-250224a1d995","Total Budget","إجمالي الموازنة","<p style=""text-align:justify;"">This indicator shows how the total approved government budget is distributed across key spending sectors — Health, Social Services, Transportation, Telecommunications, and Research &amp; Development and Innovation — alongside the aggregate total. It reveals the government's strategic investment priorities and whether public resources are directed toward sectors that support long-term development and economic diversification. Measured in QR Billion annually, with the 2026 total at QR 220.8 billion.</p>","<p style=""text-align:justify;"">يظهر هذا المؤشر كيف يتم توزيع إجمالي الميزانية الحكومية المعتمدة على قطاعات الإنفاق الرئيسية — الصحة     ، الخدمات الاجتماعية     ، النقل     ، الاتصالات     ، البحث والتطوير والابتكار — إلى جانب الإجمالي الإجمالي. يكشف عن أولويات الحكومة الاستراتيجية الاستثمارية وما إذا كانت الموارد العامة موجهة نحو قطاعات تدعم التنمية طويلة الأمد والتنويع الاقتصادي. يقاس بمليار ريال قطري سنويا     ، مع إجمالي 220.8 مليار ريال قطري لعام 2026.</p>","Total Budget","إجمالي الموازنة",".1","","","",""
"726f828f-e7d9-4c06-92bb-24995491e4e4","9ce802fa-4c8f-4ad4-8c12-10af308b477a","Share of Qataris in the population (%)","حصة القطريين في السكان بالنسبة المئوية","-","-","Share of Qataris in the population (%)","حصة القطريين في السكان بالنسبة المئوية","0","8","2022","",""
"035f5056-9030-4f34-b49d-24c018afe8b0","b986244e-f9b6-4e22-ab4b-b13601493b7b","Share of Licensed Doctors Employed in Private Sector","نسبة الأطباء المرخصين العاملين بالقطاع الخاص","-","-","Share of Licensed Doctors Employed in Private Sector","نسبة الأطباء المرخصين العاملين بالقطاع الخاص","0","","","",""
"74d2dd0a-a3fb-4b8d-9ee7-252d1d321a91","86594479-99ef-41d1-a94d-86da7ed9fb53","Gross Value Added GVA (QAR, m)-1","القيمة المضافة الإجمالية GVA الإجمالية (مليون ر.ق.)-2","-","-","Gross Value Added GVA (QAR, m)-1","القيمة المضافة الإجمالية GVA الإجمالية (مليون ر.ق.)-2","0","","","",""
"bf09099b-364e-4ca9-bd38-253580268da9","80806c6e-efe6-4ec6-90b6-38d3fb904a7e","Cost per Student (K-12 Public Schools)","تكلفة الطالب في المدارس الحكومية (رياض الأطفال – المرحلة الثانوية)","-","-","Cost per Student (K-12 Public Schools)","تكلفة الطالب في المدارس الحكومية (رياض الأطفال – المرحلة الثانوية)","0","104.023","2021","","2024"
"2e69c157-b5ae-4e64-8ae3-254a74b98033","748bc532-9218-4ed2-bb05-08de0ba11ad8","Frozen Meat","اللحوم المجمدة","<p>-</p>","<p>-</p>","Frozen Meat","اللحوم المجمدة","0.0","{""en"":""2"",""ar"":""2""}","2022","",""
"2aecae85-7518-4393-8686-25ab543a60d0","7c3ab28c-a066-47a5-914b-26861ea54161","Agriculture","الزراعة","<p>&nbsp;Agriculture</p>","<p>الزراعة</p>","Agriculture","الزراعة",".00","","","",""
"bcdb56d6-5cbb-4a01-8ead-25f3d401fb69","1431ac7f-fe88-4900-ba82-1beef8998af1","Test indicator for unscheduled acceptance","Test indicator for unscheduled acceptance","-","-","Test indicator for unscheduled acceptance","Test indicator for unscheduled acceptance","0","","","",""
"2a8d888f-1ad6-47f6-bf72-260e10c0c29a","9fa7d4bf-61ac-49a3-fd53-08dd8ca66f9c","Cost of Living - Housing and Utilities","تكلفة المعيشة - السكن والمرافق","<p>A statistical measure of changes in the prices of a fixed market basket consists of goods and services</p>","<p>يُعد مؤشر تكلفة المعيشة مقياس إحصائي للتغيرات في أسعار سلة أسهم السوق من السلع والخدمات</p>","Housing and Utilities","السكن والمياه والكهرباء والغاز وأنواع الوقود الأخرى","0.00","96.04","2020","97.9608","2030"
"1d5dbc20-8c16-487a-92bb-2624a3771e87","004a4718-2f4c-4fb5-ad89-ec73d6f2bcd3","Employment in the Sector for Non-Qataris","Employment in the Sector for Non-Qataris","-","-","Employment in the Sector for Non-Qataris","Employment in the Sector for Non-Qataris","0","","","",""
"88b24096-0c6c-4ff2-8933-267ba912c52a","b8850afa-e4f2-49e8-b8dd-0fc999546ee9","Absolute Debt Level","مستوى الدين المطلق","<p><span style=""font-size:10.0pt;"">This indicator breaks down Qatar's total outstanding public debt into domestic debt — bonds, sukuk, and loans from local markets — and external debt — sovereign bonds and loans from foreign creditors. The split matters because external debt introduces foreign currency exposure, while domestic debt is more insulated from exchange rate risk. A near-even split indicates a broadly balanced portfolio</span></p>","<p><span style=""font-size:10.0pt;"">يقسم هذا المؤشر إجمالي الدين العام القائم لقطر إلى ديون داخلية — سندات  ، صكوك  ، وقروض من الأسواق المحلية — ودين خارجي — سندات سيادية وقروض من دائنين أجانب. الانقسام مهم لأن الدين الخارجي يدخل التعرض للعملة الأجنبية  ، بينما الدين المحلي أكثر حماية من مخاطر سعر الصرف. يشير الانقسام شبه المتساوي إلى محفظة متوازنة بشكل عام</span></p>","Absolute Debt Level","مستوى الدين المطلق",".3","","","",""
"bd8147d3-1dde-4fbb-92c3-26ef975f3780","9a5a8219-3aaa-48e7-ad6f-08564864d00c","Helium/Gases","الهيليوم/الغازات","<p>Helium/Gases</p>","<p>الهيليوم/الغازات</p>","Helium/Gases","الهيليوم/الغازات","0.00","","","",""
"00a6a691-1295-4221-ab04-26fed2951cc6","b596bac5-0dc8-4dec-91b1-08dd8c9b1913","Trade Balance (Goods & Services)","الميزان التجاري (السلع والخدمات)","The Trade Balance is the difference between the value of a country's exports and imports over a specific period","ميزان التجارة هو الفارق بين قيمة صادرات الدولة ووارداتها خلال فترة زمنية محددة","Trade Balance","الميزان التجاري","bn0.0","92.01","2019","","2024"
"dfc93235-09d0-416f-a8ae-2774eea7fdc3","b0583f71-1f8d-4a75-a4b6-69fd0f3f7329","Number of Granted Incentives-2","صفقات حوافز تحت المراجعة والتقييم-2","-","-","Number of Granted Incentives-2","صفقات حوافز تحت المراجعة والتقييم-2","0","","","",""
"22a0b21e-3e4f-487a-8012-27a976db94f2","7556d829-35c1-4fae-8166-b577e483c0b5","Number of Business Travellers for MICE (K)","عدد المسافرين من رجال الأعمال لحضور الاجتماعات والحوافز والمؤتمرات والمعارض (بالآلاف)","-","-","Number of Business Travellers for MICE (K)","عدد المسافرين من رجال الأعمال لحضور الاجتماعات والحوافز والمؤتمرات والمعارض (بالآلاف)","0","","2023","",""
"bad70983-9d6a-4bc6-9fe8-27c001cc8c35","7b2a03fc-c511-4c11-b6aa-bd77ce3b4ea2","Container","سفن الحاويات","<p>Container</p>","<p>سفن الحاويات</p>","Container","سفن الحاويات","","","","",""
"a786ebf2-ecff-4d21-8c4d-28185fe8c0a8","37e24b4d-e4a8-4f29-b967-0164a184bc76","Hydrocarbon Sectors Contribution to GDP (QAR, bn)","Hydrocarbon Sectors Contribution to GDP (QAR, bn)","-","-","Hydrocarbon Sectors Contribution to GDP (QAR, bn)","Hydrocarbon Sectors Contribution to GDP (QAR, bn)","0","","2023","",""
"7ced5f44-b620-4961-acc2-28216222dd41","7d9d0822-a58e-422c-964a-40ce5836e462","Number of Companies Registered in the Stock Exchange-2","عدد الشركات المدرجة في البورصة-2","-","-","Number of Companies Registered in the Stock Exchange-2","عدد الشركات المدرجة في البورصة-2","0","","","",""
"c6e30d1f-837d-4265-983f-28a2ebe08dd7","9a5a8219-3aaa-48e7-ad6f-08564864d00c","Sulfur","الكبريت","<p>Sulfur</p>","<p>الكبريت</p>","Sulfur","الكبريت","0.00","","","",""
"925c1174-6bac-4d85-9812-28bdf943635f","93032528-4506-4bf2-b118-1bab8728ce09","Global Merchandise Trade Growth","النمو السنوي لتجارة السلع","<p>This economic indicator measures the annual change in the volume and value of goods traded globally across international markets. It reflects the performance of global trade activity and supply chains and is influenced by factors such as economic growth, energy prices, geopolitical tensions, shipping costs, and global demand. The indicator is particularly sensitive to disruptions in strategic trade routes such as the Strait of Hormuz. It also shows whether the real flow of traded goods worldwide is growing or slowing, excluding the effect of inflation.</p>","<p>يقيس هذا المؤشر الاقتصادي التغير السنوي في حجم وقيمة السلع المتداولة عالميًا في الأسواق الدولية. ويعكس أداء النشاط التجاري العالمي وسلاسل الإمداد          ، كما يتأثر بعوامل متعددة مثل النمو الاقتصادي          ، وأسعار الطاقة          ، والتوترات الجيوسياسية          ، وتكاليف الشحن          ، والطلب العالمي. ويتأثر هذا المؤشر بشكل خاص بالاضطرابات التي تشهدها الممرات التجارية الاستراتيجية ومن أهمها مضيق هرمز. كما يبين هذا المؤشر النمو أو التباطؤ الذي يشهده التدفق الحقيقي للسلع المتداولة عالميًا باستثناء تأثير التضخم.</p>","Annual Merchandise Trade Growth","النمو السنوي لتجارة السلع",".00","","","",""
"a4e67b3d-0f63-4852-a496-292c27aea722","5d3c4de2-2bae-4adb-aed9-6746684b0d41","The indicators associated with each of the following outputs","المؤشرات المرتبطة بكل مُخرج من المُخرجات الآتية","-","-","The indicators associated with each of the following outputs","المؤشرات المرتبطة بكل مُخرج من المُخرجات الآتية","0","","2023","",""
"332ec482-464c-4ee6-9786-2973e258c35e","d803eada-56b2-48a4-b65e-08dd8ca641ed","Liner Shipping Connectivity Index Rank","ترتيب دولة قطر في مؤشر وصولية خطوط النقل البحري المنتظم","Qatar maintained the same ranking in the third and fourth quarters of 2024, holding the 49th position in the Liner Shipping Connectivity Index (LSCI). The increase and decrease of this indicator are based on key components such as the number of shipping lines serving a country and the size of the largest vessel used in these services.","حافظت دولة قطر على الترتيب ذاته خلال الربعين الثالث والرابع من العام 2024 لتحتل المرتبة 49 في مؤشر درجة وصولية خطوط النقل البحري المنتظم. ويعتمد ارتفاع وانخفاض هذا المؤشر على مكونات رئيسية من بينها عدد خطوط الشحن التي تخدم دولة ما                        ، وحجم أكبر سفينة مستخدمة في هذه الخدمات.","Liner Shipping Connectivity Index Rank","ترتيب دولة قطر في مؤشر وصولية خطوط النقل البحري المنتظم","00","41","2021","18","2030"
"b2913365-07e2-46cb-9b46-2978911e5950","442c7b35-1587-4400-96a1-f8037107ab00","Number of Events-2","Number of Events-1","-","-","Number of Events-2","Number of Events-1","0","26","2020","",""
"2c69ecb5-3a54-42ba-b0cf-29bce5d79e1f","65692c6a-7d82-44a8-a091-1b57cebb1f70","FDI value to Qatar (QAR bn)-2","FDI value to Qatar (QAR bn)-2","-","-","FDI value to Qatar (QAR bn)-2","FDI value to Qatar (QAR bn)-2","0","","","",""
"38c8f46d-261e-4d64-bc36-2a3144141478","13262750-1a55-4af5-8b27-76570645d786","Number of Health Practitioners","عدد ممارسي مهنة الطب","<p>-</p>","<p>-</p>","Number of Health Practitioners","عدد ممارسي مهنة الطب","0","47704","2021","59733","2030"
"304a66ee-efdb-491d-9505-2b1158394d4d","4672641a-3356-4fad-94cb-092521ec071a","Agriculture","الزراعة","<p>Agriculture</p>","<p>الزراعة</p>","Agriculture","الزراعة","0.00","","","",""
"07015657-de39-4f52-a655-2b2fb17f13b1","a556ef9d-4795-4695-b2d3-25142a6a5fe4","Number of Students per Teacher in Public Schools (K-12 Public Schools)","نسبة المعلمين الى الطلبة في المدارس الحكومية (رياض الأطفال – المرحلة الثانوية)","-","-","Number of Students per Teacher in Public Schools (K-12 Public Schools)","نسبة المعلمين الى الطلبة في المدارس الحكومية (رياض الأطفال – المرحلة الثانوية)","0","9.2","2021","10","2030"
"597173ce-53ad-4461-9c6f-2c1724ccb95d","1c46d5ad-0c16-4f63-fd3c-08dd8ca66f9c","Non-Hydrocarbon Exports (share of total exports)","الصادرات غير الهيدروكربونية","Non-Hydrocarbon Exports (share of total exports) refers to the share of exports that come from non-hydrocarbon sectors (such as manufacturing, agriculture, and services) compared to the total value of all exports from a country. It measures the extent to which a nation's export activities are diversified away from the oil and gas sector, providing insight into economic diversification efforts","يُشير مصطلح الصادرات غير الهيدروكربونات إلى نسبة الصادرات التي تأتي من القطاعات غير المرتبطة بالنفط والغاز (مثل التصنيع والزراعة والخدمات الاجتماعية) مقارنةً بالقيمة الإجمالية لجميع الصادرات من الدولة. وهي تقيس مدى تنوع الأنشطة التصديرية للدولة بعيدًا عن قطاع النفط والغاز مما يبرز جهود التنوع الاقتصادي","Non-Hydrocarbon Exports (share of total exports)","الصادرات غير الهيدروكربونية","0.0","32.04","2019","","2030"
"b5ec85e0-860c-46ef-8468-2d6f6ba6867d","aa8066e4-eee6-48de-8ec7-104817e451c4","Expected GDP Impact in 2022-2","تأثير الناتج المحلي الإجمالي المتوقع في عام 2022-7","-","-","Expected GDP Impact in 2022-2","تأثير الناتج المحلي الإجمالي المتوقع في عام 2022-7","0","","2023","",""
"3098d37b-dea8-43fd-9fe4-2dad1b522894","294e812b-d86a-4b70-9246-c94f1c433d25","Number of Financing Facilities Approved and Granted-1","Number of Financing Facilities Approved and Granted-1","-","-","Number of Financing Facilities Approved and Granted-1","Number of Financing Facilities Approved and Granted-1","0","0","2023","",""
"62a4b61b-5893-4dfa-b489-2dc02c418565","b00e50d8-c84d-46ab-acbb-680cccb79980","Qatari Nationals (Economically Active)","تعداد القطريين (النشيطون اقتصاديًا)","Qatari Nationals (Economically Active)","-","Qatari Nationals (Economically Active)","تعداد القطريين (النشيطون اقتصاديًا)","0","110.354","2020","145.87","2030"
"604ea855-8ecb-43c9-b59a-2e138d386bed","e7f7820a-fa7c-47ba-91b0-08dd8c9b1913","Government Revenues - Non-Hydrocarbon","الإيرادات الحكومية غير الهيدروكربونية","Government revenue is the income a government earns from various sources to fund its expenditures, public services, and maintain economic stability.","الإيرادات الحكومية هي الدخل الذي تحصل عليه الدولة من مصادر متعددة لتمويل نفقاتها وخدماتها العامة وتحقيق الاستقرار الاقتصادي.","Non-Hydrocarbon","غير الهيدروكربونية","bn0.0","","","",""
"d4d6a6a1-aa6e-4a23-ae75-2edbb0928c4a","ed8aa4f7-1c67-48a3-ad72-03f14812e548","Total Companies-2","عدد الشركات الإجمالية-2","-","-","Total Companies-2","عدد الشركات الإجمالية-2","0","","2023","",""
"ae064f1f-68c7-4d34-b84d-2f30a4e804ce","e86c5269-0d71-427d-8fc0-d6c011373eeb","SME industrial zone expansion - Completion (%)","SME industrial zone expansion - Completion (%)","-","-","SME industrial zone expansion - Completion (%)","SME industrial zone expansion - Completion (%)","0","","","",""
"f10297fe-6447-4737-ba6c-2f5c2a19a1a5","62f05477-c2a1-48c3-b9af-f013378de3e2","CPI: food and non-alcoholic beverages (%)","CPI: food and non-alcoholic beverages (%)","-","-","CPI: food and non-alcoholic beverages (%)","CPI: food and non-alcoholic beverages (%)","0","","","",""
"70756ba8-2306-40c8-a931-2f8b03c8545c","12a08667-7e80-45dd-870b-bda55ed79c7a","Share of high-skilled labor","نسبة الوظائف عالية المهارة من إجمالي الوظائف في القطاع","-","-","Share of high-skilled labor","نسبة الوظائف عالية المهارة من إجمالي الوظائف في القطاع","0","89","2020","91","2030"
"3cb78938-1044-4e33-818c-3030218f3291","9f1b0ba8-2225-4f3e-973f-a5cf045627a9","Roll-on/Roll-off","سفن ""رورو""","<p>Roll-on/Roll-off</p>","<p>رول-أون/رول-أوف</p>","Roll-on/Roll-off","سفن ""رورو""","","","","",""
"f66bc6d5-3710-4a0c-b190-30a0a24ec8ca","2fc116fe-0271-4f4a-ba9c-08bf9daf88f1","Expected GDP Impact in 2021-1","تأثير الناتج المحلي الإجمالي المتوقع في عام 2021-9","-","-","Expected GDP Impact in 2021-1","تأثير الناتج المحلي الإجمالي المتوقع في عام 2021-9","0","","","",""
"aa6f18eb-fb13-427d-8f25-31396f6939a4","ed525c0c-3f4f-4e06-8af3-a209c9e559b6","Return on Treasury","الإيراد في خزينة الدولة","<p>Return on Treasury&nbsp;refers to the income generated from investments or financial assets held by the treasury, such as interest, dividends, or capital gains. According to international reporting standards It is normally classified under&nbsp;property income in government revenue, reflecting returns from public financial or non-financial assets.</p>","<p>يشير العائد على الخزانة إلى الدخل المتولد من الاستثمارات أو الأصول المالية التي تديرها الخزانة        ، مثل الفوائد        ، والأرباح الموزعة        ، أو المكاسب الرأسمالية. ووفقًا للمعايير الدولية للتقارير        ، يُصنّف هذا الدخل عادةً ضمن دخل الملكية في الإيرادات الحكومية        ، باعتباره عائدًا من الأصول المالية أو غير المالية العامة.</p>","Return on Treasury","الإيراد في خزينة الدولة","0.0","","2024","","2030"
"c0a02b97-1990-4048-8f90-31659e304710","585e5297-a7cd-4919-bcea-7ad79470f218","Manufacturing Projects - Completion (%)","Manufacturing Projects - Completion (%)","-","-","Manufacturing Projects - Completion (%)","Manufacturing Projects - Completion (%)","0","","","",""
"0ec79c39-af21-4985-b9ba-31716639f916","e75b5176-ff6d-4928-a920-239ac5f4c4a7","The Percentage of Goals Accomplished by Civil Service Employees","نسبة الأهداف التي أنجزها موظفو الخدمة المدنية","-","-","The Percentage of Goals Accomplished by Civil Service Employees","نسبة الأهداف التي أنجزها موظفو الخدمة المدنية","0","","","",""
"9da4bd11-a5d7-453e-9d74-3186bebfede3","6d7cf2e5-11f4-4ea7-afdf-59f5254a9592","GDP Growth Demo","GDP Growth Demo","-","-","GDP Growth Demo","GDP Growth Demo","0","","","",""
"8bff5124-fe54-48e1-9981-31b099009432","7870a7cd-a5e4-44dc-80c5-bb5282c0b8bc","Sovereign Fund Asset Size and Annual Returns","حجم أصول الصندوق السيادي والعائد الاستثماري السنوي","<p>The Qatar Investment Authority (QIA) is Qatar's sovereign wealth fund, established in 2005 to manage the state's surplus revenues and diversify its economy. 1. Assets size refers to the total market value of financial and non-financial assets the fund manages, including investments across asset classes such as equities, bonds, real estate, and private equity. 2. Annual Return on Assets refers to the gain or loss on the fund's investments over a year. It reflects the fund's effectiveness in generating income or appreciation of its managed assets, considering dividends, interest, capital gains, and other income streams.</p>","<p>جهاز قطر للاستثمار (QIA) هو صندوق الثروة السيادي لدولة قطر        ، تأسس في عام 2005 لإدارة الفوائض المالية للدولة وتنويع الاقتصاد.</p><p>1. حجم الأصول يشير إلى القيمة السوقية الإجمالية للأصول المالية وغير المالية التي يديرها الصندوق        ، بما في ذلك الاستثمارات في فئات الأصول مثل الأسهم        ، والسندات        ، والعقارات        ، ورأس المال الخاص.</p><p>2. العائد السنوي على الأصول يُشير إلى الربح أو الخسارة الناتجة عن استثمارات الصندوق خلال سنة واحدة. ويعكس مدى فعالية الصندوق في تحقيق الدخل أو زيادة قيمة الأصول المُدارة        ، مع الأخذ في الاعتبار توزيعات الأرباح        ، والفوائد        ، والأرباح الرأسمالية        ، ومصادر الدخل الأخرى.</p>","Sovereign Fund Asset Size and Annual Returns","حجم أصول الصندوق السيادي والعائد الاستثماري السنوي","0.0","","2023","750","2030"
"f7d64f8d-0448-42e9-a595-31c775a699f1","fa2881c7-9a64-4d89-90be-1504e7fcf382","The indicators associated with each of the following outputs for IP Strategy","The indicators associated with each of the following outputs for IP Strategy","-","-","The indicators associated with each of the following outputs for IP Strategy","The indicators associated with each of the following outputs for IP Strategy","0","","2023","",""
"a787f64f-4dc1-4c03-ba56-3212a81c5525","b7423a5a-03cc-43e2-a035-57ab9a8c95a8","Exports of Pharmaceuticals, Medical Devices and Consumables","الصادرات من المستحضرات الدوائية و الأجهزة و المواد الاستهلاكية الطبية","<p>-</p>","<p>-</p>","Exports of Pharmaceuticals, Medical Devices and Consumables","الصادرات من المستحضرات الدوائية و الأجهزة و المواد الاستهلاكية الطبية","0.000","0.76","2022","1.75","2030"
"c0c87cc1-40e2-489a-9e8b-324c9fdabd4b","df63f76c-d5cb-46e8-8e18-ce4a4ef661a7","Number of Agreements and MOUs-1","Number of Agreements and MOUs-1","-","-","Number of Agreements and MOUs-1","Number of Agreements and MOUs-1","0","","","",""
"b47d27b2-94ed-42fd-8fe4-3295388ce64f","c9d04624-898e-4c37-a41e-d12cdb8e1e6c","Program for International Student Assessment (PISA) Rank","ترتيب دولة قطر في مؤشر الاختبارات الدولية (PISA)","Qatar’s PISA rankings advanced from 59th in 2018 to 48th in 2022, with improvements noted in reading and science scores.","ارتفع تصنيف دولة قطر من المركز 59 في العام 2018 إلى المركز 48 في العام 2022 في مؤشر الاختبارات الدولية (PISA)     ، وهو المؤشر الذي يقيس مستوى أداء الطلاب في سن 15 عامًا في مجالات الرياضيات والقراءة والعلوم.","Program for International Student Assessment (PISA) Rank","ترتيب دولة قطر في مؤشر الاختبارات الدولية (PISA)","0","59","2018","35","2030"
"721a275f-3710-4724-be42-32b52868fedd","9a5a8219-3aaa-48e7-ad6f-08564864d00c","Crude Oil","النفط الخام","<p>Crude Oil</p>","<p>النفط الخام</p>","Crude Oil","النفط الخام","0.00","","","",""
"a12d424f-aa04-48c9-9437-32bcf048b702","748bc532-9218-4ed2-bb05-08de0ba11ad8","Dried Milk","الحليب المجفف","<p>-</p>","<p>-</p>","Dried Milk","الحليب المجفف","0.0","","","",""
"c03416c4-0833-4a21-a1bc-349a29846756","18f1ee7f-8a9a-4523-9dcb-a8e4755a5b93","Non-energy","السلع غير الطاقية","<p>Non-energy</p>","<p>السلع غير الطاقية</p>","Non-energy","السلع غير الطاقية","0.00","","","",""
"93e3cd75-869b-47a2-9574-34d1fdd68ad5","18f1ee7f-8a9a-4523-9dcb-a8e4755a5b93","Food","الغذاء","<p>Food</p>","<p>الغذاء&nbsp;</p>","Food","الغذاء","0.00","","","",""
"3b777442-9739-4bec-9950-35a4c785fa0e","61468c22-7760-407c-8ede-526158b42402","Labor Accommodation - Completion (%)","Labor Accommodation - Completion (%)","-","-","Labor Accommodation - Completion (%)","Labor Accommodation - Completion (%)","0","","2023","",""
"02433173-aa8e-4cf3-8dae-35dab4e944a3","2f65daa5-6a30-45aa-bfe8-df7eb9a176ef","AuM managed from Qatar","حجم الأصول المدارة من دولة قطر","-","-","AuM managed from Qatar","حجم الأصول المدارة من دولة قطر","0","4","2022","10","2030"
"fe95c73a-dd92-4bf4-8f46-35f4ee5825f3","7c528762-1b32-4819-a637-98038ff9ecc7","Credit Provided for Private Housing - (QAR, Bn)","Credit Provided for Private Housing - (QAR, Bn)-1","-","-","Credit Provided for Private Housing - (QAR, Bn)","Credit Provided for Private Housing - (QAR, Bn)-1","0","","","",""
"ec300c14-5dff-4f9f-8fe3-368f2c89894c","4df50ace-410b-4eda-b82f-3d9d900b018a","NPPT dataset","NPPT dataset","-","-","NPPT dataset","NPPT dataset","0","","","",""
"3560dca4-c2ec-418c-8412-36b03a68f52b","08c3ddaf-5a58-4e94-8fcb-be81e945b2ce","Germany","ألمانيا","<p>Germany</p>","<p>ألمانيا</p>","Germany","ألمانيا","0.0","","","",""
"a7ee2711-5172-4956-b138-36c5030640c3","7bbe1254-b6c1-41d8-afa5-664374b4330b","Datasets-6","Datasets-3","-","-","Datasets-6","Datasets-3","0","","","",""
"62e8d8fb-cdae-413a-94b7-37959151ba31","186ef975-a9eb-4856-b724-498c182da2b2","Consideration metric of Qatar Tourism Brand Equity tracker (%)","مقياس تعقب حقوق الملكية في السياحة القطرية (٪)","-","-","Consideration metric of Qatar Tourism Brand Equity tracker (%)","مقياس تعقب حقوق الملكية في السياحة القطرية (٪)","0","","2023","",""
"ae9aa832-162f-4c4a-a078-3798dc5c2094","629d82bb-3eeb-4eb2-9e09-e95fbfaa0a91","- Of which are foreign-1","القيمة المضافة الإجمالية GVA الأجنبية (مليون ر.ق.)-2","-","-","- Of which are foreign-1","القيمة المضافة الإجمالية GVA الأجنبية (مليون ر.ق.)-2","0","","2023","",""
"d42a9dd1-cb0b-4706-87b4-37bf9b95d32d","859cbd6c-1c4d-46ef-921f-f337b309f0de","Tourism Jobs","Tourism Jobs","-","-","Qatari Citizens","Qatari Citizens","0","","","",""
"4e5dd911-62aa-42b3-87bf-382f82a9e8bc","7ccee3d7-17bd-4171-a7ac-19365f97f5d9","- Of which are foreign-3","الاستثمارات  الرأسمالية  CAPEX الأجنبية (مليون ر.ق.)-2","-","-","- Of which are foreign-3","الاستثمارات  الرأسمالية  CAPEX الأجنبية (مليون ر.ق.)-2","0","","2023","",""
"c4d5244a-83bb-4c1e-9f6f-38c64ba04019","430b8ddc-3e5f-4281-b65e-9c877c2b6647","Number of factories with value-added industries","عدد المصانع ذات صناعات القيمة المضافة","Targeting food-related and packaging factories as well as large-scale factories such as car assembly and aircraft repair","استهداف المصانع ذات العلاقة بالأغذية وتغليفها وكذلك المصانع ذات الحجم الكبير مثل تجميع السيارات، إصلاح الطائرات","Number of factories with value-added industries","عدد المصانع ذات صناعات القيمة المضافة","0","0","2024","50","2030"
"da78f8dd-30e5-4fee-a14f-390b39238f1e","b702a135-ef05-4f35-bacf-c59380d5d28e","Share of Qatari Students Out of Total Number of Students in Public Schools (K-12)","نسبة الطلبة القطريين من إجمالي عدد الطلاب في المدارس الحكومية (رياض الأطفال – المرحلة الثانوية)","-","-","Share of Qatari Students Out of Total Number of Students in Public Schools (K-12)","نسبة الطلبة القطريين من إجمالي عدد الطلاب في المدارس الحكومية (رياض الأطفال – المرحلة الثانوية)","0","52","2020","","2024"
"a0f69070-1132-4e7b-a321-3968b20defb3","917b3b1e-6509-44b2-a696-266fdda9762e","GDP","GDP","-","-","GDP","GDP","0","","2019","",""
"b222d8ee-9fdd-4cc1-afc0-3a22a8c9a350","2e13be6d-c715-46b9-a667-516a32953d55","Expected GDP Impact in 2023-2","تأثير الناتج المحلي الإجمالي المتوقع في عام 2023-8","-","-","Expected GDP Impact in 2023-2","تأثير الناتج المحلي الإجمالي المتوقع في عام 2023-8","0","","","",""
"c0fcca9b-a3c7-48ca-83c4-3ae28007538e","6a94bf79-5225-4696-ac38-6c9fd1736fd0","Share of High Skilled Qatari","نسبة الوظائف عالية المهارة من القطريين","ACTIVE","ACTIVE","Share of High Skilled Qatari","نسبة الوظائف عالية المهارة من القطريين","0","2.2","2020","",""
"84bfc386-e94f-49df-b8b0-3aef32208df1","f40c099b-fe38-4c0c-ab6b-6f482504ba41","Switzerland","سويسرا","<p>Switzerland</p>","<p>سويسرا</p>","Switzerland","سويسرا","0.00","","","",""
"58366072-cb05-4cd7-b7d5-3bbe02293395","db041c9e-dfc7-4248-969a-e727a16b13f3","Global Competitiveness Index Rank - WEF"," ترتيب دولة قطر في مؤشر التنافسية العالمي (WEF)","Old WEF ranking replaced by IMD","Old WEF ranking replaced by IMD","Global Competitiveness Index Rank - WEF"," ترتيب دولة قطر في مؤشر التنافسية العالمي (WEF)","0","29","2019","20","2030"
"8f24964c-80f7-4fdf-bf7a-3bda75175867","5aa26781-72fa-4b93-98a8-50354363663e","Percentage of energy generated by solar","نسبة الطاقة المولدة من الطاقة الشمسية","-","-","Percentage of energy generated by solar","نسبة الطاقة المولدة من الطاقة الشمسية","0","","","",""
"69bf5204-9944-414a-bc88-3c04f6f9e120","37cd080d-bf80-4b3e-9ade-bddd8130552e","The Average Number of Newly Employed Qataris in Civil Service Annually","متوسط عدد القطريين الموظفين حديثاً في الخدمة المدنية سنوياً","-","-","The Average Number of Newly Employed Qataris in Civil Service Annually","متوسط عدد القطريين الموظفين حديثاً في الخدمة المدنية سنوياً","0","","","",""
"3ec826ce-74f6-426f-a52f-3c4c2f8a51ae","ca429fb5-7a82-4c4d-92fc-ca02affb7c5b","Expected GDP Impact in 2022-8","تأثير الناتج المحلي الإجمالي المتوقع في عام 2022-1","-","-","Expected GDP Impact in 2022-8","تأثير الناتج المحلي الإجمالي المتوقع في عام 2022-1","0","","","",""
"a5ce032f-7153-43d6-9d06-3c8a4cf3c52f","bafacc7e-f737-476e-b6ba-fd40d28b5b2c","Total Value of Corporate Bonds Issued in Qatar","إجمالي قيمة سندات الشركات التي تمّ إصدارها في دولة قطر","-","-","Total Value of Corporate Bonds Issued in Qatar","إجمالي قيمة سندات الشركات التي تمّ إصدارها في دولة قطر","0","2","2023","8","2030"
"ea8d240e-1109-4c1f-938e-3d0980bcd07c","d30ff68c-85ec-4adf-bf54-1525f241021d","- Of which are partnerships-4","عدد الشركات (الشراكات)-1","-","-","- Of which are partnerships-4","عدد الشركات (الشراكات)-1","0","","2023","",""
"aac166b8-ee0a-4a9c-9c0f-3d4cd9a22479","eb8cf7d4-9457-4481-91b9-98f568113a19","Annual write-off rate-1","Annual write-off rate-1","net loan losses written off/gross loan portfolio.","net loan losses written off/gross loan portfolio.","Annual write-off rate-1","Annual write-off rate-1","0","","2023","",""
"c8b8fee0-7909-4a7c-931c-3df889d64658","d01a3fc4-9117-43fc-8314-7fdfa7a3f440","Percentage of implementation of initiatives emanating from the PS strategy","Percentage of implementation of initiatives emanating from the PS strategy","-","-","Percentage of implementation of initiatives emanating from the PS strategy","Percentage of implementation of initiatives emanating from the PS strategy","0","","2023","",""
"f5f68053-cc03-4fab-bec4-3e0d807beaab","af11d76e-333e-4dcd-8f24-cd7ff1df78b2","Obesity Rate","معدل السمنة","-","-","Obesity Rate","معدل السمنة","0","","2024","38","2030"
"b1c2576b-a03d-4016-996c-3eee522f1198","61cd97c1-aa02-472b-bb04-08de0ba11ad8","Green Fodder","الأعلاف الخضراء","<p>-</p>","<p>-</p>","Green Fodder","الأعلاف الخضراء","0.0","{""en"":""39"",""ar"":""39""}","2022","",""
"b0f44a15-3e13-4e50-b7c9-3eef5a442f26","01f6d6de-f780-41ce-8cbf-6c6dc9a3f89d","Number of trained local workforce (#)-2","Number of trained local workforce (#)-1","-","-","Number of trained local workforce (#)-2","Number of trained local workforce (#)-1","0","","","",""
"3b1c4ff4-eee7-48d8-b4cb-3f10e062a802","fbc026d8-0168-4b85-be7c-bb802cd8183a","Number of Trained and Certified National Tourism Workforce","عدد القوى العاملة السياحية الوطنية المدربة والمعتمدة","-","-","Number of Trained and Certified National Tourism Workforce","عدد القوى العاملة السياحية الوطنية المدربة والمعتمدة","0","1268","2022","",""
"b38a19d1-0cc6-4630-8cc6-3f127764d695","8be3e6c5-7a69-45f4-91b3-08dd8c9b1913","Non-Hydrocarbon","غير الهيدروكربونية","Exports refer to goods or services produced in one country and sold to another, reflecting global trade activity","تشير الصادرات إلى السلع أو الخدمات المنتجة في دولة ما والمباعة لدولة أخرى مما يعكس النشاط التجاري العالمي","Non-Hydrocarbon","غير الهيدروكربونية","bn0.00","","","",""
"ef50cf0a-caf5-411a-baf1-3f9ee3bae025","2284fbad-01fb-41c2-af72-d00086788e4b","Yearly growth of sector operating entities: yearly new entrants (%)","Yearly growth of sector operating entities: yearly new entrants (%)","-","-","Yearly growth of sector operating entities: yearly new entrants (%)","Yearly growth of sector operating entities: yearly new entrants (%)","0","","2023","",""
"5bec9e6f-7427-4527-a519-3fdab55e96c7","9229663a-6caa-480d-876b-66b1f05549af","Total Expenditure","إجمالي الإنفاق","<p style=""text-align:justify;"">This indicator disaggregates total government spending into its four statutory chapters: Chapter I (Salaries and Wages), Chapter II (Current Expenditure — operational costs and services), Chapter III (Minor Capex — equipment and fixed assets), and Chapter IV (Major Capex — large infrastructure and development projects). Understanding the composition of spending reveals where fiscal flexibility exists and which chapters are driving growth. Measured in QR Billion, with the 2026 approved annual budget at QR 220.8 billion.</p>","<p style=""text-align:justify;"">يقسم هذا المؤشر إجمالي الإنفاق الحكومي إلى فصول قانونية أربعة: الفصل الأول (الرواتب والأجور)  ، الفصل الثاني (الإنفاق الجاري — التكاليف التشغيلية والخدمات)  ، الفصل الثالث (النفقات الرأسمالية الصغيرة — المعدات والأصول الثابتة)  ، والفصل الرابع (رأس المال الرئيسي — مشاريع البنية التحتية والتطوير الكبيرة). فهم تركيبة الإنفاق يكشف عن أماكن وجود المرونة المالية وأي الفصول تدفع النمو. يقاس بمليار ريال قطر  ، مع ميزانية سنوية معتمدة لعام 2026 بقيمة 220.8 مليار ريال قطري.</p>","Total Expenditure","إجمالي الإنفاق",".0","","","",""
"a3dfe88c-7609-44f5-b043-411f246e1809","d5b90910-0224-4d72-9a42-77664d400101","Hydrocarbon Revenue","إيرادات الهيدروكربونات","<p>Hydrocarbon Revenue</p>","<p>إيرادات الهيدروكربونات</p>","Hydrocarbon Revenue","إيرادات الهيدروكربونات",".1","","","",""
"9cc1d374-934c-48ec-92e8-41765f360eac","0fc5ab77-699b-403c-83a6-30f2ef1bd9d8","Trade Balance Demo","Trade Balance Demo","-","-","Trade Balance Demo","Trade Balance Demo","0","","","",""
"fc8ac070-831f-454a-ae67-418ca9f17e4b","4da9ad65-aa19-4498-8df7-12eb3b45bfad","The percentage of completion of the development of the intellectual property strategy","The percentage of completion of the development of the intellectual property strategy","-","-","The percentage of completion of the development of the intellectual property strategy","The percentage of completion of the development of the intellectual property strategy","0","","2023","",""
"46cb8859-5cd3-41e7-ba7c-426b9b0da0b2","8e377da9-3583-4044-abb1-10c975691c51","Import Time","الوقت المستغرق للاستيراد","-","-","Import Time","الوقت المستغرق للاستيراد","0.0","","","",""
"098d843e-6e44-40ae-8418-429478dd25ca","d286fc3c-f6a0-49e7-b46a-0be5159e6475","Percentage of In-Country Value (%)-2","Percentage of In-Country Value (%)-2","-","-","Percentage of In-Country Value (%)-2","Percentage of In-Country Value (%)-2","0","","","",""
"ff276264-1893-46a3-85ba-4316802241b5","782dfc08-1b17-4270-b041-45f05ca050ab","Value of Assets Under Management (QAR, bn)-2","قيمة الأصول من الشركات-2","-","-","Value of Assets Under Management (QAR, bn)-2","قيمة الأصول من الشركات-2","0","","","",""
"801b21f4-9cc4-4531-b3a2-44087db8f19c","1c099eff-96cf-4824-8690-6f58e4f2c8a1","Expected GDP Impact in 2024-8","تأثير الناتج المحلي الإجمالي المتوقع في عام 2024-2","-","-","Expected GDP Impact in 2024-8","تأثير الناتج المحلي الإجمالي المتوقع في عام 2024-2","0","","","",""
"d12acce8-af93-4e03-9a2c-447f46f81aa7","db61b0e2-9e23-40b4-81e6-4a6e4d2ccb3d","Airport Utilization","نسبة استغلال المطار","-","-","Airport Utilization","نسبة استغلال المطار","0","50","2023","70","2030"
"2be8dce4-d130-4055-aeba-4487aff370a6","be67f405-3bef-4f9f-834a-fbef35226f78","Expected GDP Impact in 2021-9","تأثير الناتج المحلي الإجمالي المتوقع في عام 2021-1","-","-","Expected GDP Impact in 2021-9","تأثير الناتج المحلي الإجمالي المتوقع في عام 2021-1","0","","2023","",""
"4a975801-a78a-4056-a039-44f10c1378a6","d7fff5f3-82f2-42a6-a1ed-25930f34329d","Sector Jobs","Sector Jobs","-","-","Sector Jobs","Sector Jobs","0","","2020","",""
"d8ca07fa-905b-44e8-bb71-45b380f7ec7d","4f8708a9-b407-424a-9933-ec577bf74da9","Number of Companies-2","عدد الشركات المسجلة-2","-","-","Number of Companies-2","عدد الشركات المسجلة-2","0","","","",""
"f8c0cc58-5b85-41ea-b890-4607650edf49","7b2a03fc-c511-4c11-b6aa-bd77ce3b4ea2","Total Volume","الحجم الكلي","<p>The index measures the estimated monthly cargo volume, in million tonnes, transiting through the Strait of Hormuz by vessel type. It captures the physical scale of trade flows passing through the chokepoint, including tankers, container vessels, dry bulk vessels, general cargo vessels, and roll-on/roll-off vessels.</p>","<p>يقيس المؤشر الحجم التقديري الشهري للشحنات العابرة عبر مضيق هرمز   ، بالمليون طن   ، وفقًا لنوع السفن. ويعكس المؤشر الحجم الفعلي للتدفقات التجارية المارة عبر هذا الممر البحري الحيوي   ، بما يشمل ناقلات النفط   ، وسفن الحاويات   ، وسفن البضائع السائبة الجافة   ، وسفن البضائع العامة   ، وسفن نقل المركبات والمعدات.</p>","Total Volume","الحجم الكلي","","","","",""
"ff26e752-8028-4eaa-a210-4658e7533f3a","7b2a03fc-c511-4c11-b6aa-bd77ce3b4ea2","Roll-on/Roll-off","سفن ""رورو""","<p>Roll-on/Roll-off</p>","<p>سفن ""رورو""&nbsp;</p>","Roll-on/Roll-off","سفن ""رورو""","","","","",""
"109e24bc-4620-4c0b-8952-46c9b395b242","3b2018f4-47be-4c4d-b25b-1756fcec3e41","Total Capital Investments CAPEX (QAR, m)-1","الاستثمارات الرأسمالية  CAPEX الإجمالية (مليون ر.ق.)-2","-","-","Total Capital Investments CAPEX (QAR, m)-1","الاستثمارات الرأسمالية  CAPEX الإجمالية (مليون ر.ق.)-2","0","","2023","",""
"aaa46e68-6a0a-41f0-97ec-46def07dfbe2","1154744e-10bc-484d-a957-0706e6c8bcd9","Number of Investment Projects-1","Number of Investment Projects-1","-","-","Number of Investment Projects-1","Number of Investment Projects-1","0","","","",""
"3bc893d1-2a27-4c2b-a53b-46fcc33da75f","8b43b45c-7283-46a2-8b19-9a20ca74ea05","Local Content Growth Rate Across Sectors","معدل نمو المحتوى المحلي في مختلف القطاعات","<p>&nbsp;Achieving an annual growth rate of 10% for local content</p>","<p>قياس معدل نمو سنوي للمحتوى المحلي بنسبة 10%</p>","Local Content Growth Rate Across Sectors","معدل نمو المحتوى المحلي في مختلف القطاعات","0.00","17","2022","",""
"9aaf0fd7-ab3e-4f7f-b966-4767733d0024","8be3e6c5-7a69-45f4-91b3-08dd8c9b1913","Total Exports (Goods and Services)","إجمالي الصادرات (السلع والخدمات)","<p>Exports refer to goods or services produced in one country and sold to another, reflecting global trade activity</p>","<p>تشير الصادرات إلى السلع أو الخدمات المنتجة في دولة ما والمباعة لدولة أخرى                                   ، مما يعكس النشاط التجاري العالمي</p>","Total Exports","إجمالي الصادرات","bn0.00","","","",""
"506abde5-1d36-47a3-bf29-47ad0c202157","dce52566-4595-40f2-b329-884d612aff57","Share of Students Who Have Completed University Education As a Percentage of Total Post-Secondary Students - Overall","نسبة الطلبة الذين أكملوا التعليم الجامعي كنسبة من إجمالي طلبة ما بعد المرحلة الثانوية - بشكل عام","-","-","Share of Students Who Have Completed University Education As a Percentage of Total Post-Secondary Students - Overall","نسبة الطلبة الذين أكملوا التعليم الجامعي كنسبة من إجمالي طلبة ما بعد المرحلة الثانوية - بشكل عام","0","58","2021","","2024"
"3c597ac2-c1cf-4e15-85d2-47b388aef88a","f839de6c-8c92-40f6-a887-7edb63732039","Approved Companies-2","المشاريع المعتمدة-1","-","-","Approved Companies-2","المشاريع المعتمدة-1","0","","2023","",""
"a67ebc0c-9099-4be7-b956-48880cfd8c28","748bc532-9218-4ed2-bb05-08de0ba11ad8","Sugar","السكر","<p>-</p>","<p>-</p>","Sugar","السكر","0.0","","","",""
"3ec17c55-7e75-4d03-b347-48cb54a114fb","6631b940-dc37-410c-9d52-5d295f5646f5","Number of Luxury Cruises Launched  ","عدد الرحلات البحرية الفاخرة التي تم إطلاقها","-","-","Number of Luxury Cruises Launched  ","عدد الرحلات البحرية الفاخرة التي تم إطلاقها","0","","2023","",""
"e73de9a8-9887-4fd9-9ace-4a3812c4acc9","e7f7820a-fa7c-47ba-91b0-08dd8c9b1913","Government Revenues - Hydrocarbon","الإيرادات الحكومية الهيدروكربونية","Government revenue is the income a government earns from various sources to fund its expenditures, public services, and maintain economic stability.","الإيرادات الحكومية هي الدخل الذي تحصل عليه الدولة من مصادر متعددة لتمويل نفقاتها وخدماتها العامة وتحقيق الاستقرار الاقتصادي.","Hydrocarbon","الهيدروكربونية","bn0.0","214.8","2019","","2023"
"960f11fd-87c8-4263-a857-4a466112255f","46a6014b-d34c-49b7-84e7-5104aa26e8ce","lusail dataset","lusail dataset","-","-","lusail dataset","lusail dataset","0","","","",""
"06ea3981-31fe-4e25-9eec-4a5f7edc5fd4","6f28f21e-92d1-4304-b526-e7014dfcdaa4","- Of which are local-4","الاستثمارات الرأسمالية  CAPEX المحلية (مليون ر.ق.)-2","-","-","- Of which are local-4","الاستثمارات الرأسمالية  CAPEX المحلية (مليون ر.ق.)-2","0","","","",""
"6483ef13-f984-4866-bdac-4a6329c65a8c","2f882e4c-effe-4266-8368-cc1ea95a4acb","Credit Provided to SMEs ","Credit Provided to SMEs (QAR, Bn)-1","-","-","Credit Provided to SMEs ","Credit Provided to SMEs (QAR, Bn)-1","0","0","2023","",""
"1706dd14-f71f-4995-bf8c-4b83c9656701","f834d328-e379-4221-a9ec-2620875ac997","Others","آخرون","<p>Others</p>","<p>آخرون</p>","Others","آخرون","0.00","","","",""
"2129456b-102f-4eea-ae91-4b863b04fb65","ae51b58e-b2a2-4619-9b0b-4ac435e5e00c","Satisfaction Score (NPS) of Ride-Hailing Services (Uber & Careem)","درجة الرضا عن خدمات النقل (أوبر وكريم)","-","-","Satisfaction Score (NPS) of Ride-Hailing Services (Uber & Careem)","درجة الرضا عن خدمات النقل (أوبر وكريم)","0","79","2022","",""
"6f1bc5e6-3bd7-4bae-9cfd-4b9660af2b3c","8c2e44f0-93cd-48f4-9a4f-147bd1c540d0","Number of Teachers per Admins Staff (K-12 Public Schools), Overall","نسبة المعلمين إلى الإداريين في المدارس الحكومية (رياض الأطفال – المرحلة الثانوية)","-","-","Number of Teachers per Admins Staff (K-12 Public Schools), Overall","نسبة المعلمين إلى الإداريين في المدارس الحكومية (رياض الأطفال – المرحلة الثانوية)","0","1.3","2020","","2024"
"6f0ed775-6eb2-43f8-8c9a-4bf1fdfe1578","5a01bc5f-4346-45d1-9b5b-9ea53fbde92c","Number of Agreements and MOUs-2","Number of Agreements and MOUs-2","-","-","Number of Agreements and MOUs-2","Number of Agreements and MOUs-2","0","117","2021","",""
"17c1b5de-40ff-4029-8b70-4c4f52a8db6f","583f5929-cde6-4c21-ba13-7fc2cd2258b4","Number of trained local workforce (#)-1","Number of trained local workforce (#)-2","-","-","Number of trained local workforce (#)-1","Number of trained local workforce (#)-2","0","","","",""
"51224862-8d71-4a69-a72f-4ca141a622fa","fa99fe1b-67ff-4d0b-bf71-0d26577d96a2","Share of Students Who Have Completed University Education As a Percentage of Total Post-Secondary Students - Non Qatari","نسبة الطلبة الذين أكملوا تعليمهم الجامعي كنسبة من إجمالي طلاب ما بعد الثانوية  - غير القطريين","-","-","Share of Students Who Have Completed University Education As a Percentage of Total Post-Secondary Students - Non Qatari","نسبة الطلبة الذين أكملوا تعليمهم الجامعي كنسبة من إجمالي طلاب ما بعد الثانوية  - غير القطريين","0","58","2021","","2024"
"71150473-dc67-4e35-86a8-4cc30f15dd8b","55f354bd-3861-430c-b907-250224a1d995","Transportation","النقل","<p>Transportation</p>","<p>النقل</p>","Transportation","النقل","","","","",""
"851bbd2f-019b-49b4-ad04-4cdf78030fb9","a4dda68f-fedd-4176-b567-150ed06acd9e","Share of Private Banks' Credit to SMEs","حصة الائتمان المقدم للشركات الصغيرة والمتوسطة","-","-","Share of Private Banks' Credit to SMEs","حصة الائتمان المقدم للشركات الصغيرة والمتوسطة","0","4.8","2020","7.5","2030"
"093599d7-9f49-41b3-8135-4d03d0b32e6d","2ae4ee3f-1a7b-455e-b111-edc80513c520","Potential reach of articles/editorial features (bn)","الوصول المحتمل للمقالات / الميزات التحريرية (مليار)","-","-","Potential reach of articles/editorial features (bn)","الوصول المحتمل للمقالات / الميزات التحريرية (مليار)","0","0","2023","",""
"9001adfb-dd8a-4f31-8d88-4d10204af3b4","394c9e6f-9474-45b4-a0c0-9bda37a6a29e","Total Population - Monthly ","عدد السكان- شهري","-","-","Total Population - Monthly ","عدد السكان- شهري","0","2.76","2019","","2030"
"a655c35d-26a0-4523-8b2b-4d2b289902c9","71419bc1-961f-4abd-8dcb-9c0fb5c644f8","Percentage of Qataris Employed in the Joint and Private Sectors","نسبة القطريين الموظفين في القطاعين المشترك والخاص","-","-","Percentage of Qataris Employed in the Joint and Private Sectors","نسبة القطريين الموظفين في القطاعين المشترك والخاص","0","","","",""
"bd35537d-5d13-4971-9f85-4d5abd5753de","e685c612-7001-4ff9-ab76-30f0a793f5c5","Combined Total Transport Services Exports (QAR,bn)","Combined Total Transport Services Exports (QAR,bn)","-","-","Combined Total Transport Services Exports (QAR,bn)","Combined Total Transport Services Exports (QAR,bn)","0","","2024","20","2030"
"6572ee5e-4f09-4615-be23-4daea43c1cbf","53574fcb-7d29-47f5-819d-9e0847e1eb4e","Percentage of In-Country Value (%)-1","Percentage of In-Country Value (%)-1","-","-","Percentage of In-Country Value (%)-1","Percentage of In-Country Value (%)-1","0","","","",""
"18e2adc3-f369-4f5b-afdb-4fd7dc0e0d32","6ed1fd11-641b-4600-875a-c193679c7277","Government Revenue Hydrocarbon and Non-Hydrocarbon ","Government Revenue Hydrocarbon and Non-Hydrocarbon ","-","-","Government Revenue Hydrocarbon and Non-Hydrocarbon ","Government Revenue Hydrocarbon and Non-Hydrocarbon ","0","","2023","",""
"6a7ead64-b231-463a-b807-4ff6b4f96947","0ebe8714-be31-435c-ab08-5d6f90ff5a92","Regulatory Quality Index","مؤشر الجودة التنظيمية","<p>Percentile Rank (0-100) indicates the rank of a country among all countries covered by the Regulatory Quality Index. 0 corresponds to the lowest rank and 100 corresponds to the highest rank. The World Bank Regulatory Quality Index assesses the ability of a government to formulate and implement sound policies and regulations that permit and promote private sector development. Part of the Worldwide Governance Indicators (WGI), the index reflects regulatory conditions that influence economic growth, business operations, and the investment climate.</p>","<p>الترتيب المئوي (من 0 إلى 100) يُشير إلى ترتيب الدولة بين جميع الدول المشمولة في مؤشر جودة التنظيم. حيث تمثل القيمة 0 أدنى ترتيب      ، وتمثل القيمة 100 أعلى ترتيب.<br>يقوم مؤشر جودة التنظيم الصادر عن البنك الدولي بتقييم قدرة الحكومة على صياغة وتنفيذ السياسات والتنظيمات السليمة التي تتيح وتُعزز تنمية القطاع الخاص. ويُعد هذا المؤشر جزءًا من مجموعة مؤشرات الحوكمة العالمية (WGI)      ، ويعكس الظروف التنظيمية التي تؤثر على النمو الاقتصادي      ، وعمليات الأعمال      ، ومناخ الاستثمار.</p>","Rank","الترتيب","","","","",""
"6abbd321-1d19-49ec-acc7-5030ec64bc98","7b2a03fc-c511-4c11-b6aa-bd77ce3b4ea2","Dry Bulk","سفن البضائع السائبة الجافة","<p>Dry Bulk</p>","<p>سفن البضائع السائبة الجافة</p>","Dry Bulk","سفن البضائع السائبة الجافة","","","","",""
"3f3cabbe-f377-4a4f-93ac-505939d82c38","eb467551-f5d7-4a34-b657-08dd8ca641ed","Sector Contribution To GDP","مساهمة القطاع في الناتج المحلي الإجمالي (التعليم)","<p>The Sector Contribution to GDP in Education refers to the portion of a country's economic output generated by education services, including primary, secondary, and tertiary education, as well as vocational training and educational support services. This measure helps assess the role of education in economic development and highlights the importance of investing in human capital for future growth and innovation</p>","<p>يقيس مؤشر مساهمة القطاع في الناتج المحلي الإجمالي حصة قطاع التعليم من الناتج المحلي الإجمالي للاقتصاد الدولة                        ، بما في ذلك التعليم المرحلة الابتدائية                        ، والثانوية                        ، والتعليم العالي                        ، بالإضافة إلى التدريب المهني وخدمات الدعم التعليمية. يعكس هذا المؤشر دور التعليم في التنمية الاقتصادية ويبرز أهمية الاستثمار في رأس المال البشري لتحقيق النمو والابتكار المستقبلي</p>","Sector Contribution To GDP (Education)","مساهمة القطاع في الناتج المحلي الإجمالي (التعليم)","bn0.00","","","",""
"2b915419-0ecd-4c64-96cd-506acae3d6cd","7ff267fe-e6cc-481e-187f-08dd8c9ac2e7","Real GDP","الناتج المحلي الإجمالي الحقيقي","Real Gross Domestic Product (Real GDP) measures the value of domestic production at constant prices over a specific period, excluding the effects of inflation or deflation, and is used to compare economic growth.","الناتج المحلي الإجمالي الحقيقي يقيس قيمة الإنتاج داخل الدولة خلال فترة زمنية محددة بأسعار ثابتة                                                                              ، مستبعدًا أثر التضخم أو الانكماش                                                                              ، ويُستخدم لمقارنة النمو الاقتصادي عبر الزمن أو بين الدول.","Real GDP","الناتج المحلي الإجمالي الحقيقي","bn0.0","658.34","2021","937.02","2030"
"8c546661-9173-4f35-b004-5182351cf4f3","c4899a33-2caf-49a3-837f-f79dce0ac1f1","Percentage of completion of projects emanating from the intellectual property strategy","Percentage of completion of projects emanating from the intellectual property strategy","-","-","Percentage of completion of projects emanating from the intellectual property strategy","Percentage of completion of projects emanating from the intellectual property strategy","0","","2023","",""
"2512617a-90d6-46b6-af5e-5182720e92ce","fab1cf13-bdb0-401d-917f-93247c7e94c7","Sector Contribution to GDP (Training)","مساهمة القطاع في الناتج المحلي الإجمالي (تدريب قطاع )","-","-","Sector Contribution to GDP (Training)","مساهمة القطاع في الناتج المحلي الإجمالي (تدريب قطاع )","0","","2025","","2025"
"49cf5ea5-2b7c-45a0-939b-51921316027a","f87388f1-b2c3-48e3-b667-08dd8ca641ed","Number of Jobs in the Sector (Financial & Insurance Sector)","عدد الوظائف في القطاع (الأنشطة المالية وأنشطة التأمين)","Number of Jobs in the Sector (Financial & Insurance Sector)","عدد الوظائف في القطاع (الأنشطة المالية وأنشطة التأمين)","Number of Jobs in the Sector","عدد الوظائف في القطاع","0.0","","","",""
"3f865224-01ab-42ba-b96d-519287957ab5","36e6424b-6bf2-42ec-962d-08dda1eb5b06","Inflation","التضخم","<p>The increase in the general level of prices of goods and services during a specific period. Inflation is also defined as an impairment in the actual value of money (currency) when the general level of prices increases. The goods and services purchased per monetary unit (currency) will diminish.</p>","<p>يُعرف التضخم بالزيادة في المستوى العام لأسعار السلع والخدمات خلال فترة زمنية محددة ويُعرف أيضًا بتآكل في القيمة الفعلية للنقود (العملة). وبالتالي تقل القدرة الشرائية للوحدة النقدية مما يعني أن شراء السلع والخدمات بنفس المبلغ من المال ستقل بالضرورة.</p>","Inflation","التضخم","0.00","-0.7","2019","",""
"b2b872c5-2bdd-419d-86ca-53d8f0ee8e62","e08b675e-6d35-4b72-b7f0-8b934e91b9ba","Number of Companies Registered in the Stock Exchange-1","عدد الشركات المدرجة في البورصة-1","-","-","Number of Companies Registered in the Stock Exchange-1","عدد الشركات المدرجة في البورصة-1","0","","2023","",""
"1c3ad5d1-70e3-4d3a-804c-5405f0838a7f","698d345c-a692-4626-a8ca-f16a29780b16","The Percentage of Graduates from in Science, Technology, Engineering, and Mathematics Specializations (STEM)","نسبة الخريجين من تخصصات العلوم والتكنولوجيا والهندسة والرياضيات","-","-","The Percentage of Graduates from in Science, Technology, Engineering, and Mathematics Specializations (STEM)","نسبة الخريجين من تخصصات العلوم والتكنولوجيا والهندسة والرياضيات","0","","","",""
"67f14906-957b-4c52-89df-54654b15c71c","f29e14ed-d359-4ca6-b84f-9490a3dbcfce","Number of Followers of Visit Qatar & Qatar Calendar Accounts Across all Social Media Platforms (M)","عدد المتابعين الذين زاروا حسابات Visit Qatar & Qatar Calendar عبر جميع منصات التواصل الاجتماعي (مليون)","-","-","Number of Followers of Visit Qatar & Qatar Calendar Accounts Across all Social Media Platforms (M)","عدد المتابعين الذين زاروا حسابات Visit Qatar & Qatar Calendar عبر جميع منصات التواصل الاجتماعي (مليون)","0","3.2","2023","",""
"04cd5197-4cdb-4a66-b7a8-547ef02acc3c","48ff2a81-3368-4b30-b401-a6afb6010731","Dataset-4","Dataset-3","-","-","Dataset-4","Dataset-3","0","0","2022","",""
"f50417c8-c394-4084-ae30-54b6b55a554e","a992792b-a19b-446c-aa76-b8d6b56e8d63","Share of Qataris in Population (%)","نسبة القطريين من إجمالي عدد السكان (%)","-","-","Share of Qataris in Population (%)","نسبة القطريين من إجمالي عدد السكان (%)","0","","2023","",""
"10f4c00d-c838-4536-9a0b-55267905f172","33c1d25c-19d5-4112-b10d-23dc3e3b5eae","Number of Online Engagements-2","Number of Online Engagements-1","-","-","Number of Online Engagements-2","Number of Online Engagements-1","0","33","2021","",""
"edef27f0-5a9d-4165-9401-55a4457af1d0","bedd19af-3816-4d61-a096-657361eb6d00","Transportation and logistics Projects: Completion (%)","Transportation and logistics Projects: Completion (%)","-","-","Transportation and logistics Projects: Completion (%)","Transportation and logistics Projects: Completion (%)","0","","2023","",""
"239907f2-6d71-40d2-bbce-565055decedc","08c3ddaf-5a58-4e94-8fcb-be81e945b2ce","Japan","اليابان","<p>Japan</p>","<p>اليابان</p>","Japan","اليابان","0.0","","","",""
"58601eda-4052-4389-a9e0-5759f7f7aaa0","2f52bfbd-39d1-4b98-81b0-20e6326bf450","Dataset-1","Dataset-5","-","-","Dataset-1","Dataset-5","0","0","2022","",""
"3a9f1368-eadd-4074-ba98-57c9f32d3aa8","55f354bd-3861-430c-b907-250224a1d995","Telecommunications","الاتصالات","<p>Telecommunications</p>","<p>الاتصالات</p>","Telecommunications","الاتصالات","","","","",""
"ff7b7801-fce2-4add-adfd-58212333bd09","41a2ec6f-77e9-4800-1883-08dd8c9ac2e7","Number of Room Nights Sold","عدد الليالي الفندقية المباعة","<p>The Number of Room Nights Sold refers to the total number of nights booked and occupied across hotels and accommodation facilities within Qatar. This indicator provides insights into the performance of the hospitality sector and trends in accommodation usage by visitors.</p>","<p style=""text-align:justify;"">يحدد مؤشر عدد الليالي الفندقية المباعة &nbsp;إجمالي عدد الليالي الفندقية التي تم بيعها في الفنادق وأماكن الإقامة في دولة قطر. ويعكس هذا المؤشر أداء قطاع الضيافة وطرق استخدام أماكن الإقامة من قبل الزوار.</p>","Number of Room Nights Sold","عدد الليالي الفندقية المباعة","0.00m","6.55","2022","19","2030"
"fbdf79e4-cdb5-4e15-9edc-58bf34c9d8b4","3f2ad24b-17fe-4d2a-b1aa-e074fdac4d42","Leased Area (square meters)-1","المساحة المؤجرة (متر مربع)-2","-","-","Leased Area (square meters)-1","المساحة المؤجرة (متر مربع)-2","0","","2023","",""
"83b131f4-6087-4435-a7cb-591652d315ad","16fc2062-5aa3-4b08-82c1-ac56a1d5f72e","Total Number of Fattened Sheep and Goat","Dataset-6","-","-","Total Number of Fattened Sheep and Goat","Dataset-6","0","0","2022","",""
"bdf58708-e16b-4886-8e8f-59ce7ff2cbbd","fe35202c-4fb7-4943-baa3-a65c4e61acd9","Summer dataset","Summer dataset","-","-","Summer dataset","Summer dataset","0","","","",""
"4998a5c8-088c-4a35-adcb-5a20956a689e","9f1b0ba8-2225-4f3e-973f-a5cf045627a9","Dry Bulk","سفن البضائع السائبة الجافة","<p>Dry Bulk</p>","<p>سفن البضائع السائبة الجافة</p>","Dry Bulk","سفن البضائع السائبة الجافة","","","","",""
"f60b5818-a4e0-4340-9e31-5b449a23e8c8","7bea83d9-357d-4c06-bdef-f9a36a6dc14c","Compound Annual Growth Rate of Labor Productivity","معدل النمو السنوي المركب لإنتاجية العمل ","-","-","Compound Annual Growth Rate of Labor Productivity","معدل النمو السنوي المركب لإنتاجية العمل ","0","","","",""
"60076387-1a17-41ac-8029-5b68f3a26974","2a9a8160-2514-4bf3-bc99-ab0c8a595c3e","Total number of corporate bonds issued"," عدد سندات الشركات التي تمّ إصدارها","-","-","Total number of corporate bonds issued"," عدد سندات الشركات التي تمّ إصدارها","0","","2023","","2024"
"c38b4cb8-7428-4941-b480-5c42105745e6","b3081714-bb56-44aa-8634-99236a47c31c","Crude Oil (Condensate)","النفط الخام (المكثف)","<p>Crude Oil (Condensate)</p>","<p>النفط الخام (المكثف)</p>","Crude Oil (Condensate)","النفط الخام (المكثف)","0.00","","","",""
"4e6db02d-9698-4f89-881c-5c71bc45ff0b","9229663a-6caa-480d-876b-66b1f05549af","Salaries","الرواتب","<p>Salaries</p>","<p>الرواتب</p>","Salaries","الرواتب",".1","","","",""
"ed21f09b-4571-4b3e-a5c8-5cd1bd36f32d","a0c2e90b-f288-4654-b732-448a2355654c","Share of High-Skilled White Collar","نسبة الوظائف عالية المهارة من ذوي الياقات البيضاء","The Share of High-Skilled White Collar refers to the percentage of workers employed in high-skilled, non-manual jobs that typically require advanced education or specialized training, such as professionals in fields like management, finance, healthcare, engineering, and information technology. This share is important for assessing the level of knowledge-based, high-value employment in an economy, which contributes to innovation, productivity, and overall economic development","يقيس مؤشر نسبة الوظائف عالية المهارة من ذوي الياقات البيضاء إجمالي العاملين في وظائف عالية المهارة تتطلب عادة تعليمًا متقدمًا ومعرفة متخصصة            ، مثل المتخصصين في مجالات مثل الإدارة            ، والمالية            ، والرعاية الصحية            ، والهندسة            ، وتكنولوجيا المعلومات. يعكس المؤشر نسبة الوظائف ذات المعرفة وذات القيمة العالية في الاقتصاد            ، والتي تسهم في الابتكار            ، والإنتاجية            ، والتنمية الاقتصادية","Share of High-Skilled White Collar","نسبة الوظائف عالية المهارة من ذوي الياقات البيضاء","0","2.1","2020","4.5","2030"
"4f525735-d38a-4ace-92df-5dc1427523a0","2b335911-029b-4418-b2dc-359c1eb38f2a","Investing in early education","Investing in early education","-","-","Investing in early education","Investing in early education","0","","","",""
"c042c51a-c5de-42d1-bc7e-5ddb32b11900","1cf730cb-b956-4e05-abbd-7105f5446d92","Expected GDP Impact in 2022-6","تأثير الناتج المحلي الإجمالي المتوقع في عام 2022-3","-","-","Expected GDP Impact in 2022-6","تأثير الناتج المحلي الإجمالي المتوقع في عام 2022-3","0","","2023","",""
"3192c45b-2f46-4344-ba43-5de333950c6b","55f354bd-3861-430c-b907-250224a1d995","Sports & Youth","الرياضة والشباب","<p>Sports &amp; Youth</p>","<p>الرياضة والشباب</p>","Sports & Youth","الرياضة والشباب",".1","","","",""
"3cf51852-94de-4241-ba59-5f6fdd2002ee","1634bba2-07b7-4697-be47-fb86c842e05b","Satisfaction score (NPS) of Doha Metro","درجة الرضا عن مترو الدوحة","-","-","Satisfaction score (NPS) of Doha Metro","درجة الرضا عن مترو الدوحة","0","88","2022","",""
"b593aaf6-08f4-45b2-aae0-60891acaa601","728b4978-dca3-4c29-aa89-477447a6af45","Qataris Graduating from STEM ( share of all Qataris graduates )","نسبة القطريين المتخرجين من تخصصات العلوم      ، تكنولوجيا المعلومات      ، الهندسة      ، والرياضيات )نسبة من أصل جميع الخريجين القطريين(","<p>-</p>","<p>-</p>","Qataris Graduating from STEM ( share of all Qataris graduates )","نسبة القطريين المتخرجين من تخصصات العلوم                                     ، تكنولوجيا المعلومات                                     ، الهندسة                                     ، والرياضيات (نسبة من أصل جميع الخريجين القطريين)","0.00","11.95","2021","16","2030"
"5108e26d-d136-48d9-8deb-60c6c498313c","13fb8ac9-ce52-44ed-a70d-52fefe625ef2","Private Sector Investment in the Transportation and Storage Sector","استثمار القطاع الخاص في قطاع النقل والتخزين","-","-","Private Sector Investment in the Transportation and Storage Sector","استثمار القطاع الخاص في قطاع النقل والتخزين","0","0","2023","","2025"
"72b5e542-9511-4373-891b-615fb13b1107","ae36c8d8-596a-43c0-8b53-a4d45b1c373b","Global Innovation Index","Global Innovation Index","-","-","Global Innovation Index","Global Innovation Index","0","","","",""
"c7cb93e7-4a15-4734-869a-62beab4daeee","5205c79f-14d7-46e3-9503-a01a11ec2bd2","Government Revenues 18/10","Government Revenues 18/10","-","-","Government Revenues 18/10","Government Revenues 18/10","0","200","2019","",""
"6c85975f-3c51-4447-80e9-62cf50c69a8d","299107d1-5b9b-4261-b46c-88cddbab7230","Export Time","الوقت المستغرق للتصدير","-","-","Export Time","الوقت المستغرق للتصدير","0","","","",""
"dfd60c08-b40a-4fdc-b67b-62d664df4ba3","245dffef-7f82-45ac-b65b-08dd8ca641ed","Sector Contribution To GDP","مساهمة القطاع في الناتج المحلي الإجمالي (الصناعات التحويلية)","<p>Sector Contribution to GDP in Manufacturing refers to the percentage of a country's total economic output generated by the manufacturing industry. This includes the production of goods such as machinery, chemicals, electronics, textiles, and food products. The manufacturing sector plays a vital role in economic growth by creating jobs, promoting technological advancements, and increasing exports.&nbsp;</p>","<p>يقيس مؤشر مساهمة القطاع في الناتج المحلي الإجمالي حصة قطاع الصناعات التحويلية من الناتج المحلي الإجمالي لاقتصاد الدولة                              ، ويشمل ذلك إنتاج السلع مثل الآلات                              ، والمواد الكيميائية                              ، والإلكترونيات                              ، والمنسوجات                              ، والمنتجات الغذائية. يلعب قطاع التصنيع دورًا حيويًا في النمو الاقتصادي من خلال توفير فرص عمل                              ، وتعزيز التقدم التكنولوجي                              ، وزيادة الصادرات                              ، كما يعكس مستوى التصنيع وتنويع الاقتصاد داخل الدولة.</p>","Sector Contribution To GDP (Manufacturing)","مساهمة القطاع في الناتج المحلي الإجمالي (الصناعات التحويلية)","bn0.00","52.35","2021","70.5","2030"
"ad56e792-3773-434f-9abf-637144485d35","5620107f-b4df-434f-8a21-58d344380e2e","Non-Hydrocarbon Government Revenues as Share of Government Revenues","نسبة الإيرادات الحكومية غير الهيدروكربونية من إجمالي الإيرادات الحكومية","<p><span style=""font-size:11.0pt;"">Non-Hydrocarbon Government Revenues as Share of Government Revenues measures the share of non-hydrocarbon revenue to the total revenue which includes hydrocarbon and non-hydrocarbon revenue. It is a measure of diversification of the government’s financing sources.</span></p>","<p><span style=""font-size:11.0pt;"">تُمثل الإيرادات الحكومية غير الهيدروكربونية نسبة الإيرادات غير المرتبطة بالنفط والغاز من إجمالي الإيرادات التي تشمل الإيرادات الهيدروكربونية وغير الهيدروكربونية. ويُعد هذا المؤشر مقياسًا لمدى تنويع مصادر تمويل الحكومة.</span></p>","Non-Hydrocarbon","غير الهيدروكربونية","0.0","17.61","2019","","2030"
"4dfa35a1-de51-423e-941c-637f2c778f18","1065e4de-4efc-438c-a9b8-5656ffac2ccf","Share of Higher Education Students who Obtain a Job Within 12 Months of their Graduation","نسبة طلبة التعليم العالي الحاصلين على وظيفة خلال 12 شهر من تخرجهم","-","-","Share of Higher Education Students who Obtain a Job Within 12 Months of their Graduation","نسبة طلبة التعليم العالي الحاصلين على وظيفة خلال 12 شهر من تخرجهم","0","","","",""
"8463b3c7-8e2a-4dcc-816d-63e0420e1ace","08c3ddaf-5a58-4e94-8fcb-be81e945b2ce","USA","الولايات المتحدة الأمريكية","<p>USA</p>","<p>الولايات المتحدة الأمريكية</p>","USA","الولايات المتحدة الأمريكية","0.0","","","",""
"8bf9154c-6523-457d-8988-6459385373df","4fa16aa1-9110-4968-b5d4-728a24fbf144","Real Estate Transactions","إجمالي حجم المعاملات العقارية","<p>Real Estate Total Transaction Volume (QAR)&nbsp;represents the aggregate monetary value of all real estate sales within a specific period, expressed in Qatari Riyals.</p>","<p>يمثل إجمالي حجم المعاملات العقارية (بالريال القطري) القيمة المالية الكلية لجميع صفقات بيع العقارات خلال فترة زمنية محددة        ، ويُعبر عنها بالريال القطري.</p>","Real Estate Transactions","إجمالي حجم المعاملات العقارية","0","1.969","2020","","2024"
"e9f077e4-8249-4716-bd36-649edd742e12","d15da8b2-498d-4d74-b4f9-b86a1325e0fc","Increase private sector industrial investment by QAR 14.5 bn in the period from 2023 to 2030","زيادة الاستثمار الصناعي الخاص بمبلغ 14.5 مليار ر.ق في الفترة من 2023 - 2030","Program Indicator","مؤشر برنامج","Increase private sector industrial investment by QAR 14.5 bn in the period from 2023 to 2030","زيادة الاستثمار الصناعي الخاص بمبلغ 14.5 مليار ر.ق في الفترة من 2023 - 2030","0","0","2023","14.5","2030"
"f3f7fff1-21e9-49e4-aabe-65393bf88287","02a4e191-7d40-4722-8653-fad3ec745b43","- Of which are partnerships-5","عدد الشركات (الشراكات)-2","-","-","- Of which are partnerships-5","عدد الشركات (الشراكات)-2","0","","","",""
"25f851fe-3493-48f0-a8fc-657965a01b62","18f1ee7f-8a9a-4523-9dcb-a8e4755a5b93","Monthly Change in Nominal Price Index","التغير الشهري في مؤشر الأسعار الاسمي","<p>This indicator measures the monthly change in global price indices at current (nominal) prices, reflecting percentage changes in prices as measured without excluding the effect of inflation. It captures actual movements in the prices of commodities, energy, food, agriculture, and production inputs. The indicator is influenced by factors such as supply chain disruptions, energy price volatility, geopolitical tensions, shipping costs, and global demand. It is particularly sensitive to fluctuations affecting strategic trade routes such as the Strait of Hormuz.</p>","<p>يقيس هذا المؤشر التغير الشهري في مؤشرات الأسعار العالمية بالأسعار الجارية (الإسمية)    ، أي التغيرات المئوية في الأسعار كما تُقاس بالأسعار الحالية دون استبعاد أثر التضخم. ويعكس المؤشر التحركات الفعلية في أسعار السلع الأساسية والطاقة والغذاء والزراعة ومدخلات الإنتاج    ، كما يتأثر بعوامل مثل اضطرابات سلاسل الإمداد    ، وتقلبات أسعار الطاقة    ، والتوترات الجيوسياسية    ، وتكاليف الشحن    ، والطلب العالمي. ويتأثر هذا المؤشر بشكل خاص بالتقلبات التي تشهدها الممرات التجارية الاستراتيجية على غرار مضيق هرمز.</p>","Energy","الطاقة","0.00","100","2010","",""
"579e1aba-aaea-440e-96f8-6795e25cb994","9948739b-c09e-4628-ad8c-0f77f659873a","Number of Financing Facilities Approved and Granted-2","Number of Financing Facilities Approved and Granted-2","-","-","Number of Financing Facilities Approved and Granted-2","Number of Financing Facilities Approved and Granted-2","0","","","",""
"e4f6e715-b736-48cb-8ff9-67a5c6febda5","2c6b666e-211a-46ad-bf71-9a38a4ca051f","Regulatory Quality Index Rank","ترتيب دولة قطر في مؤشر جودة التنظيم","-","-","Regulatory Quality Index","مؤشر جودة التنظيم","0","","","",""
"eac7884a-3a7d-4831-a22e-69d77b1f1175","b2e5691f-489b-4954-a132-95c9a1ff2a13","Expected GDP Impact in 2024-2","تأثير الناتج المحلي الإجمالي المتوقع في عام 2024-7","-","-","Expected GDP Impact in 2024-2","تأثير الناتج المحلي الإجمالي المتوقع في عام 2024-7","0","","2023","",""
"8ca76092-b390-439b-9b5e-6a02e891b699","74ef0c53-7e99-462d-9bb5-cfce3c446844","Number of Engaged Users on the Visit Qatar Website (M)","عدد المستخدمين المتفاعلين في موقع Visit Qatar  (مليون)","-","-","Number of Engaged Users on the Visit Qatar Website (M)","عدد المستخدمين المتفاعلين في موقع Visit Qatar  (مليون)","0","0","2023","",""
"68a3dea6-d804-4feb-8575-6a350473ce67","b70ea29b-7b99-4b8f-a9dc-4c8d924d5b63","Percentage of achievement in Freight Route Designing Guidebook","النسبة المئوية لإنجاز دليل تصميم طرق الشحن","-","-","Percentage of achievement in Freight Route Designing Guidebook","النسبة المئوية لإنجاز دليل تصميم طرق الشحن","0","","2023","",""
"a67857f4-05cc-45be-ac94-6a6fb00bd055","93b97c69-b2e4-4520-9951-e568085eb948","Tourists Number of arrival Tests","Tourists Number of arrival Tests","-","-","Tourists Number of arrival Tests","Tourists Number of arrival Tests","0","","2024","","2024"
"b28cc10e-7852-419b-a165-6aa9d665ed42","e39705f8-a683-47e5-8d31-e7b3383ab18c","Expected GDP Impact in 2021-7","تأثير الناتج المحلي الإجمالي المتوقع في عام 2021-3","-","-","Expected GDP Impact in 2021-7","تأثير الناتج المحلي الإجمالي المتوقع في عام 2021-3","0","","2023","",""
"412c38e1-fb6c-4da8-be07-6bf08aaa6d0a","0bc2668c-f848-472f-ad2f-3fae07215bc9","Government Revenues Demo","Government Revenues Demo","-","-","Government Revenues Demo","Government Revenues Demo","0","","","",""
"4e560355-1a89-4204-b508-6c7f891f9f45","29f93138-2c14-4084-b0c1-343ddd6f3be9","- Of which are partnerships-1","الاستثمارات  الرأسمالية  CAPEX الشراكات (مليون ر.ق.)-1","-","-","- Of which are partnerships-1","الاستثمارات  الرأسمالية  CAPEX الشراكات (مليون ر.ق.)-1","0","","","",""
"3b90c2d2-2258-4693-a845-6c82545e9b9c","1c7e993d-4388-4448-9b76-edfcaeac4023","Expenditure","الإنفاق","<p>Expenditure</p>","<p>الإنفاق</p>","Expenditure","الإنفاق",".1","","","",""
"422ac8d6-c14c-41b7-976b-6d8a88b151b0","090fa235-5f41-4a3b-8ccf-a21060b54dec","Number of Training Hours Undertaken by QT Staff","عدد ساعات التدريب التي قام بها موظفو قطر للسياحة","-","-","Number of Training Hours Undertaken by QT Staff","عدد ساعات التدريب التي قام بها موظفو قطر للسياحة","0","","2023","",""
"178d4692-5a42-44bc-95e0-6e0efdaac394","b52d07b6-496e-4349-9402-ba0f7e231e1d","hotels dataset","hotels dataset","-","-","hotels dataset","hotels dataset","0","","","",""
"4a0f0eae-85ee-4499-9c39-6e58caea2c73","748df6c6-a0bd-4557-8a24-815bf8ff7161","Share of High-Skilled Jobs","نسبة الوظائف عالية المهارة","ACTIVE","ACTIVE","Share of High-Skilled Jobs","نسبة الوظائف عالية المهارة","0","62.9","2019","",""
"e77652ec-701b-452e-8b47-6eb64e01b478","ad571512-2f76-4997-aec1-6107e12b97e2","Water Consumption","استهلاك المياه","-","-","Water Consumption","استهلاك المياه","0","","2019","138","2030"
"0633c763-89ab-4774-b985-6fca87159047","07b1aacd-b1d2-4c9e-8f28-ada49f4ceff5","The Percentage of Citizens Participating in Successful Entrepreneurial Projects","نسبة المواطنين المشاركين في مشاريع ريادة أعمال ناجحة","-","-","The Percentage of Citizens Participating in Successful Entrepreneurial Projects","نسبة المواطنين المشاركين في مشاريع ريادة أعمال ناجحة","0","","","",""
"9f3a7613-da1e-4cdd-96ab-703034247aaf","582d0795-2243-4c42-bab9-6b4eae7bacec","حجم القدرات اللوجستية التي تخدم المتطلبات لحركة وتخزين مختلف البضائع التجارية","حجم القدرات اللوجستية التي تخدم المتطلبات لحركة وتخزين مختلف البضائع التجارية","-","-","حجم القدرات اللوجستية التي تخدم المتطلبات لحركة وتخزين مختلف البضائع التجارية","حجم القدرات اللوجستية التي تخدم المتطلبات لحركة وتخزين مختلف البضائع التجارية","0","80","2024","120","2030"
"75a27662-796a-4bb1-9dc2-70466cb4c6a0","18f1ee7f-8a9a-4523-9dcb-a8e4755a5b93","Fertilizers","الأسمدة","<p>Fertilizers</p>","<p>الأسمدة</p>","Fertilizers","الأسمدة","0.00","","","",""
"ebc0e7f9-c55a-4466-aa82-7110ca13bc1e","6513ecf3-c04a-471d-90e3-3d7e8be48367","bench test","bench test","-","-","bench test","bench test","0","","2024","","2024"
"de3ec1ee-3be9-475e-a4b2-71a3c7bc80a8","1e1dcb09-67c2-46c3-b45e-cc8510e80338","Test-2","Test","-","-","Test-2","Test","0","","","",""
"96359e01-8823-4157-8b7d-71d5eaeb7235","30bc4622-d9c9-4654-b10b-be8f0ed5d5e1","Percentage of Active Companies from Total Registered Companies-1","Percentage of Active Companies from Total Registered Companies-1","-","-","Percentage of Active Companies from Total Registered Companies-1","Percentage of Active Companies from Total Registered Companies-1","0","","","",""
"ea87f962-4576-4f91-afbf-72104bd0f9e9","038253f7-d51e-4260-a28d-e97b5341bb60","B-READY Index","مؤشر جاهزية الأعمال","<p>World Bank’s new approach to assessing the business and investment climate in economies worldwide (previously measured through the Doing Business indicator)</p>","<p>النهج الجديد للبنك الدولي لتقييم مناخ الأعمال والاستثمار في اقتصادات العالم (والذي كان يُقاس سابقًا من خلال مؤشر ممارسة أنشطة الأعمال Doing Business) – ويُقاس بترتيب دولة قطر في مؤشر B-Ready.</p>","Rank","الترتيب","","","","",""
"8b84573c-917f-46c9-a5ac-7226d12c5936","03eeede4-b055-4157-9a5d-6e06a4b3b498","Percentage of achievement in data collection","النسبة المئوية لإنجاز جمع البيانات","-","-","Percentage of achievement in data collection","النسبة المئوية لإنجاز جمع البيانات","0","","2023","",""
"46be3545-0141-4002-9288-7269de56f326","b4b097eb-9a69-4c3e-b4b9-3818d622e1f7","Number of ICT Companies","عدد شركات الاتصالات وتكنولوجيا المعلومات","-","-","Number of ICT Companies","عدد شركات الاتصالات وتكنولوجيا المعلومات","0","170","2020","500","2030"
"71aab551-6406-4858-8bf7-728559c0f306","55f354bd-3861-430c-b907-250224a1d995","R&D & Innovation","البحث والتطوير والابتكار","<p>R&amp;D &amp; Innovation</p>","<p>البحث والتطوير والابتكار</p>","R&D & Innovation","البحث والتطوير والابتكار",".1","","","",""
"5ef4e2cc-4627-4b71-92eb-738d6b9f920d","38467659-d279-4591-931e-4a6f17af6af5","Physically Active","النشطون بدنياً","-","-","Physically Active","النشطون بدنياً","0","","2024","79","2030"
"d42540ff-88c1-455f-817a-73d4622b7172","d01ff014-b3b5-43e6-fd4f-08dd8ca66f9c","US Tariff","التعريفة الجمركية الأمريكية","-","-","US Tariff","التعريفة الجمركية الأمريكية","0.0","","","",""
"ecb99c4a-0dbf-46af-a171-7417db18f86d","e9caea54-eaa9-4d0b-bad1-8e3af72b8366","Consumer price index (%)","Consumer price index (%)","-","-","Consumer price index (%)","Consumer price index (%)","0","","","",""
"63b8ed98-e5c0-4c2c-be6f-7433f8b16cda","e6ceb7d8-349f-4b67-8fb0-a67413fd8cac","Annual Growth in Labor Productivity","معدل النمو السنوي في إنتاجية العاملين","ACTIVE","ACTIVE","Annual Growth in Labor Productivity","معدل النمو السنوي في إنتاجية العاملين","0","0.9","2019","","2024"
"a8811a86-1275-4761-8225-74a0ca8886c5","57fbdd91-4379-445e-9d7c-12ac66e640c4","Project goals achievement percentage of PS Strategy","Project goals achievement percentage of PS Strategy","-","-","Project goals achievement percentage of PS Strategy","Project goals achievement percentage of PS Strategy","0","","2023","",""
"605cd6da-ada2-40cf-8922-75527c7e49fa","51368573-51d8-473d-8cb2-90583eca0531","Enhancing and empowering students with the 21st century skills","Enhancing and empowering students with the 21st century skills","-","-","Enhancing and empowering students with the 21st century skills","Enhancing and empowering students with the 21st century skills","0","","","",""
"d3c80625-33a5-4b4e-af29-75533be9767d","c3103182-26b4-4fe9-8efa-8f65a971939c","Professional Services Exports","Professional Services Exports","-","-","Professional Services Exports","Professional Services Exports","0","","","",""
"96213284-6dfe-4f35-8787-75614bad4cce","a9b5c1e4-fc4e-4c74-8b24-022b575dffc1","Financial Performance Indicator","مؤشر الأداء المالي","-","-","Financial Performance Indicator","مؤشر الأداء المالي","0","","","",""
"34370404-d43e-4dc1-b654-7638e323c026","92dcf9b6-d377-480e-8b26-034e86748654","NTM frequency ratio (%)","نسبة التدابير غير الجمركية","-","-","NTM frequency ratio (%)","نسبة التدابير غير الجمركية","0","","2024","30","2024"
"5c6011fe-5d11-4a59-b213-763d8c0be1e5","d99824cc-e2a0-45d9-94b8-426f2752855a","Global Financial Centers Index Rank","الترتيب في مؤشر المراكز المالية العالمية (Global Financial Centres Index)","-","-","Global Financial Centers Index Rank","الترتيب في مؤشر المراكز المالية العالمية (Global Financial Centres Index)","0","","2023","",""
"760ddeff-c372-49b2-b73e-7686495c5611","a94d04f9-2d22-4639-abf9-40f90b6b253c","Annual Revenue of each sector in the state's treasury","الإيراد السنوي لكل قطاع في خزينة الدولة","<p>Revenue generated by different sectors of the economy that contributes to the national treasury</p>","<p>يمثل الإيراد المتولد من مختلف قطاعات الاقتصاد والذي يساهم في خزينة الدولة.</p>","Value","القيمة","0.0","","","",""
"8cd64dac-8628-4386-bca4-76900df8a00d","67c9c47f-edd3-4ef8-bded-982427be70ed","Total Production of Organic Fertilizer (ton/year)","Dataset-8","-","-","Total Production of Organic Fertilizer (ton/year)","Dataset-8","0","0","2022","",""
"8d26ad07-1b5d-4249-be19-76bdbe846e1a","e4c7b92a-3430-4420-9658-56779bf1f51e","Percentage Increase in Annual Savings from The Public Healthcare Budget","Percentage Increase in Annual Savings from The Public Healthcare Budget","-","-","Percentage Increase in Annual Savings from The Public Healthcare Budget","Percentage Increase in Annual Savings from The Public Healthcare Budget","0","","2023","",""
"8457cb19-828c-45fe-b082-76fc3dd190bc","7be4ecb2-9e4d-4f11-a880-a808e33e6201","Datasets-3","Datasets-4","-","-","Datasets-3","Datasets-4","0","","","",""
"8c1df3f7-f2e0-4e73-9f1d-7869e51da009","2bcc3c02-5cdd-49d6-b383-badd008c63af","Value of VC deals directed to Qatar-based start-ups (as a % of GDP)","قيمة صفقات رأس المال الاستثماري الموجهة إلى الشركات الناشئة في قطر","-","-","Value of VC deals directed to Qatar-based start-ups (as a % of GDP)","قيمة صفقات رأس المال الاستثماري الموجهة إلى الشركات الناشئة في قطر","0","","2024","","2024"
"94e82fa4-5d8f-48d5-9455-78b439ca7600","b13f092d-5ba9-4323-814e-c6500774d06a","Percentage of Active Companies from Total Registered Companies (%)","نسبة الشركات النشطة من إجمالي الشركات المسجلة (%)","-","-","Percentage of Active Companies from Total Registered Companies (%)","نسبة الشركات النشطة من إجمالي الشركات المسجلة (%)","0","78","2018","",""
"bae6be81-cede-413e-ab22-78caadb61aa1","cc33274f-3ad6-45a1-b941-f16c26574ace","Graduates from STEM ( Share of All Graduates )","نسبة المتخرجين من تخصصات العلوم ، تكنولوجيا المعلومات ، الهندسة ، والرياضيات (من أصل جميع الخريجين)","-","-","Graduates from STEM ( Share of All Graduates )","نسبة المتخرجين من تخصصات العلوم ، تكنولوجيا المعلومات ، الهندسة ، والرياضيات (من أصل جميع الخريجين)","0","10","2023","21","2030"
"0fd5cc31-9f68-4278-b8f2-7919cdab6b98","491f4d60-13c3-41ff-abad-6be06538f2f2","Mo – Economic Complexity Index Ranking","Mo – Economic Complexity Index Ranking","-","-","Mo – Economic Complexity Index Ranking","Mo – Economic Complexity Index Ranking","0","0","2022","",""
"00ae9ec1-0127-40ed-bd48-79aef5bab271","b25a3a3a-70fe-4666-af80-18e4d59d83f3","Remittances","التحويلات المالية","<p>Remittances comprise&nbsp;personal transfers (current transfers between resident and non-resident households). Reported in USD.</p>","<p>تشمل التحويلات المالية الشخصية التحويلات الجارية بين الأسر المقيمة وغير المقيمة        ، ويتم عرضها بالدولار الأمريكي.</p>","Remittances","التحويلات المالية","0.0","","","",""
"ddb15d7f-d0be-43c6-ac69-79e18b065fdc","7c3ab28c-a066-47a5-914b-26861ea54161","Energy","الطاقة","<p>Commodity Price Index (US$, 2010 = 100) measures changes over time in the prices of selected commodity groups, expressed as an index in nominal U.S. dollars, with the average price level in 2010 set at 100.</p>","<p>يقيس مؤشر أسعار السلع ""بالدولار الأمريكي   ، 2010 = 100"" التغيرات بمرور الوقت في أسعار مجموعات مختارة من السلع   ، ويتم التعبير عنها كمؤشر بالدولار الأمريكي الاسمي   ، مع اعتبار متوسط مستوى الأسعار في العام 2010 مساويًا لـ100.</p>","Energy","الطاقة",".00","","","",""
"fcbfa355-cd85-4a1d-905a-7a2f53a8c6ad","d8aea3ca-590f-45ff-8fe8-8dee9e1ac1ab","Identify and develop investment opportunities in PE and PVC by 2026","تحديد وتطوير على الاقل فرصة استثمارية  في مجال البولي إيثيلين و كلوريد البوليفينيل بحلول عام 2026","Program Indicator","مؤشر برنامج","Identify and develop investment opportunities in PE and PVC by 2026","تحديد وتطوير على الاقل فرصة استثمارية  في مجال البولي إيثيلين و كلوريد البوليفينيل بحلول عام 2026","0","0","2024","1","2026"
"6aa2e935-2591-422c-8fe3-7bb09566a1e0","23770af2-ad19-4e64-a788-a07b2876f5d8","Oil Revenues 22/09","Oil Revenues 22/09","-","-","Oil Revenues 22/09","Oil Revenues 22/09","0","170.7","2019","",""
"e47ece4f-14d5-4cb2-8bc5-7c11d73a23e1","806041c3-c11d-4d1c-a3de-0242985ad0b1","- Of which are local-1","الاستثمارات الرأسمالية  CAPEX المحلية (مليون ر.ق.)-1","-","-","- Of which are local-1","الاستثمارات الرأسمالية  CAPEX المحلية (مليون ر.ق.)-1","0","","2023","",""
"c47daa1c-386f-4788-ab40-7c144499c690","08c3ddaf-5a58-4e94-8fcb-be81e945b2ce","China","الصين","<p>China</p>","<p>الصين</p>","China","الصين","0.0","","","",""
"148f0ed5-a548-467c-9812-7c315f8398f6","a5501cad-a70e-4378-bebb-3b15ca86db65","Fitch Rating","تصنيف فيتش","-","-","Fitch Rating","تصنيف فيتش","0","{""en"": ""AA-"", ""ar"": ""AA-""}","2022","{""en"": ""AA+"", ""ar"": ""AA+""}","2030"
"90d25f5a-2ddc-43a3-894a-7c3d6b227da3","3b2f2717-e12a-4e9c-95f5-a8d1a197e94d","Number of new requests to amend or change relevant legislation","عدد الطلبات الجديدة لتعديل أو تغير تشريعات ذات علاقة","هي الطلبات المقدمة من قبل اللجنة الوطنية لنظام التخليص الجمركي وتيسير التجارة عبر الحدود لتغيير تشريع ما له علاقة بتسهيل اجراءات معينه","هي الطلبات المقدمة من قبل اللجنة الوطنية لنظام التخليص الجمركي وتيسير التجارة عبر الحدود لتغيير تشريع ما له علاقة بتسهيل اجراءات معينه","Number of new requests to amend or change relevant legislation","عدد الطلبات الجديدة لتعديل أو تغير تشريعات ذات علاقة","0","0","2024","0","2030"
"90c1307c-94d9-4c05-8a8b-7cff29e59f96","0dedba72-6d4e-411c-b1b3-6fdaa74a0e3f","Expenditure on Higher Education from International Students (share of the sector GDP)","الإنفاق في التعليم العالي من قبل الطلبة الدوليين (نسبة من الناتج المحلي الإجمالي للقطاع)","-","-","Expenditure on Higher Education from International Students (share of the sector GDP)","الإنفاق في التعليم العالي من قبل الطلبة الدوليين (نسبة من الناتج المحلي الإجمالي للقطاع)","0","","2021","20","2030"
"78cea323-572e-42a4-8496-7d5fab86a388","b6878478-62d5-4ad9-ab94-3638b375b7bb","- Of which are foreign-6","القيمة المضافة الإجمالية GVA الأجنبية (مليون ر.ق.)-1","-","-","- Of which are foreign-6","القيمة المضافة الإجمالية GVA الأجنبية (مليون ر.ق.)-1","0","","","",""
"2c104be2-b49f-4fa1-beae-7dfa6b9dac28","61cd97c1-aa02-472b-bb04-08de0ba11ad8","Fresh Fish","الأسماك الطازجة","<p>-</p>","<p>-</p>","Fresh Fish","الأسماك الطازجة","0.0","{""en"":""77"",""ar"":""77""}","2022","{""en"":""80"",""ar"":""80""}","2030"
"b5021bc3-ff87-4964-8f0d-7e68d8c31343","18f1ee7f-8a9a-4523-9dcb-a8e4755a5b93","Agriculture","الزراعة","<p>Agriculture</p>","<p>الزراعة</p>","Agriculture","الزراعة","0.00","","","",""
"d82171fd-c5fc-439b-8dac-7f599d3a40c4","298c3ba8-c463-43c9-a346-4be94d11990d","Approved Companies-1","المشاريع المعتمدة-2","-","-","Approved Companies-1","المشاريع المعتمدة-2","0","","","",""
"2664aba3-fea3-4b7f-a8c8-7f7ecd5ae25e","c6f4f88b-5459-479b-fd4a-08dd8ca66f9c","Total Population","عدد السكان","<p>Total Population refers to the entire number of individuals living in a specific geographic area, such as a country, region, or city, at a given time. It includes all age groups, both citizens and non-citizens, and encompasses those who are active in the workforce as well as those who are not, such as children, retirees, and non-working adults.</p>","<p>يُشير مؤشر عدد السكان إلى العدد الكلي للأفراد الذين يعيشون في منطقة جغرافية محددة                                   ، مثل دولة أو إقليم أو مدينة                                   ، خلال فترة زمنية معينة                                   ، ويشمل جميع الفئات العمرية من مواطنين ووافدين                                   ، ويغطي الأفراد العاملين وغير والعملين                                   ، مثل الأطفال                                   ، والمتقاعدين.</p>","Total Population","عدد السكان","0.00","2.76","2019","4","2030"
"bdfa90ca-8660-4990-9fad-7fa9de60e7fe","5893c1b0-ca0d-42b4-a410-b7104a28f3dd","Crop Yield  - Overall","إنتاجية المحاصيل","-","-","Crop Yield  - Overall","إنتاجية المحاصيل","0","57.39","2020","86.1","2030"
"aef98c62-10d6-4e9f-834c-804969e55119","6cd0addd-9526-4beb-9486-953aceed64d2","Number of Online Engagements-1","Number of Online Engagements-2","-","-","Number of Online Engagements-1","Number of Online Engagements-2","0","","","",""
"a7b92050-8e96-47ba-9487-8078bcc5ab0a","00ed77ae-fd9a-46fe-bb6f-73aa8def580f","Datasets-5","Datasets-2","-","-","Datasets-5","Datasets-2","0","","","",""
"93150be9-7c51-4b7b-bbfd-80a9d90878eb","41be0365-de61-4267-b272-aea1f178b5dc","Number of Returning Clients-2","Number of Returning Clients-2","-","-","Number of Returning Clients-2","Number of Returning Clients-2","0","","","",""
"94bd4236-101e-4e44-9453-8136c763db34","30709b4a-e668-497b-be3e-02a33d10b966","Total Production of Concentrated Fodder (ton/year)","Dataset-1","-","-","Total Production of Concentrated Fodder (ton/year)","Dataset-1","0","0","2022","",""
"d7c84da8-edc8-427f-9bbd-818e0a812337","9f1b0ba8-2225-4f3e-973f-a5cf045627a9","Tanker","ناقلات","<p>Tanker</p>","<p>ناقلات</p>","Tanker","ناقلات","","","","",""
"6858880b-ccbd-4292-9c6a-818f9b3c1468","3926609b-29df-42b9-89ed-17e780029d74","Total Exports Demo","Total Exports Demo","-","-","Total Exports Demo","Total Exports Demo","0","","","",""
"d5f63237-21e7-40ed-971d-8190e5b0804b","9c434b4c-5870-4db9-bd23-61237dbe806b","Number of Expedition Cruises Launched ","عدد الرحلات الاستكشافية التي تم إطلاقها","-","-","Number of Expedition Cruises Launched ","عدد الرحلات الاستكشافية التي تم إطلاقها","0","","2023","",""
"6772f266-f316-44be-908e-81a96c96f403","61cd97c1-aa02-472b-bb04-08de0ba11ad8","Eggs","البيض","<p>-</p>","<p>-</p>","Eggs","البيض","0.0","{""en"":""36"",""ar"":""36""}","2022","{""en"":""70"",""ar"":""70""}","2030"
"b878a86f-50a7-4557-99ae-81f7032616df","7c3ab28c-a066-47a5-914b-26861ea54161","Metals","المعادن","<p>Metals</p>","<p>معادن</p>","Metals","المعادن",".44","","","",""
"07e92e11-8be9-4cec-a60b-8279573b161d","306210b0-09af-4f3d-b6ee-526da56e0507","Raising the attainment levels and completion of stage","Raising the attainment levels and completion of stage","-","-","Raising the attainment levels and completion of stage","Raising the attainment levels and completion of stage","0","","","",""
"15bb1328-b315-42c5-9787-830aedb0d46a","30f5155a-05ad-47c6-a0af-219166a20e3a","Expected GDP Impact in 2023-3","تأثير الناتج المحلي الإجمالي المتوقع في عام 2023-1","-","-","Expected GDP Impact in 2023-3","تأثير الناتج المحلي الإجمالي المتوقع في عام 2023-1","0","","2023","",""
"857806b1-77af-44a9-a35f-831830029a89","ffa5b3e3-ec39-4762-b5e8-cecb0312f577","Share of High-Skilled Blue Collar","نسبة الوظائف عالية المهارة من ذوي الياقات الزرقاء","The Share of High-Skilled Blue Collar refers to the percentage of blue-collar workers engaged in skilled labor roles that require specialized training, technical expertise, or advanced qualifications. These workers are involved in fields like skilled trades (e.g., electricians, plumbers, technicians) or advanced manufacturing jobs. The metric helps assess the proportion of skilled manual labor within the workforce, highlighting the importance of technical training and vocational skills in the economy","يقيس مؤشر نسبة الوظائف عالية المهارة من ذوي الياقات الزرقاء إجمالي العمال الذين يشغلون وظائف يدوية تتطلب تدريبًا متخصصًا أو خبرة تقنية أو مؤهلات متقدمة. يشغل هؤلاء العمال وظائف حرفية (مثل عمال الكهرباء            ، السباكة            ، والفنيين) أو وظائف التصنيع المتقدم. يساعد هذا المؤشر في تقييم نسبة العمالة اليدوية الماهرة ضمن القوى العاملة            ، مما يبرز أهمية التدريب الفني والمهني في تعزيز الاقتصاد","Share of High-Skilled Blue Collar","نسبة الوظائف عالية المهارة من ذوي الياقات الزرقاء","0","87","2020","84","2030"
"28b4c29b-0baa-41c8-83cb-8369587ec067","711ab844-ce8b-4899-9a84-990d570d89ed","Gross Value Added (QAR, m)-1","القيمة المضافة الإجمالية (مليون ر.ق.)-2","-","-","Gross Value Added (QAR, m)-1","القيمة المضافة الإجمالية (مليون ر.ق.)-2","0","","2023","",""
"0e5c4591-182d-4b3d-ae07-836a0e448a13","b610d077-3bb7-4bba-803d-dc23ede20f1d","- Of which are partnerships-3","القيمة المضافة الإجمالية GVA الشراكات (مليون ر.ق.)-2","-","-","- Of which are partnerships-3","القيمة المضافة الإجمالية GVA الشراكات (مليون ر.ق.)-2","0","","","",""
"4ae539d3-d81e-4e31-9922-83f0f8e1b72c","b30373da-41e9-4162-bdc3-10224156915d","Financial incentives disbursement","التحفيزات المالية","<p>The total value of financial incentives (cash reimbursements) disbursed by Invest Qatar to eligible investors under the national incentives program, pursuant to executed investment agreements with each investor and subject to the achievement of agreed performance targets as specified therein, with a view to stimulating growth within the economy or a sub-sector of the economy.</p>","<p>القيمة الإجمالية للتحفيزات المالية (المبالغ النقدية المسترجعة) التي تصرفها وكالة ترويج الاستثمار في قطر للمستثمرين المؤهلين في إطار البرنامج الوطني للحوافز الاستثمارية        ، وذلك بموجب اتفاقيات الاستثمار المبرمة مع كل مستثمر        ، وبما يتوافق مع تحقيق مؤشرات الأداء المتفق عليها والمنصوص عليها في تلك الاتفاقيات        ، بهدف تحفيز النمو في الاقتصاد الوطني أو في أحد قطاعاته.</p>","Value","القيمة","0.0","","","",""
"d26dd5be-a117-4ac1-bf7a-847281915855","f362f78d-881e-449f-b61b-707bc0c3fa0d","Total Estimated Budget","Total Estimated Budget","-","-","Total Estimated Budget","Total Estimated Budget","0","","","",""
"ce4d5f11-9c9b-48b9-9acc-84a9b054e02b","09f5e616-1c8d-4521-af1f-cbb36c511979","Expected GDP Impact in 2022-5","تأثير الناتج المحلي الإجمالي المتوقع في عام 2022-6","-","-","Expected GDP Impact in 2022-5","تأثير الناتج المحلي الإجمالي المتوقع في عام 2022-6","0","","2023","",""
"92cb827d-246c-463b-9b2d-851a9f388f58","661dbf8e-8e86-4949-bd10-c0bed1de01e8","R&D expenditures as % of GDP","R&D expenditures as % of GDP","-","-","R&D expenditures as % of GDP","R&D expenditures as % of GDP","0","","","",""
"e63407aa-c04d-4f96-bfcc-854817607108","114a26fd-6825-4456-a9e6-40c445eb8633","S&P Rating","تصنيف ستاندرد و بورز","-","-","S&P Rating","تصنيف ستاندرد و بورز","0","{""en"": ""AA"", ""ar"": ""AA""}","2022","{""en"": ""AA+"", ""ar"": ""AA+""}","2030"
"20cab535-3f57-4c4a-9e46-85c8ac1243c4","0e6786aa-0c86-4395-921a-24aad56280b8","Number of 3-Stars Hotel Keys","عدد الغرف الفندقية المتاحة من فئة ثلاثة نجوم","-","-","Number of 3-Stars Hotel Keys","عدد الغرف الفندقية المتاحة من فئة ثلاثة نجوم","0","","2023","",""
"746735ad-b2a6-4d82-bdcd-86006e885dcf","687a6199-d27b-4c35-a249-0eee77d142db","Export Cost ","تكلفة التصدير","-","-","Export Cost ","تكلفة التصدير","0","1935","2019","1122","2030"
"55b90a9f-5105-4985-a536-860e25b29342","1bd0aefa-44a2-4d97-a0c0-0c08d4fb65ff","Satisfaction score (NPS) of Karwa Taxis","درجة الرضا عن تاكسي كروة","-","-","Satisfaction score (NPS) of Karwa Taxis","درجة الرضا عن تاكسي كروة","0","73","2022","",""
"68a75b22-354c-4579-a80f-863f03901f69","bf0661d2-7aff-4d88-b726-232fafb8db0f","Number of Companies-1","عدد الشركات المسجلة-1","-","-","Number of Companies-1","عدد الشركات المسجلة-1","0","518","2018","",""
"642b0f0a-0827-4d75-a3ab-86510867d43e","b6db167e-1d7b-485b-be61-c81929c6a29d","Test-1","تجربة","Sector NDS indicator","مؤشر من الاستراتيجية","Exports","الصادرات","0","","","",""
"79116baa-1295-4275-9d93-875edd81b4fc","cc2c80e4-646d-4222-9130-0e41c6995a1c","Port Utilization","نسبة استغلال الموانئ","-","-","Port Utilization","نسبة استغلال الموانئ","0","18","2020","70","2024"
"b609fada-4d1c-4af6-87f8-88418a54a296","55f354bd-3861-430c-b907-250224a1d995","Commercial Affairs","الشؤون التجارية","<p>Commercial Affairs</p>","<p>الشؤون التجارية</p>","Commercial Affairs","الشؤون التجارية",".1","","","",""
"5057b6c1-500d-412d-a729-88690151eb5a","b190ff0b-a6fc-404c-9e33-d8ebe5e65ba1","Expected GDP Impact in 2022-1","تأثير الناتج المحلي الإجمالي المتوقع في عام 2022-8","-","-","Expected GDP Impact in 2022-1","تأثير الناتج المحلي الإجمالي المتوقع في عام 2022-8","0","","2023","",""
"0827bac6-751e-4e4e-8cfe-89df9c0e9eb9","4672641a-3356-4fad-94cb-092521ec071a","Fertilizers","الأسمدة","<p>Fertilizers</p>","<p>الأسمدة</p>","Fertilizers","الأسمدة","0.00","","","",""
"f2986d4b-d5e0-40e2-ae1e-8a25b0829395","eec0b827-3680-49c4-ae4e-b0eba9ca50b7","Hydrocarbon Government Revenue  (QAR Bn)","Hydrocarbon Government Revenue  (QAR Bn)","-","-","Hydrocarbon Government Revenue  (QAR Bn)","Hydrocarbon Government Revenue  (QAR Bn)","0","","2023","",""
"c40a8888-9ab9-462a-86f8-8a357f104a9f","9f1b0ba8-2225-4f3e-973f-a5cf045627a9","General Cargo","سفن البضائع العامة","<p>General Cargo</p>","<p>البضائع العامة</p>","General Cargo","سفن البضائع العامة","","","","",""
"8e34a05b-96f1-467c-a9c3-8a65ec6ba41d","7402f9d2-0a2d-4ca5-fc27-08dd8f984037","Number of Sector Jobs - Non-Qataris","عدد الوظائف في القطاع - غير القطريين","<p>Number of Sector Jobs - Non-Qataris</p>","<p>عدد الوظائف في القطاع - غير القطريين</p>","Number of Sector Jobs - Non-Qataris","عدد الوظائف في القطاع - غير القطريين","0.0","","","",""
"390fd848-1af8-4799-8935-8c2601bad8b7","e9156da3-4411-464f-a320-e7c92cb24a7a","Percentage of Floating Shares Owned by Foreigners","نسبة ملكية المستثمرين الأجانب من إجمالي القيمة السوقية للأسهم المتداولة","-","-","Percentage of Floating Shares Owned by Foreigners","نسبة ملكية المستثمرين الأجانب من إجمالي القيمة السوقية للأسهم المتداولة","0","11.1","2021","20","2030"
"12531780-88d5-46c6-9898-8c28e7efeb10","8c53bd70-407a-44e3-8702-68dbd844b0a9","GDP Hydrocarbon and Non-Hydrocarbon","GDP Hydrocarbon and Non-Hydrocarbon","-","-","GDP Hydrocarbon and Non-Hydrocarbon","GDP Hydrocarbon and Non-Hydrocarbon","0","","2023","",""
"8f48a8a5-5efb-4916-8d86-8c4c1093c251","55f354bd-3861-430c-b907-250224a1d995","Health","الصحة","<p>Health</p>","<p>الصحة</p>","Health","الصحة",".1","","","",""
"c1fc2141-99d9-41b5-8236-8c96be92b69a","101d78b4-f632-48b3-988b-a6ed06972634","Number of Pax for Cruise Embarkations Ex Doha (K)","عدد ركاب الرحلات البحرية خارج الدوحة (بالآلاف)","-","-","Number of Pax for Cruise Embarkations Ex Doha (K)","عدد ركاب الرحلات البحرية خارج الدوحة (بالآلاف)","0","0","2023","",""
"21eb8427-d23e-4494-80ed-8d1c8d96de07","588f1d52-9360-4f7e-845e-40d0ee88ea19","Business-funded BERD (as a proportion % of BERD)","نسبة إنفاق قطاع الأعمال الخاص على البحث والتطوير من إجمالي إنفاق الأعمال على البحث والتطوير","-","-","Business-funded BERD (as a proportion % of BERD)","نسبة إنفاق قطاع الأعمال الخاص على البحث والتطوير من إجمالي إنفاق الأعمال على البحث والتطوير","0","","2024","60","2030"
"33a50fdd-95b5-4594-a5d2-8d57e33cc9b5","0d6f8d4b-0450-42f6-a36b-0c8407724c08","Value of contracts awarded from total public procurement (QAR billion)-1","Value of contracts awarded from total public procurement (QAR billion)-2","-","-","Value of contracts awarded from total public procurement (QAR billion)-1","Value of contracts awarded from total public procurement (QAR billion)-2","0","","","",""
"900c3cc3-e562-4c1c-bff4-8d8b2f77c735","9a5a8219-3aaa-48e7-ad6f-08564864d00c","Aluminium","الألمنيوم","<p>Aluminium</p>","<p>الألمنيوم</p>","Aluminium","الألمنيوم","0.00","","","",""
"dbfb69ef-3ee0-45c4-a476-8d926be30201","46a869e1-813a-48fa-bc0c-0d5db5ef3923","This Ratio of Qatari Males who are Enrolled in Higher Education","معدل الالتحاق الإجمالي للذكور القطريين بالتعليم العالي","-","-","This Ratio of Qatari Males who are Enrolled in Higher Education","معدل الالتحاق الإجمالي للذكور القطريين بالتعليم العالي","0","","","",""
"51cfe999-07fb-45f4-912d-8e51d4d30585","a597be99-ce19-4a2b-aee3-5073fc5e19ac","Credit Provided for Private Housing","Credit Provided for Private Housing - (QAR, Bn)-2","-","-","Credit Provided for Private Housing","Credit Provided for Private Housing - (QAR, Bn)-2","0","0","2023","",""
"4b83202e-b533-4f6a-82fd-8eeaad99ddbd","432d7a5b-7e06-4e97-be1f-98a0d8a2d7b3","Attract at least one global company in the field of rolling mills, die casting (especially for automotive components), repair and maintenance by 2029","استقطاب شركة عالمية واحدة على الأقل في مجال مصانع الدرفلة وصب القوالب(خاصة لمكونات السيارات) والإصلاح والصيانة بحلول العام 2029","-","-","Attract at least one global company in the field of rolling mills, die casting (especially for automotive components), repair and maintenance by 2029","استقطاب شركة عالمية واحدة على الأقل في مجال مصانع الدرفلة وصب القوالب(خاصة لمكونات السيارات) والإصلاح والصيانة بحلول العام 2029","0","0","2024","1","2029"
"6b2cdfd5-94cb-4bd8-899d-8f058ff0099b","d5b90910-0224-4d72-9a42-77664d400101","Total Expenditure","إجمالي الإنفاق","<p>Total Expenditure</p>","<p>إجمالي الإنفاق</p>","Total Expenditure","إجمالي الإنفاق","","","","",""
"88bcad78-488b-4a7d-918e-8f58530e8c8a","0cf09863-b99c-4ad4-994a-005dc11c70bd","Number of Professional Services enterprises","Number of Professional Services enterprises","-","-","Number of Professional Services enterprises","Number of Professional Services enterprises","0","","","",""
"bb01817a-d0d2-4337-b667-8fe6d9cd6035","b440eb4c-3b53-48a4-9a99-e12d8d1c16bc","test 1","test 1","-","-","Actual","Actual","0","","","",""
"09bd0579-9655-46d3-866b-8ff8843f93d6","fdec5359-f2f8-4946-8042-ea3a5ad29bab","Percentage of Skilled Labor Out of the Total Labor Force-1","نسبة العمالة الماهرة من العمالة الإجمالية-2","-","-","Percentage of Skilled Labor Out of the Total Labor Force-1","نسبة العمالة الماهرة من العمالة الإجمالية-2","0","","2023","",""
"567add38-2940-4d71-96fd-902fbe20cd69","e17c68a2-eaf6-49c4-bb03-36a5a20680b4","Private Sector Contribution","مساهمة القطاع الخاص","-","-","Private Sector Contribution","مساهمة القطاع الخاص","0","20.4","2021","35.6","2030"
"dac23a4a-a7d2-4f7c-8cb2-90885081a09c","f40c099b-fe38-4c0c-ab6b-6f482504ba41","Singapore","سنغافورة","<p>Singapore</p>","<p>سنغافورة</p>","Singapore","سنغافورة","0.00","","","",""
"9f5f9ef3-4355-4c2e-80fc-908fbebedc4d","b74ef0a9-36d9-441b-aaee-4679f1d46355","Oil Revenues Demo","Oil Revenues Demo","-","-","Oil Revenues Demo","Oil Revenues Demo","0","","","",""
"7f29da4e-2ab5-4a06-8c90-911b3255f16e","f6dc97db-3e69-40e0-8aa3-3c45c928c7d5","Number of Visitors on the Visit Qatar website (M)","عدد زوار موقع Visit Qatar (بالملايين)","-","-","Number of Visitors on the Visit Qatar website (M)","عدد زوار موقع Visit Qatar (بالملايين)","0","9.8","2022","",""
"e05b6feb-951a-4f71-bb9b-919203a88b22","08c3ddaf-5a58-4e94-8fcb-be81e945b2ce","France","فرنسا","<p>France</p>","<p>فرنسا</p>","France","فرنسا","0.0","","","",""
"fdb4f859-5648-4ac1-95cd-91a254a598ad","7ff267fe-e6cc-481e-187f-08dd8c9ac2e7","Hydrocarbon","القطاع الهيدروكربوني","Real Gross Domestic Product (Real GDP) measures the value of domestic production at constant prices over a specific period, excluding the effects of inflation or deflation, and is used to compare economic growth.","الناتج المحلي الإجمالي الحقيقي يقيس قيمة الإنتاج داخل الدولة خلال فترة زمنية محددة بأسعار ثابتة                                                                              ، مستبعدًا أثر التضخم أو الانكماش                                                                              ، ويُستخدم لمقارنة النمو الاقتصادي عبر الزمن أو بين الدول.","Hydrocarbon","القطاع الهيدروكربوني","bn0.0","","","",""
"f9cec3cd-f2df-459c-b9b5-91eb8f956ddf","89ec6559-fcb6-47b4-b1cc-34ea9c9dc0c8","FDI value to Qatar (QAR bn)-1","FDI value to Qatar (QAR bn)-1","-","-","FDI value to Qatar (QAR bn)-1","FDI value to Qatar (QAR bn)-1","0","","2023","",""
"9f57bc6b-5bba-4441-b3fc-91f6b3271c42","7b4c51ce-ae05-4fe8-9df3-f3017c408ff4","Number of Granted Incentives-1","صفقات حوافز تحت المراجعة والتقييم-1","-","-","Number of Granted Incentives-1","صفقات حوافز تحت المراجعة والتقييم-1","0","","2023","",""
"d1ab9efa-9db5-42ad-89fa-9213ed2be6a4","96e0dd17-24d8-4da1-9588-b661f53b928f","Expected GDP Impact in 2022-4","تأثير الناتج المحلي الإجمالي المتوقع في عام 2022-5","-","-","Expected GDP Impact in 2022-4","تأثير الناتج المحلي الإجمالي المتوقع في عام 2022-5","0","","2023","",""
"6f5ed4ba-5ea1-4b95-85a3-922d50412cd5","7ff267fe-e6cc-481e-187f-08dd8c9ac2e7","Non-Hydrocarbon","القطاع غير الهيدروكربوني","Real Gross Domestic Product (Real GDP) measures the value of domestic production at constant prices over a specific period, excluding the effects of inflation or deflation, and is used to compare economic growth.","الناتج المحلي الإجمالي الحقيقي يقيس قيمة الإنتاج داخل الدولة خلال فترة زمنية محددة بأسعار ثابتة                                                                              ، مستبعدًا أثر التضخم أو الانكماش                                                                              ، ويُستخدم لمقارنة النمو الاقتصادي عبر الزمن أو بين الدول.","Non-Hydrocarbon","القطاع غير الهيدروكربوني","bn0.0","","","",""
"0c3ccc97-0d87-40a8-aa91-928da8a25854","e5b9ff95-b834-4457-80c2-81bbd2982738","Percentage of completion of the systems environment","النسبة المئوية لاستكمال بيئة النُظُم","-","-","Percentage of completion of the systems environment","النسبة المئوية لاستكمال بيئة النُظُم","0","","2023","",""
"00c5ebb4-6016-49d5-8039-9293b1498f96","e7ed01f2-8ca0-465f-b0c6-47276b356d97","Share of Qataris in ‘Pure’ Private Sector","نسبة القطريين في القطاع الخاص","-","-","Share of Qataris in ‘Pure’ Private Sector","نسبة القطريين في القطاع الخاص","0","","","",""
"3cb5b501-2859-4919-9976-936ab53f17a1","763a8c21-54b8-4fae-fc29-08dd8f984037","Occupancy Rate of Hotels","معدل إشغال الفنادق","-","-","Occupancy Rate of Hotels","معدل إشغال الفنادق","0.0","61","2022","",""
"20a6a83d-2553-43bc-8817-93e07ce1f9bd","08c3ddaf-5a58-4e94-8fcb-be81e945b2ce","Total Helium Exports","إجمالي صادرات الهيليوم","<p>Qatar Helium / Rare Gases Exports by Destination measures the monthly value of Qatar’s exports under HS 2804 to key destination countries. The indicator illustrates Qatar’s role in supplying strategic industrial gases to global markets and highlights the concentration of demand across advanced industrial and technology-linked economies.</p>","<p>يرصد هذا المؤشر ويقيس القيمة الشهرية لصادرات قطر المُدرَجة تحت البند الجمركي HS 2804 إلى أبرز الدول المستوردة. ويُجسِّد هذا المؤشّر دور دولة قطر في تزويد الأسواق العالمية بالغازات الصناعية الاستراتيجية    ، ويُبرز تركّز الطلب في الاقتصادات الصناعية المتقدّمة والمرتبطة بالقطاعات التكنولوجية.</p>","Total Helium Exports","إجمالي صادرات الهيليوم","0.0","","","",""
"1539a062-5b4a-4e48-8059-9425b5616e85","a77a475b-ec74-4c40-8465-5a256251c49f","Spend by MICE Travellers (M, QAR)","إنفاق المسافرين على الاجتماعات والحوافز والمؤتمرات والمعارض (مليون ريال قطري)","-","-","Spend by MICE Travellers (M, QAR)","إنفاق المسافرين على الاجتماعات والحوافز والمؤتمرات والمعارض (مليون ريال قطري)","0","","2023","",""
"a6015f8e-40e7-47f8-b6c6-94b476dfbe80","52a01f5b-c693-46e0-bae0-36a928b301ba","Awareness Index of Qatar Tourism Brand Equity Tracker (%)","مؤشر الوعي الخاص بتتبع حقوق الملكية في السياحة القطرية (٪)","-","-","Awareness Index of Qatar Tourism Brand Equity Tracker (%)","مؤشر الوعي الخاص بتتبع حقوق الملكية في السياحة القطرية (٪)","0","","2023","",""
"2ea7a061-9d0a-4b5d-af40-94be17f51b7b","a53d012f-d31e-499e-aac4-8e0028f65a15","Total Number of Active Companies-2","إجمالي الشركات النشطة-2","-","-","Total Number of Active Companies-2","إجمالي الشركات النشطة-2","0","404","2018","",""
"f1a3d4ca-a581-49ca-9838-956f8c7fd1bc","a46e0a94-6d58-4983-fd46-08dd8ca66f9c","Sector Exports","صادرات القطاع (النقل والتخزين)","Sector Exports refers to the value of goods and services exported from a specific sector of the economy. It represents the share of exports generated by industries like manufacturing, agriculture, or services, contributing to a country's overall trade balance. This indicator helps assess the global competitiveness and economic health of specific sectors, as well as the diversification of export activities within an economy","يقيس مؤشر صادرات القطاع قيمة الإجمالية للسلع والخدمات التي يتم تصديرها من قطاع اقتصادي معين. ويعكس هذا المؤشر حصة الصادرات التي تحققها القطاعات المختلفة مثل التصنيع والزراعة والخدمات                                 ، بما يسهم في الميزان التجاري للدولة. كما يساعد على تقييم القدرة التنافسية العالمية للقطاعات المختلفة صحتها الاقتصادية                                 ، وقياس مدى تنوع الأنشطة التصديرية داخل الدولة","Sector Exports (Transportation and Storage)","صادرات القطاع (النقل والتخزين)","bn0.00","41.09","2021","51.76","2030"
"8dba3388-b721-4dad-90dd-95b241e09d1f","b4eddc00-38bc-46dc-84b4-6b0049520128","Project goals achievement percentage for APD Strategy","Project goals achievement percentage for APD Strategy","-","-","Project goals achievement percentage for APD Strategy","Project goals achievement percentage for APD Strategy","0","","2023","",""
"c883165f-dcea-473a-a287-9609924f81e9","c6fbf6b7-79b3-4478-9380-37ebdc332b4b","Reduction of Hospital Stay for Patients","Reduction of Hospital Stay for Patients","-","-","Reduction of Hospital Stay for Patients","Reduction of Hospital Stay for Patients","0","","2025","",""
"33b4123a-26b9-4dba-80dd-963fa00299cd","163775f2-aa5e-4888-91b4-08dd8c9b1913","FDI stock (share of GDP)","إجمالي مخزون الاستثمار الأجنبي المباشر (نسبة من الناتج المحلي الاجمالي)","Foreign Direct Investment (FDI) is a long-term investment made by a company from one country into a company in another country, aiming to establish lasting interests.","الاستثمار الأجنبي المباشر هو استثمار طويل الأجل تقوم به شركة من دولة ما في شركة بدولة أخرى بهدف تحقيق مصالح مستدامة.","FDI stock (share of GDP)","إجمالي مخزون الاستثمار الأجنبي المباشر (نسبة من الناتج المحلي الاجمالي)","0.0","14.8","2021","40","2030"
"2777a7d6-fd92-4d86-a4e5-964425cd0b1f","0a55c9db-06e3-4c8c-be00-583ed9250462","Smoking Rate","معدل التدخين","-","-","Smoking Rate","معدل التدخين","0","","2024","19","2030"
"8408e8d3-6939-4e50-9e1f-97061eaf1462","03f0db40-f84b-4b9e-8087-79b0d0a82170","The indicators associated with each of the following outputs for PS Strategy","The indicators associated with each of the following outputs for PS Strategy","-","-","The indicators associated with each of the following outputs for PS Strategy","The indicators associated with each of the following outputs for PS Strategy","0","","2023","",""
"552b1dd3-8059-4c49-a042-9761adfb1d45","5121c2b2-5e77-47b4-92ee-eed2c03b73b4","Total Companies-1","عدد الشركات الإجمالية-1","-","-","Total Companies-1","عدد الشركات الإجمالية-1","0","","","",""
"41ac5b2b-c76b-476f-b612-9767fa63cb5c","1b069add-ccd9-4ecf-bf96-5c01d4ad9dbe","Diabetes Rate","معدل داء السكري","-","-","Diabetes Rate","معدل داء السكري","0","","2024","","2024"
"947b9091-5514-425f-bc13-984d57b9f847","f71b224c-b627-4c51-b556-2b376063235f","GDP Absolute","GDP Absolute","-","-","GDP Absolute","GDP Absolute","0","502.9","2019","",""
"719ab00a-5ce8-424d-a0fb-987276359fbd","28b3da82-9bc7-4aae-88de-73c69495a33d","Total Number of Active Companies-1","إجمالي الشركات النشطة-1","-","-","Total Number of Active Companies-1","إجمالي الشركات النشطة-1","0","","","",""
"0314bcac-19a6-45ff-a175-9892b1e8ce5a","dfbac12a-b23f-4db0-8942-c90f775485cc","MSCI Rank","ترتيب دولة قطر في مؤشر ""مورجان ستانلي كابيتال إنترناشيونال""","MSCI Rating refers to the Environmental, Social, and Governance (ESG) rating provided by MSCI Inc., a global financial services company. It evaluates how well a company or country manages ESG risks and opportunities compared to peers in the same industry.","<p>يشير تصنيف مورجان ستانلي كابيتال إنترناشيونال إلى تصنيف البيئة والمجتمع والحوكمة الصادر عن شركة مورجان ستانلي كابيتال إنترناشيونال وهي شركة عالمية متخصصة في الخدمات المالية. ويقيّم هذا التصنيف مدى كفاءة الشركة أو الدولة في إدارة مخاطر وفرص البيئة والمجتمع والحوكمة  ، مقارنةً بنظرائها ضمن القطاع نفسه.</p>","MSCI Rank","ترتيب دولة قطر في مؤشر ""مورجان ستانلي كابيتال إنترناشيونال""","0","{""en"":""Emerging"",""ar"":""ناشئة""}","2020","{""en"":""Developed"",""ar"":""متقدمة""}","2030"
"c6160e42-c72b-4038-abc0-98c80552a334","4bb3bfa5-6096-461b-aa37-74eed1cbf121","Share of High-Skilled Jobs as a % of Overall Sector Jobs","نسبة الوظائف عالية المهارة من إجمالي الوظائف في القطاع-2","-","-","Share of High-Skilled Jobs as a % of Overall Sector Jobs","نسبة الوظائف عالية المهارة من إجمالي الوظائف في القطاع-2","0","22","2023","29","2030"
"84e931db-5554-4382-997a-9a67595988e7","b41ed059-b8f1-41a1-b01e-6b9b27de5042","Percentage of achievement in the GIS Portal","النسبة المئوية لإنجاز بوابة نظام المعلومات الجغرافية ","-","-","Percentage of achievement in the GIS Portal","النسبة المئوية لإنجاز بوابة نظام المعلومات الجغرافية ","0","","2023","",""
"85549a18-9e28-4719-bf25-9a8e6d2e3f3f","ebd91b91-603c-4566-96d1-f5a27166f919","Capital Investments (QAR, m)-2","الاستثمارات الرأسمالية (مليون ر.ق.)-2","-","-","Capital Investments (QAR, m)-2","الاستثمارات الرأسمالية (مليون ر.ق.)-2","0","","","",""
"ef01cc14-1d90-4ba3-b625-9bb1910a7f97","1336b40f-d0e0-431b-8212-7a8302bdeaba","Time Performance Indicator ","مؤشر الأداء الزمني","-","-","Time Performance Indicator ","مؤشر الأداء الزمني","0","","2023","",""
"d943d137-0f07-4de9-bd26-9ce8703e103e","76c51bfa-5d74-4468-9b1a-7d4740d936f6","Moody's Rating","تصنيف مودي","-","-","Moody's Rating","تصنيف مودي","0","{""en"": ""Aa3"", ""ar"": ""Aa3""}","2022","{""en"": ""Aa1"", ""ar"": ""Aa1""}","2030"
"3e8992ae-75af-4b83-bc27-9d78fd218ac8","da06207a-2df2-4562-a371-1bb6f2b065c1","The percentage of completion of the PS strategy preparation","The percentage of completion of the PS strategy preparation","-","-","The percentage of completion of the PS strategy preparation","The percentage of completion of the PS strategy preparation","0","","2023","",""
"6fe5aebf-10be-4ed7-b59c-9e6ce54d50af","860dd26a-c89e-4100-9423-d2400ac231d3","Production in high tech greenhouses (share of total production in Greenhouses)","نسبة الزراعات في البيوت المحمية العالية التقنية من الإنتاج","-","-","Production in high tech greenhouses (share of total production in Greenhouses)","نسبة الزراعات في البيوت المحمية العالية التقنية من الإنتاج","0","","2022","35","2030"
"21275e14-0111-4ac8-942c-9eac4ad7d172","b1d55322-0c41-4c59-1884-08dd8c9ac2e7","Sector Contribution To GDP","مساهمة القطاع في الناتج المحلي الإجمالي","<p>Sector Contribution to GDP in Agriculture and Livestock reflects the share of national economic output generated from farming, crop production, and animal husbandry. This sector is vital for food supply, raw materials, and rural employment. Tracking its contribution helps assess its role in economic development, especially for countries seeking diversification and stronger food security.</p>","<p>يقيس مؤشر مساهمة القطاع في الناتج المحلي الإجمالي حصة قطاع الزراعة والإنتاج الحيواني والسمكي وأنشطة الزراعة                             ، مثل إنتاج المحاصيل                             ، تربية الماشية                             ، ورعاية الحيوان من الناتج المحلي الإجمالي للاقتصاد الدولة. يلعب هذا القطاع دورًا حيويًا في توفير الغذاء                             ، والمواد الخام                             ، ودعم فرص التوظيف في المناطق الريفية. يساعد المؤشر على فهم دور صناعة القطاع في التنمية الاقتصادية                             ، لا سيما في الدول التي تهدف إلى تنويع اقتصاداتها وتعزيز أمنها الغذائي</p>","Sector Contribution To GDP (Agriculture & Livestock)","مساهمة القطاع في الناتج المحلي الإجمالي (الزراعة والإنتاج الحيواني والسمكي)","bn0.00","","","",""
"3a33ee48-71e2-4a7b-a11d-9ed5975d2032","e304245c-aeb4-42aa-810e-a6f38fe9c553","Value of investments in fixed assets (QAR billion)-1","Value of investments in fixed assets (QAR billion)-1","-","-","Value of investments in fixed assets (QAR billion)-1","Value of investments in fixed assets (QAR billion)-1","0","0","2023","",""
"517be23f-bc0d-4fc1-b6cf-9efae7989787","2ca8fc3b-0cad-4cf8-8357-dbd643445e8e","Share of Beds in Public Hospitals","نسبة الأسرة في مستشفيات القطاع الحكومي","<p>-</p>","<p>-</p>","Share of Beds in Public Hospitals","نسبة الأسرة في مستشفيات القطاع الحكومي","0","81.7","2022","60","2030"
"50b11b8c-0a78-49cb-9ebb-9f04c5430ac8","194fcb35-bb1c-46c6-8de5-2c125292c51a","Inflation","التضخم","<p>The increase in the general level of prices of goods and services during a specific period. Inflation is also defined as an impairment in the actual value of money (currency) when the general level of prices increases. The goods and services purchased per monetary unit (currency) will diminish.</p>","<p>يُعرف التضخم بالزيادة في المستوى العام لأسعار السلع والخدمات خلال فترة زمنية محددة                  ، ويُعرف أيضًا بتآكل في القيمة الفعلية للنقود (العملة). وبالتالي                  ، تقل القدرة الشرائية للوحدة النقدية                  ، مما يعني أن شراء السلع والخدمات بنفس المبلغ من المال ستقل بالضرورة.</p>","Inflation","معدل التضخم","0.0","-0.7","2019","",""
"e85b9cbc-b161-4b4f-9819-9f6f297a5740","e5a8665a-2a4b-495f-8a1d-68897d50834f","CPI: housing, water, electricity, gas and other fuels (%)","CPI: housing, water, electricity, gas and other fuels (%)","-","-","CPI: housing, water, electricity, gas and other fuels (%)","CPI: housing, water, electricity, gas and other fuels (%)","0","","","",""
"af3296b5-296d-4104-91c1-9fa3fcb3e910","640e6850-87e7-4ce6-806e-f1f443d87841","Industrial Inspection Automation - Completion (%)","Industrial Inspection Automation - Completion (%)","-","-","Industrial Inspection Automation - Completion (%)","Industrial Inspection Automation - Completion (%)","0","","2023","",""
"d63c9e4c-a48a-4e51-be34-a02e222e0e28","b3081714-bb56-44aa-8634-99236a47c31c","Helium/Rare Gases","الهيليوم/الغازات النادرة","<p>Helium/Rare Gases</p>","<p>الهيليوم/الغازات النادرة</p>","Helium/Rare Gases","الهيليوم/الغازات النادرة","","","","",""
"e35ab2ef-783c-470c-a5e0-a056cab4a19f","f5258baa-9e9d-430b-8efe-ee01ac9729d0","The percentage of completion of the APD strategy preparation","The percentage of completion of the APD strategy preparation","-","-","The percentage of completion of the APD strategy preparation","The percentage of completion of the APD strategy preparation","0","","2023","",""
"e20c6c2b-2bc7-4545-9568-a21838eb8662","d5b90910-0224-4d72-9a42-77664d400101","Budget Deficit/Surplus","العجز/الفائض في الميزانية","<p>Budget Deficit/Surplus</p>","<p>العجز/الفائض في الميزانية</p>","Budget Deficit","العجز/الفائض في الميزانية",".1","","","",""
"d55a2af9-2b3d-44c2-aaa6-a250feb45a53","d5b90910-0224-4d72-9a42-77664d400101","Total Revenue","إجمالي الإيرادات","<p style=""text-align:justify;"">State Budget Performance tracks the overall fiscal position of Qatar by measuring total revenues from both hydrocarbon and non-hydrocarbon sources against total expenditures across the four budget chapters (Salaries, Current Expenditure, Minor Capex, and Major Capex). The resulting difference is the budget balance: a surplus when revenues exceed expenditure, a deficit when they do not. It is the primary lens through which fiscal health, revenue adequacy, and spending discipline are assessed. A surplus is favourable; a sustained deficit signals a need for either revenue recovery or debt financing.</p>","<p>يرصد مؤشر أداء الموازنة العامة للدولة المركز المالي الكلي من خلال قياس إجمالي الإيرادات — من مصادر هيدروكربونية وغير هيدروكربونية — في مواجهة إجمالي النفقات الموزّعة على أبوابها الأربعة (الرواتب والأجور     ، والنفقات الجارية     ، والإنفاق الرأسمالي الصغير     ، والإنفاق الرأسمالي الكبير). ويُعدّ الفارق بين الرقمَين رصيد الموازنة: فائض حين تتجاوز الإيرادات النفقات     ، وعجز في الحالة المعاكسة. يُقاس بمليار ريال قطري على أساس ربعي     ، وهو المقياس الأساسي للحكم على السلامة المالية وكفاية الإيرادات وانضباط الإنفاق. الفائض مؤشر إيجابي؛ والعجز المستمر يستدعي تعافياً في الإيرادات أو تمويلاً بالدَّين.</p>","Total Revenue","إجمالي الإيرادات","","","","",""
"0ef38c2a-5ce7-4ce1-b1b1-a2606b63cd17","748bc532-9218-4ed2-bb05-08de0ba11ad8","Rice","الأرز","<p>-</p>","<p>-</p>","Rice","الأرز","0.0","","","",""
"ed8116aa-f3c7-4a2a-b9fc-a3516f92338e","748bc532-9218-4ed2-bb05-08de0ba11ad8","Production Inputs","مدخلات الإنتاج الزراعي","<p>-</p>","<p>-</p>","Production Inputs","مدخلات الإنتاج الزراعي","0.0","","","",""
"810389da-b9d4-4074-bba7-a3595de90dd8","093cdd96-6d1b-4ccf-af63-90eebf859ec4","- Of which are foreign-2","عدد الشركات (الأجنبية)-1","-","-","- Of which are foreign-2","عدد الشركات (الأجنبية)-1","0","","2023","",""
"a0e2d9ff-ad8c-48fe-a609-a43ab9c08193","a76f407c-00e7-4d64-b86e-f026f3c1cef2","Debt to GDP Ratio","نسبة الدين إلى الناتج المحلي الإجمالي","<p>Measures government debt as a percentage of nominal Gross Domestic Product (GDP), indicating the relative size of public debt compared with the economy’s annual output.</p>","<p>يقيس الدين الحكومي كنسبة مئوية من الناتج المحلي الإجمالي الاسمي (GDP)         ، مما يشير إلى الحجم النسبي للدين العام مقارنة بالناتج السنوي للاقتصاد.</p>","Debt to GDP Ratio","نسبة الدين إلى الناتج المحلي الإجمالي",".3","","","",""
"d456d231-5b40-400e-af26-a4b084540db5","1e52ce00-be20-4073-accb-14173ed8658e","- Of which are local-6","القيمة المضافة الإجمالية GVA المحلية (مليون ر.ق.)-1","-","-","- Of which are local-6","القيمة المضافة الإجمالية GVA المحلية (مليون ر.ق.)-1","0","","","",""
"f4b9fcf6-0991-4479-83d2-a5a056b47cc3","b5e3dac4-7e41-4574-a88c-64fe01074ead","Expected GDP Impact in 2024-5","تأثير الناتج المحلي الإجمالي المتوقع في عام 2024-4","-","-","Expected GDP Impact in 2024-5","تأثير الناتج المحلي الإجمالي المتوقع في عام 2024-4","0","","2023","",""
"27c621c3-6aae-41b5-9701-a6d82a0ace61","748bc532-9218-4ed2-bb05-08de0ba11ad8","Frozen Chicken","الدواجن المجمدة","<p>-</p>","<p>-</p>","Frozen Chicken","الدواجن المجمدة","0.0","{""en"":""2"",""ar"":""2""}","2022","",""
"90fb1b4e-7a3c-4c91-a3ab-a77ccbcb2475","8f9d7ee2-f8c8-4076-a786-040832b8381c","Number of Staff-1","عدد الموظفين-2","-","-","Number of Staff-1","عدد الموظفين-2","0","","2023","",""
"4ac90576-1427-44ee-b277-a7a6c6ad5839","8d4e41e6-5078-4876-bb0d-9542039d6b22","CPI: health (%)","CPI: health (%)","-","-","CPI: health (%)","CPI: health (%)","0","","","",""
"06d06868-c691-4bda-97a7-a97c09499f63","72dfda0a-c85b-46f3-9f42-895481beccdb","Total Investments (QAR, m)-2","الاستثمارات الإجمالية (مليون ر.ق.)-1","-","-","Total Investments (QAR, m)-2","الاستثمارات الإجمالية (مليون ر.ق.)-1","0","","","",""
"b7402e69-fa20-403c-92c6-a9b08fed00f6","e7f7820a-fa7c-47ba-91b0-08dd8c9b1913","Government Revenues","الإيرادات الحكومية في ميزانية الدولة","<p>Government Revenue refers to the total income generated by a government from various sources to fund its operations, public services, and development projects. These revenues are critical for financing the government’s expenditures and maintaining the economy's stability.</p>","<p>الإيرادات الحكومية تشير إلى إجمالي الدخل الذي تحققه الحكومة من مصادر مختلفة لتمويل عملياتها                             ، والخدمات العامة                             ، ومشاريع التنمية. وتُعد هذه الإيرادات ضرورية لتمويل نفقات الحكومة والحفاظ على استقرار الاقتصاد.</p>","Government Revenues","الإجمالي","bn0.0","","","",""
"74d02d01-5a85-48cb-a132-a9d5f5f69471","10e56afb-52f1-40eb-b81f-f8316aa5f7ef","The Percentage of Civil Service Employees Receiving High Evaluations","نسبة موظفي الخدمة المدنية يتلقون تقييمات عالية","-","-","The Percentage of Civil Service Employees Receiving High Evaluations","نسبة موظفي الخدمة المدنية يتلقون تقييمات عالية","0","","","",""
"3ae3c1cf-5ad2-418d-abeb-a9dcd880440e","af0e09af-6492-4a4d-9d15-9e533df69f1c","Food and beverages","الغذاء","-","-","Food and beverages","الغذاء","0","96.04","2020","97.9608","2030"
"d793ba76-2b50-4be4-a80e-a9fd76d1873b","20a5a471-5083-4dfa-b767-7f22f3fee8f2","Annual Budget Allocation per Sector from the Total Budget","الحصة السنوية المخصصة لكل قطاع من اجمالي الموازنة","<p>Annual Budget Allocation per Sector from the Total Budget represents the distribution of total fiscal resources across sectors using COFOG classifications, economic categories (e.g., wages, capital expenditure), and administrative heads (e.g., ministries). Not a single indicator.</p>","<p>تمثل الحصة السنوية المخصصة لكل قطاع من إجمالي الموازنة توزيع الموارد المالية الكلية عبر القطاعات المختلفة باستخدام تصنيفات COFOG      ، والفئات الاقتصادية (مثل الأجور والنفقات الرأسمالية)      ، والتقسيمات الإدارية (مثل الوزارات). وهي ليست مؤشراً منفرداً.</p>","Value","القيمة","0.0","","","",""
"b03e4b07-f06b-4e2d-9dd1-ac2955887084","b3081714-bb56-44aa-8634-99236a47c31c","Fertilizers","الأسمدة","<p>Fertilizers</p>","<p>الأسمدة</p>","Fertilizers","الأسمدة","0.00","","","",""
"dcab2b83-194d-419c-8801-ac45d9cb7bc3","a811e0d5-c456-4dff-4a6e-08dd8f83b962","Sector Exports","صادرات القطاع","Sector Exports refers to the value of goods and services exported from a specific sector of the economy. It represents the share of exports generated by industries like manufacturing, agriculture, or services, contributing to a country's overall trade balance. This indicator helps assess the global competitiveness and economic health of specific sectors, as well as the diversification of export activities within an economy","يقيس مؤشر صادرات القطاع قيمة الإجمالية للسلع والخدمات التي يتم تصديرها من قطاع اقتصادي معين. ويعكس هذا المؤشر حصة الصادرات التي تحققها القطاعات المختلفة مثل التصنيع والزراعة والخدمات                                                ، بما يسهم في الميزان التجاري للدولة. كما يساعد على تقييم القدرة التنافسية العالمية للقطاعات المختلفة صحتها الاقتصادية                                                ، وقياس مدى تنوع الأنشطة التصديرية داخل الدولة","Sector Exports","صادرات القطاع","0.0","4","2021","10","2030"
"2c9c92a3-4d53-4494-8500-ac5195431c6f","3290190b-c810-4cc6-8a34-3e5f92eb6073","Strengthen the role of technical and vocational education to prepare for the labor market","Strengthen the role of technical and vocational education to prepare for the labor market","-","-","Strengthen the role of technical and vocational education to prepare for the labor market","Strengthen the role of technical and vocational education to prepare for the labor market","0","","","",""
"1185f11e-adf0-41bf-94d9-adfa0cac7160","f03a3445-48ad-410c-b143-185c5c8428d5","Project goals achievement percentage of IP Strategy","Project goals achievement percentage of IP Strategy","-","-","Project goals achievement percentage of IP Strategy","Project goals achievement percentage of IP Strategy","0","","2023","",""
"7fb35965-fa13-4ecf-a84e-aecd5133dfd4","1300df0d-32f5-4c17-8135-a53ed4e3317b","Dataset-3","Dataset-9","-","-","Dataset-3","Dataset-9","0","0","2022","",""
"ed05d2dc-488a-4a02-9f99-af102e5431db","6bd9178a-3172-4434-fd4d-08dd8ca66f9c","Sector Contribution To GDP","مساهمة القطاع في الناتج المحلي الإجمالي (النقل والتخزين)","<p>Sector Contribution to GDP in Transportation and Storage refers to the share of a country's economic output derived from the transportation, logistics, and warehousing sectors. This includes activities like road, rail, air, and sea transportation, as well as storage and distribution services. This sector plays a crucial role in facilitating trade, supporting supply chains, and driving overall economic activity by connecting businesses and consumers</p>","<p>يقيس مؤشر مساهمة القطاع في الناتج المحلي الإجمالي حصة قطاع النقل والتخزين من الناتج المحلي الإجمالي لاقتصاد الدولة                                   ، ويشمل ذلك أنشطة النقل البري                                   ، والسكك الحديدية                                   ، والنقل الجوي                                   ، والنقل البحري                                   ، بالإضافة إلى خدمات التخزين والتوزيع. يلعب هذا القطاع دورًا حيويًا في تسهيل التجارة                                   ، ودعم سلاسل الإمداد                                   ، وتحفيز النشاط الاقتصادي بشكل عام من خلال إيصال الأعمال التجارية بالمستهلكين</p>","Sector Contribution To GDP (Transportation and storage)","مساهمة القطاع في الناتج المحلي الإجمالي (النقل والتخزين)","bn0.00","20.8","2021","37","2030"
"8446db2c-6e14-4fc4-ae6f-b0961e6b0b55","80ced017-8c1a-4013-a20e-5f3dcf6a0a7b","- Of which are partnerships-2","الاستثمارات  الرأسمالية  CAPEX الشراكات (مليون ر.ق.)-2","-","-","- Of which are partnerships-2","الاستثمارات  الرأسمالية  CAPEX الشراكات (مليون ر.ق.)-2","0","","2023","",""
"8ebb89e0-2a06-40ea-ba47-b09c4f28271e","b1335d37-3a33-46ac-99aa-d686b6fea49f","Active Licenses for Tourism Facilities and Business Events Organizing Offices (%)","التراخيص النشطة للمرافق السياحية ومكاتب تنظيم فعاليات الأعمال (٪)","-","-","Active Licenses for Tourism Facilities and Business Events Organizing Offices (%)","التراخيص النشطة للمرافق السياحية ومكاتب تنظيم فعاليات الأعمال (٪)","0","96","2022","",""
"ef885125-e5c5-46a1-b9ca-b0c831390fa6","4672641a-3356-4fad-94cb-092521ec071a","Food","طعام","<p>Food</p>","<p>طعام</p>","Food","طعام","0.00","","","",""
"974fb530-6661-4719-ada0-b0c9a8739b41","2638abb1-294b-491f-8c8c-7c4d50e39934","Exports (QAR, bn)","Exports (QAR, bn)","-","-","Exports (QAR, bn)","Exports (QAR, bn)","0","","2021","",""
"5946eb9d-de0f-48b4-b740-b1746d794483","4dbe15c2-0aba-4ead-8077-38ae047144fc","Number of Information Desks Equipped with Tourism Material","عدد مكاتب المعلومات المجهزة بالمواد السياحية","-","-","Number of Information Desks Equipped with Tourism Material","عدد مكاتب المعلومات المجهزة بالمواد السياحية","0","7","2022","",""
"8eb1d25c-4755-408c-babd-b236bf3392ea","9a5a8219-3aaa-48e7-ad6f-08564864d00c","Fertilizers","الأسمدة","<p>Fertilizers</p>","<p>الأسمدة</p>","Fertilizers","الأسمدة","0.00","","","",""
"5ef7bc77-f33e-4dd4-87fd-b39b5699dcbb","7b2a03fc-c511-4c11-b6aa-bd77ce3b4ea2","General Cargo","سفن البضائع العامة","<p>General Cargo</p>","<p>سفن البضائع العامة</p>","General Cargo","سفن البضائع العامة","","","","",""
"aba4b94a-3271-445f-88d5-b3ab35110369","7402f9d2-0a2d-4ca5-fc27-08dd8f984037","Number of Sector Jobs - Qatari","عدد الوظائف في القطاع - القطريين","<p>Number of Sector Jobs - Qatari</p>","<p>عدد الوظائف في القطاع - القطريين</p>","Number of Sector Jobs - Qatari","عدد الوظائف في القطاع - القطريين","0.0","","","",""
"ccbbb991-4a2a-492d-a036-b3f84e9bd12d","005df265-fd53-459f-a82e-154c9d4d16b0","Non-Hydrocarbon Government Revenue as Share of Non-Hydrocarbon GDP","نسبة الإيرادات الحكومية غير الهيدروكربونية من إجمالي الناتج المحلي غير الهيدروكربوني","<p><span style=""font-size:11.0pt;"">Non-Hydrocarbon Government Revenue as Share of Non-Hydrocarbon GDP is the percentage of government revenue raised from non-hydrocarbon sources divided by nominal non-hydrocarbon GDP.</span></p>","<p><span style=""font-size:11.0pt;"">تتمثل الإيرادات الحكومية غير الهيدروكربونية كنسبة من الناتج المحلي الإجمالي غير الهيدروكربوني النسبة المئوية للإيرادات التي تحصلها الحكومة من مصادر غير هيدروكربونية             ، محسوبةً بقسمة هذه الإيرادات على الناتج المحلي الإجمالي غير الهيدروكربوني بالأسعار الجارية (الاسمي).</span></p>","Non-Hydrocarbon","غير الهيدروكربونية","0.00","9.2","2021","11","2030"
"e17d2ba8-e363-4b75-af10-b4178d2bb0aa","07aa489f-5cb5-4f17-9983-40457d05b57b","Expected GDP Impact in 2024-3","تأثير الناتج المحلي الإجمالي المتوقع في عام 2024-5","-","-","Expected GDP Impact in 2024-3","تأثير الناتج المحلي الإجمالي المتوقع في عام 2024-5","0","","2023","",""
"0916f3fd-e460-405a-9022-b431449da7c4","238b93b0-369a-4794-9ada-a98f6eef951f","Expected GDP Impact in 2021-2","تأثير الناتج المحلي الإجمالي المتوقع في عام 2021-8","-","-","Expected GDP Impact in 2021-2","تأثير الناتج المحلي الإجمالي المتوقع في عام 2021-8","0","","","",""
"9e3bbc35-773b-4110-b0e3-b440fce574b4","76a27450-0ee7-4a1d-91af-d310a5d8982e","Share of Private Sector Beds in Hospitals","نسبة الأسرة في مستشفيات القطاع الخاص","<p>-</p>","<p>-</p>","Share of Private Sector Beds in Hospitals","نسبة الأسرة في مستشفيات القطاع الخاص","0","12.9","2022","30","2030"
"7d5a90a2-6ab3-43ef-b292-b453c81affa9","4cacb0f0-0135-44af-ac52-d8e668ce1d06","Number of Policy Publications-2","Number of Policy Publications-1","-","-","Number of Policy Publications-2","Number of Policy Publications-1","0","","","",""
"80710f86-4980-430d-af1e-b5cccdf33c30","3cf40c80-d8c5-4203-98f1-3464fe97cde0","Employment in the Sector for Qataris","Employment in the Sector for Qataris","-","-","Employment in the Sector for Qataris","Employment in the Sector for Qataris","0","","","",""
"8c421637-d716-4d97-8dec-b5f6ed997776","4c8b1c55-4411-4c84-b959-15baecf60189","Yearly Value of Stocks Traded (share of total market cap)","القيمة السنوية للأسهم المتداولة (نسبة من إجمالي القيمة السوقية)","<p>Yearly Value of Stock Traded (% of Total Market Cap) represents the total annual value of equity shares traded on the stock exchange as a percentage of the total market capitalization of listed companies.</p>","<p>القيمة السنوية للأسهم المتداولة (% من إجمالي القيمة السوقية) تمثل إجمالي القيمة السنوية للأسهم العادية المتداولة في البورصة كنسبة مئوية من إجمالي القيمة السوقية للشركات المدرجة.</p>","Yearly Value of Stocks Traded (share of total market cap)","القيمة السنوية للأسهم المتداولة (نسبة من إجمالي القيمة السوقية)","0","39","2021","150","2030"
"acf7f0d5-cd44-4f75-81f2-b66f4b1c6d9f","74ae8434-01b9-4261-bf55-4318abc7641d","Public Debt as a Function of GDP Demo","Public Debt as a Function of GDP Demo","-","-","Public Debt as a Function of GDP Demo","Public Debt as a Function of GDP Demo","0","","","",""
"46ae67ae-f9c0-467e-afc4-b75159cfd148","6a5ec7be-014a-400d-9320-aab976599654","The Economic Participation Rate of People with Disabilities","معدل المشاركة الاقتصادية لذوي الإعاقة","-","-","The Economic Participation Rate of People with Disabilities","معدل المشاركة الاقتصادية لذوي الإعاقة","0","","","",""
"3876ad00-16d8-4346-a33e-b81432a9da83","4a68ffd6-e2ee-4b36-b5ef-9b32f7556cdd","Identify and develop one investment opportunity in the fields of specialty chemicals, 3D Printing for spare parts, and advanced maintenance Center by 2028","تحديد عًلى اًلاقل فًرصة اًستثمارية واحدة فًًي مًجالات اًلكيماويات اًلمتخصصة وًالطباعةً ثلاثية اًلأبعاد لًقطع اًلغيار وًمركز اًلصيانة اًلمتقدم بًحلول عًامً 2028","program indicator ","مؤشر برنامج","Identify and develop one investment opportunity in the fields of specialty chemicals, 3D Printing for spare parts, and advanced maintenance Center by 2028","تحديد عًلى اًلاقل فًرصة اًستثمارية واحدة فًًي مًجالات اًلكيماويات اًلمتخصصة وًالطباعةً ثلاثية اًلأبعاد لًقطع اًلغيار وًمركز اًلصيانة اًلمتقدم بًحلول عًامً 2028","0","0","2024","1","2028"
"24590c8b-8bb1-4462-bffb-b9665ed35438","0ba54b66-cdae-4479-8178-ef36652a67a9","Gross Value Added GVA (QAR, m)-2","القيمة المضافة الإجمالية GVA الإجمالية (مليون ر.ق.)-1","-","-","Gross Value Added GVA (QAR, m)-2","القيمة المضافة الإجمالية GVA الإجمالية (مليون ر.ق.)-1","0","","2023","",""
"ffa01522-0459-403d-9b34-ba4b0f1bc28a","f834d328-e379-4221-a9ec-2620875ac997","Total LNG Exports","إجمالي صادرات الغاز الطبيعي المسال","<p>Qatar LNG Exports measures the total volume or value of liquefied natural gas exported from Qatar over a given period. It reflects Qatar’s performance in the global LNG market, its role in supporting to international gas supply, and its exposure to disruption risks affecting LNG export and shipping routes.&nbsp;</p>","<p>تقيس صادرات قطر من الغاز الطبيعي المسال إجمالي حجم أو قيمة الغاز الطبيعي المسال الذي تصدّره دولة قطر خلال فترة زمنية محددة. ويعكس هذا المؤشر أداء قطر في سوق الغاز الطبيعي المسال العالمي    ، ودور هذه الصادرات في دعم الإمدادات الدولية من الغاز    ، ومدى تعرضها لمخاطر الاضطرابات التي قد تؤثر على مسارات تصدير وشحن الغاز الطبيعي المسال.</p>","Total LNG Exports","إجمالي صادرات الغاز الطبيعي المسال","0.00","","","",""
"adb47e33-2aa5-4416-a8b5-ba75bb017a96","1c7e993d-4388-4448-9b76-edfcaeac4023","Surplus/Deficit","الفائض/العجز","<p>Surplus/Deficit</p>","<p>الفائض/العجز</p>","Surplus/Deficit","الفائض/العجز",".1","","","",""
"9d0d30c7-bd9c-4aeb-b354-bad7f446ced9","a55f669f-7fb2-4e7f-9480-66ba74955dbc","Benchmark - Government Revenues ","Benchmark - Government Revenues ","-","-","Benchmark - Government Revenues ","Benchmark - Government Revenues ","0","","2024","","2024"
"902fb59a-a5d6-4b33-86e5-bae82dd9b74f","c263ba5d-8f26-4191-9fe6-027774ec161e","Datasets-4","Datasets-5","-","-","Datasets-4","Datasets-5","0","","","",""
"ffefd239-00b5-4d1a-90d5-baf6961680ba","d85057ea-8528-41ab-ad26-493cae930538","Value of contracts awarded from total public procurement (QAR billion)-2","Value of contracts awarded from total public procurement (QAR billion)-1","-","-","Value of contracts awarded from total public procurement (QAR billion)-2","Value of contracts awarded from total public procurement (QAR billion)-1","0","","","",""
"a9eee2d0-61e6-435c-806f-bc0f262b5a21","baecbccc-de9c-4692-8bde-608652297f23","Project goals achievement percentage","نسبة تحقيق أهداف المشروع","-","-","Project goals achievement percentage","نسبة تحقيق أهداف المشروع","0","","2023","",""
"0bf918a7-2245-4091-9e19-bc135c01b67e","c28d79e8-563c-4b56-8cc0-786efec6e92e","Percentage of Contracts with Local Companies in Government Procurement","نسبة التعاقدات مع شركات محلية في المشتريات الحكومية","<p>Percentage of Contracts with Local Companies in Government Procurement</p>","<p>نسبة التعاقدات مع شركات محلية في المشتريات الحكومية</p>","Percentage of Contracts with Local Companies in Government Procurement","نسبة التعاقدات مع شركات محلية في المشتريات الحكومية","","17","2022","",""
"5f896104-6449-4588-b2f2-bceca7b42eb9","08c3ddaf-5a58-4e94-8fcb-be81e945b2ce","Others","آخرون","<p>Others</p>","<p>آخرون</p>","Others","آخرون","0.0","","","",""
"09d32201-d0e9-4907-8d80-bd709d24031f","50ef8a16-7bf5-4d52-8093-98a9cd898b26","Top issues/obstacles","Top issues/obstacles","As reported by IPAQ via IPSOS as contained within the Qatari FDI Business Environment Survey","As reported by IPAQ via IPSOS as contained within the Qatari FDI Business Environment Survey","Top issues/obstacles","Top issues/obstacles","0","","2023","",""
"03686c6d-63ab-4e70-ad96-bd86223b7294","16bcf4e3-d02e-4dc8-8ddd-24fadbaa9621","Value of Assets Under Management (QAR, bn)-1","قيمة الأصول من الشركات-1","-","-","Value of Assets Under Management (QAR, bn)-1","قيمة الأصول من الشركات-1","0","","2023","",""
"3f5cbdfd-e0c6-4a26-b4a9-bdbdbbaf0b2d","cc260ea8-2eda-423f-a693-03dc98f19cc0","Expected GDP Impact in 2021-3","تأثير الناتج المحلي الإجمالي المتوقع في عام 2021-7","-","-","Expected GDP Impact in 2021-3","تأثير الناتج المحلي الإجمالي المتوقع في عام 2021-7","0","","2023","",""
"020d8c70-3540-4898-9a96-bdd3501cbab1","9fa7d4bf-61ac-49a3-fd53-08dd8ca66f9c","Cost of Living - Recreation and Culture","تكلفة المعيشة - الترفيه والثقافة","A statistical measure of changes in the prices of a fixed market basket consists of goods and services","يُعد مؤشر تكلفة المعيشة مقياس إحصائي للتغيرات في أسعار سلة أسهم السوق من السلع والخدمات","Recreation and Culture","الترفيه والثقافة","0.00","","","",""
"6c6201b5-922b-46e7-9863-be0d262a9351","910c3642-8553-4608-a6ca-2037fc72a7cc","Raising the efficiency of the return on investment on education","Raising the efficiency of the return on investment on education","-","-","Raising the efficiency of the return on investment on education","Raising the efficiency of the return on investment on education","0","","","",""
"26f56b44-539e-49e6-9bbe-be98bd26ea05","b3081714-bb56-44aa-8634-99236a47c31c","Refined Oil","النفط المكرر","<p>Refined Oil</p>","<p>النفط المكرر</p>","Refined Oil","النفط المكرر","0.00","","","",""
"24bb59a2-1f93-45f9-b905-bebd157c978e","1c7e993d-4388-4448-9b76-edfcaeac4023","Revenue","الإيرادات","<p style=""text-align:justify;"">This indicator plots total government revenue and total expenditure on the same scale each quarter, with the gap between them showing the budget balance — surplus when revenue exceeds expenditure, deficit when it does not. It is the clearest view of whether the State is living within its means.&nbsp;</p>","<p style=""text-align:justify;"">يرسم هذا المؤشر إجمالي إيرادات الحكومة وإجمالي النفقات على نفس المقياس في كل ربع سنة  ، مع الفجوة بينهما التي تظهر ميزان الميزانية — فائض عندما تتجاوز الإيرادات الإنفاق  ، وعجز عندما لا يتجاوز ذلك. إنها أوضح رؤية حول ما إذا كانت الدولة تعيش ضمن إمكانياتها.&nbsp;</p>","Revenue","الإيرادات",".1","","","",""
"1273f627-dc8a-401e-b65d-bfaa219ae686","01772ba0-d269-4063-ab49-83bfe9e1659e","Expected GDP Impact in 2024-7","تأثير الناتج المحلي الإجمالي المتوقع في عام 2024-1","-","-","Expected GDP Impact in 2024-7","تأثير الناتج المحلي الإجمالي المتوقع في عام 2024-1","0","","","",""
"969d93d1-cca1-4570-aa8e-bfc5e4005ba9","b3081714-bb56-44aa-8634-99236a47c31c","Polymers","البوليمرات","<p>Polymers</p>","<p>البوليمرات</p>","Polymers","البوليمرات","0.00","","","",""
"6a334dd1-3a14-4368-a24f-bff7e6b34e24","8ff6ea41-22b4-4ed2-a1a3-fc751db2128c","International Co-invention","International Co-invention","-","-","International Co-invention","International Co-invention","0","","","",""
"ec2c3d65-634a-4c89-a272-c0406445bdca","6d35354a-faa5-44a2-9c55-8a09bdf54339","Ensuring the well-being and quality of life of the student","Ensuring the well-being and quality of life of the student","-","-","Ensuring the well-being and quality of life of the student","Ensuring the well-being and quality of life of the student","0","","","",""
"73f704e2-5aec-4b95-91bf-c077d3474ff6","e27e2984-0c6f-4a8a-9f08-92f674fed601","Reduction of Outpatient Visits to Hospitals","Reduction of Outpatient Visits to Hospitals","-","-","Reduction of Outpatient Visits to Hospitals","Reduction of Outpatient Visits to Hospitals","0","","2025","",""
"bb3514e6-9e2b-47e4-b1e7-c07a4733de34","2c5f499f-a5f1-471a-b662-08dd8ca641ed","Sector Exports - Passenger","صادرات القطاع - الركاب","Sector Exports - Passenger typically refers to the export value of services provided by the passenger transport sector, such as air travel, sea transport, and other forms of passenger movement across borders. These exports involve international transactions where a country provides transport services to non-resident passengers","يشير مؤشر ""صادرات القطاع - الركاب"" إلى قيمة الخدمات المقدمة من قطاع نقل الركاب                     ، مثل النقل الجوي والنقل البحري وأشكال أخرى من النقل. تشمل هذه الصادرات المعاملات الدولية حيث تقدم الدولة خدمات النقل للركاب غير المقيمين","Sector Exports - Passenger","صادرات القطاع - الركاب","bn0.0000","38.5","2021","48.51","2030"
"519bea4b-8688-4c31-9762-c089db304f82","88d0873d-62f2-4329-b65a-08dd8ca641ed","Sector Contribution to GDP","مساهمة القطاع في الناتج المحلي الإجمالي","<p>Sector Contribution to GDP in Financial and Insurance refers to the share of a country's total economic output generated by the financial services and insurance sectors. This includes activities like banking, investment, insurance, real estate services, and asset management. The sector plays a key role in economic growth by facilitating investment, risk management, and the flow of capital, while also providing essential services that support other industries.</p>","<p>يقيس مؤشر مساهمة القطاع في الناتج المحلي الإجمالي حصة قطاع الأنشطة المالية وأنشطة التأمين من الناتج المحلي الإجمالي لاقتصاد الدولة                           ، ويشمل ذلك أنشطة البنوك                           ، والاستثمار                           ، والتأمين                           ، والخدمات العقارية                           ، وإدارة الأصول. يلعب هذا القطاع دورًا حيويًا في النمو الاقتصادي من خلال تسهيل الاستثمارات                           ، وإدارة المخاطر                           ، وتدفق رأس المال                           ، بالإضافة إلى توفير خدمات أساسية تدعم القطاعات الأخرى.</p>","Sector Contribution To GDP (Financial & Insurance)","مساهمة القطاع في الناتج المحلي الإجمالي )الأنشطة المالية وأنشطة التأمين(","bn16.123","","","",""
"987ac4bf-8dc3-4a90-a048-c17a1f47fcbe","79f364ea-1496-49eb-b80f-3ea336c6b428","Industrial Zones Development - Completion (%)","Industrial Zones Development - Completion (%)","-","-","Industrial Zones Development - Completion (%)","Industrial Zones Development - Completion (%)","0","","2023","",""
"dfbef5c6-eb53-4996-9717-c20dca7d88db","d977f8ca-6a87-4543-80dc-020560128967","Classified Hotels (%)","الفنادق المصنفة (٪)","-","-","Classified Hotels (%)","الفنادق المصنفة (٪)","0","87","2022","",""
"2bd6cac9-1267-4225-8670-c2315423b10f","946ab363-fff2-4714-8f79-013a51ec2434","Licensed Companies-1","الشركات المرخصة-2","-","-","Licensed Companies-1","الشركات المرخصة-2","0","","","",""
"7c495cce-cea0-4805-b599-c3012b6545dd","127faf0a-9c85-4bd1-9b50-fda6c0e152fe","The Percentage of Government Employees Working in High-skilled Jobs","نسبة الموظفين الحكوميين يعملون في وظائف تتطلب مهارات عالية ","-","-","The Percentage of Government Employees Working in High-skilled Jobs","نسبة الموظفين الحكوميين يعملون في وظائف تتطلب مهارات عالية ","0","","","",""
"b70e02ef-41b4-4eba-b690-c3099667dc6b","b16a328a-35ee-4087-95c6-06003c11c3dc","Expected GDP Impact in 2022-3","تأثير الناتج المحلي الإجمالي المتوقع في عام 2022-4","-","-","Expected GDP Impact in 2022-3","تأثير الناتج المحلي الإجمالي المتوقع في عام 2022-4","0","","","",""
"8685e19d-5334-4334-82c1-c36b82577f5e","c2dd124d-65a4-4a7e-b66a-08dd8ca641ed","Sector Contribution to GDP","مساهمة القطاع في الناتج المحلي الإجمالي (السياحة)","<p>-</p>","<p>&nbsp;</p><p>-<br>&nbsp;</p>","Sector Contribution to GDP (Tourism)","مساهمة القطاع في الناتج المحلي الإجمالي (السياحة)","0.0","4.7","2021","12","2030"
"fcbf5546-b666-4713-baa8-c378c606f53f","da27153d-3966-4f8b-a091-5f0331c55bb1","B-READY Index Rank","ترتيب دولة قطر في مؤشر جاهزية الأعمال","-","-","B-READY Index Rank","ترتيب دولة قطر في مؤشر جاهزية الأعمال","0","","2024","10","2030"
"da93b433-1f58-4fc7-b5a9-c38148f16990","0f0d0f6e-6e2d-4f66-a575-eb2fb8a28957","Number of Investment Projects-2","Number of Investment Projects-2","-","-","Number of Investment Projects-2","Number of Investment Projects-2","0","86","2021","",""
"cd35663a-8f43-4038-9f69-c38f3f038381","c35be2d1-50ef-444f-bd63-e6f1f2bec5ed","GDP total","GDP total","-","-","GDP total","GDP total","0","","2023","",""
"d00d2f12-6c43-4bd2-81d9-c3bdd7801097","35227ee8-c158-4843-aae5-582d2f8bf0e5","Expected GDP Impact in 2023-4","تأثير الناتج المحلي الإجمالي المتوقع في عام 2023-6","-","-","Expected GDP Impact in 2023-4","تأثير الناتج المحلي الإجمالي المتوقع في عام 2023-6","0","","2023","",""
"397392ae-235b-4707-81d3-c3e663985eab","36d1a9db-e4fc-4a88-bbd8-f4c4455cb688","Number of ICV-Certified companies-2","Number of ICV-Certified companies-2","-","-","Number of ICV-Certified companies-2","Number of ICV-Certified companies-2","0","","","",""
"5fa323c7-7707-4481-8e8e-c40767e5454c","e60d03d5-8483-4b59-b23d-591013d8a4fb","Number of Returning Clients-1","Number of Returning Clients-1","-","-","Number of Returning Clients-1","Number of Returning Clients-1","0","0","2023","",""
"adb4e2e9-6166-4a75-876e-c43d3501eff5","9fa7d4bf-61ac-49a3-fd53-08dd8ca66f9c","Cost of Living - Transport","تكلفة المعيشة - النقل","A statistical measure of changes in the prices of a fixed market basket consists of goods and services","يُعد مؤشر تكلفة المعيشة مقياس إحصائي للتغيرات في أسعار سلة أسهم السوق من السلع والخدمات","Transport","النقل","0.00","","","",""
"b65aee36-83b0-4858-9cc9-c4e76693886d","2f1d71ca-d2a7-4190-8a38-15695ae493b9","Expected GDP Impact in 2021-6","تأثير الناتج المحلي الإجمالي المتوقع في عام 2021-4","-","-","Expected GDP Impact in 2021-6","تأثير الناتج المحلي الإجمالي المتوقع في عام 2021-4","0","","2023","",""
"c2ad7df1-b837-48a0-9a69-c52db043f234","1892f6f6-16ad-4839-acc3-7c4f1bfe4a5b","- Of which are local-2","القيمة المضافة الإجمالية GVA المحلية (مليون ر.ق.)-2","-","-","- Of which are local-2","القيمة المضافة الإجمالية GVA المحلية (مليون ر.ق.)-2","0","","2023","",""
"d18f80ad-076c-4467-af7a-c5db62ee328f","d8803f33-1be0-4061-a857-342a1f42075e","ROI (Actual Received) - (QAR, Bn)","ROI (Actual Received) - (QAR, Bn)-2","-","-","ROI (Actual Received) - (QAR, Bn)","ROI (Actual Received) - (QAR, Bn)-2","0","","","",""
"6f248de5-c583-41cb-a640-c7150f6b5f01","9a5a8219-3aaa-48e7-ad6f-08564864d00c","Polyvinyl Chloride (PVC)","كلوريد البولي فينيل (PVC)","<p>Polyvinyl Chloride (PVC)</p>","<p>كلوريد البولي فينيل (PVC)</p>","Polyvinyl Chloride (PVC)","كلوريد البولي فينيل (PVC)","0.00","","","",""
"4e1e5db0-c281-469a-805c-c74a2ed3d358","42e49847-b2b4-4798-9f37-7550a4c364ed","Number of Events-1","Number of Events-2","-","-","Number of Events-1","Number of Events-2","0","","","",""
"bc49d2ec-70db-47b9-a72f-c78bf1844633","9fa7d4bf-61ac-49a3-fd53-08dd8ca66f9c","Cost of Living - Furniture and Household Equipment","تكلفة المعيشة - الأثاث والأجهزة المنزلية","A statistical measure of changes in the prices of a fixed market basket consists of goods and services","يُعد مؤشر تكلفة المعيشة مقياس إحصائي للتغيرات في أسعار سلة أسهم السوق من السلع والخدمات","Furnishings, Houshold Equipment","الأثاث والأجهزة المنزلية","0.00","","","",""
"c8367af3-c6b8-40bf-91f2-c7f335d061b6","06fe4f3b-2c91-445a-9e1b-8681a8d4039d","- Of which are partnerships-6","القيمة المضافة الإجمالية GVA الشراكات (مليون ر.ق.)-1","-","-","- Of which are partnerships-6","القيمة المضافة الإجمالية GVA الشراكات (مليون ر.ق.)-1","0","","2023","",""
"a5aecd70-67ec-44b8-94f4-c87f7d7d8e06","1708ac18-eea4-427a-9eb6-921333bd5174","Share of Qataris in High-Skilled White Collar","نسبة القطريين في وظائف المهارات العالية من ذوي الياقات البيضاء","-","-","Share of Qataris in High-Skilled White Collar","نسبة القطريين في وظائف المهارات العالية من ذوي الياقات البيضاء","0","","2021","","2030"
"d4b84090-8c20-49d5-9921-c94130b68724","d5b90910-0224-4d72-9a42-77664d400101","Non-Hydrocarbon Revenue","الإيرادات غير الهيدروكربونية","<p>Non-Hydrocarbon Revenue</p>","<p>الإيرادات غير الهيدروكربونية</p>","Non-Hydrocarbon Revenue","الإيرادات غير الهيدروكربونية",".0","","","",""
"c90082e7-c983-4650-b6e5-c987dc0710f5","19074f95-570d-42c1-a85a-9c08cbfbd2d6","Production in Greenhouses, Overall","الإنتاج في البيوت المحمية","Production in Greenhouses - Overall refers to the total output of crops grown in controlled, indoor environments such as greenhouses. This production method allows for better control over temperature, humidity, and light, often leading to higher yields and the ability to grow crops out of season. It typically includes vegetables, fruits, and herbs, contributing significantly to agriculture by providing a more stable and efficient way of producing food","يقيس مؤشر إنتاجية المحاصيل - الخضراوات                     ، البيوت المحمية إجمالي المحاصيل التي تُزرع في بيئات داخلية خاضعة للرقابة مثل البيوت المحمية. وتتيح هذه الطريقة الزراعية تحكمًا أفضل في درجة الحرارة والرطوبة والضوء                     ، مما يؤدي غالبًا إلى تحقيق إنتاجية أعلى وقدرة على زراعة المحاصيل خارج مواسمها الطبيعية. وتشمل عادةً الخضروات والفواكه والأعشاب                     ، مما يساهم في نمو القطاع الزراعي من خلال توفير وسيلة أكثر استقرارًا وكفاءة لإنتاج الغذاء","Production in Greenhouses, Overall","الإنتاج في البيوت المحمية","0","61000","2020","200000","2030"
"442c344f-abf2-429b-9931-c988e512083e","eb4e7cc9-79d1-4925-9cfa-b84d4073783c","Dataset-2","Dataset-7","-","-","Dataset-2","Dataset-7","0","0","2022","",""
"8590951e-88a8-49c5-8587-c9bfbfbbf0cc","08c3ddaf-5a58-4e94-8fcb-be81e945b2ce","UAE","الإمارات العربية المتحدة","<p>UAE</p>","<p>الإمارات العربية المتحدة</p>","UAE","الإمارات العربية المتحدة","0.0","","","",""
"e67f098e-7d6b-44af-8951-c9dc20a47b67","decc642e-0d7d-4dcb-8490-1ae918489eba","Expected GDP Impact in 2023-7","تأثير الناتج المحلي الإجمالي المتوقع في عام 2023-3","-","-","Expected GDP Impact in 2023-7","تأثير الناتج المحلي الإجمالي المتوقع في عام 2023-3","0","","2023","",""
"29b7dd7a-cb3f-4cf1-8ed1-ca043512d26c","33fb9a78-b111-480b-9daf-27b4847548d6","Number of Jobs Created-2","Number of Jobs Created-2","-","-","Number of Jobs Created-2","Number of Jobs Created-2","0","4200","2021","",""
"fd037d21-ad8d-42ef-9c78-ca7ee929ab06","c1392d7e-8305-4df3-8b74-83b9cc78cff2","Number of Non-Qatari Jobs","عدد الوظائف لغير القطريين-1","-","-","Number of Non-Qatari Jobs","عدد الوظائف لغير القطريين-1","0","10708","2023","19000","2030"
"57d27c13-dc9e-449e-92eb-cb837f09e1b9","5e0e91f2-6d4a-43d1-b657-1f9dbfb1f46e","Trade Volume","حجم التجارة","-","-","Trade Volume (Goods and Services)-(QAR, bn)","حجم التبادل التجاري (السلع والخدمات) - (مليار ر.ق.)","0","612.87","2018","","2024"
"3c2e32b8-73cc-48bd-bf5f-cc3e0f01237d","5651c14f-37c9-407a-8069-3dc8d58bbd27","Government Revenues 18/10 - update","Government Revenues 18/10 - update","-","-","Government Revenues 18/10 - update","Government Revenues 18/10 - update","0","55","2019","",""
"410e9704-ec5d-4099-ba9c-cc7f9a64ba8b","9229663a-6caa-480d-876b-66b1f05549af","Current Expenditure","الإنفاق الجاري","<p>Current Expenditure</p>","<p>الإنفاق الجاري</p>","Current Expenditure","الإنفاق الجاري",".1","","","",""
"6776e4b6-1659-4bc1-a15b-cd4190d442ac","11002925-a327-4b01-a247-97bf8aa9c668","حجم القدرة الاستيعابية للمستودعات الجمركية في المطارات","حجم القدرة الاستيعابية للمستودعات الجمركية في المطارات","-","-","حجم القدرة الاستيعابية للمستودعات الجمركية في المطارات","حجم القدرة الاستيعابية للمستودعات الجمركية في المطارات","0","80","2024","120","2030"
"bd6b73dd-5224-4567-a8ac-cdcc2195ed24","046ce7d9-1478-43a0-a278-fcec34edb834","Number of Hotel Keys","عدد الغرف الفندقية المتاحة","-","-","Number of Hotel Keys","عدد الغرف الفندقية المتاحة","0","29.77","2022","","2024"
"5f0d44b8-02ac-46b0-b3f2-ce11b4402d89","55f354bd-3861-430c-b907-250224a1d995","Social Services","الخدمات الاجتماعية","<p>Social Services</p>","<p>الخدمات الاجتماعية</p>","Social Services","الخدمات الاجتماعية",".1","","","",""
"8f3d3c22-5b95-497d-a6d0-ce2171aff235","06b24044-f678-4e7c-9564-f15b7dd47aac","R&D expenditures by the private sector as % of total expenditures","R&D expenditures by the private sector as % of total expenditures","-","-","R&D expenditures by the private sector as % of total expenditures","R&D expenditures by the private sector as % of total expenditures","0","","","",""
"e9faf06c-3777-4260-ab9e-ce9f727ee93c","22772bd5-8959-454b-9672-6e1222215be5","Total Expenditure on Health Services from Medical Tourism","إجمالي الإنفاق على الخدمات الصحية من السياحة العلاجية","-","-","Total Expenditure on Health Services from Medical Tourism","إجمالي الإنفاق على الخدمات الصحية من السياحة العلاجية","0","56","2025","67","2030"
"2fe17371-f1f1-4c2e-8740-cf498ee709cb","97869a8a-93f4-47b6-a599-5eb0427f158a","MSCI All Country World Rank","الترتيب في مؤشر ""مورجان ستانلي كابيتال إنترناشيونال"" - MSCI العالمي لجميع دول العالم","-","-","MSCI All Country World Rank","الترتيب في مؤشر ""مورجان ستانلي كابيتال إنترناشيونال"" - MSCI العالمي لجميع دول العالم","0","","","",""
"1c919eed-036e-41a6-8386-cf4a8dde6134","03b6dab9-bdb3-4858-9727-4aa7bd3be850","Public Debt as a Percentage of GDP (%)","الدين العام  (نسبة من الناتج المحلي الإجمالي)","Public debt is the total amount borrowed by the government from domestic or foreign sources to finance deficits or unmet expenditures; it including loans, bonds, and other liabilities.","الدين العام هو إجمالي المبالغ التي تقترضها الحكومة من مصادر داخلية أو خارجية لتمويل عجز الموازنة أو تغطية نفقات لا يمكن تمويلها من الإيرادات العامة                              ، ويشمل ذلك القروض والسندات وغيرها من الالتزامات المالية المستحقة على الدولة.","Public Debt (share of GDP)","الدين العام  (نسبة من الناتج المحلي الإجمالي)","0.0","63","2019","","2024"
"a25141e6-6930-4234-bd06-cf9cc0f4fca0","c92551b1-c37d-42fb-9193-617be7a56704","Share of Foreign Students Residing in and Working in Qatar for 3 Years After Graduation","نسبة الطلبة الأجانب المقيمين في قطر والعاملين بها لمدة 3 سنوات بعد التخرج","-","-","Share of Foreign Students Residing in and Working in Qatar for 3 Years After Graduation","نسبة الطلبة الأجانب المقيمين في قطر والعاملين بها لمدة 3 سنوات بعد التخرج","0","","","",""
"44d7bf31-783e-419a-b662-d0422c529461","e92c60df-4132-4c52-b87e-bd23ebefb8ac","- Of which are foreign-5","عدد الشركات (الأجنبية)-2","-","-","- Of which are foreign-5","عدد الشركات (الأجنبية)-2","0","","","",""
"f7d53339-e511-4934-a233-d0a0c01528df","9fa7d4bf-61ac-49a3-fd53-08dd8ca66f9c","Cost of Living - Others","تكلفة المعيشة - السلع والخدمات الأخرى","A statistical measure of changes in the prices of a fixed market basket consists of goods and services","يُعد مؤشر تكلفة المعيشة مقياس إحصائي للتغيرات في أسعار سلة أسهم السوق من السلع والخدمات","Others","السلع والخدمات الأخرى","0.00","","","",""
"52583379-4899-46b4-b7a2-d0dfb9bbdc71","f40c099b-fe38-4c0c-ab6b-6f482504ba41","India","الهند","<p>India</p>","<p>الهند</p>","India","الهند","0.00","","","",""
"00f6f70d-5c99-429e-8526-d0ef07bbeee9","46de1ee0-55ea-4990-ad02-76937f4c7c75","CPI: education (%)","CPI: education (%)","-","-","CPI: education (%)","CPI: education (%)","0","","","",""
"a1ef0f50-5178-4e3f-95ce-d14fe0905888","55f354bd-3861-430c-b907-250224a1d995","Tourism & Culture","السياحة والثقافة","<p>Tourism &amp; Culture</p>","<p>السياحة والثقافة</p>","Tourism & Culture","السياحة والثقافة",".1","","","",""
"60d62d52-0d35-45f8-8afa-d1f005d9d16e","32a62247-fdff-4032-b3bb-a4f438bbe26f","Share of Qataris enrolled in Government Schools out of the Total Number of Qataris in State Schools (Public and Private)","نسبة القطريين الملتحقين بالمدارس الحكومية من مجموع القطريين في مدارس الدولة (الحكومية والخاصة)","-","-","Share of Qataris enrolled in Government Schools out of the Total Number of Qataris in State Schools (Public and Private)","نسبة القطريين الملتحقين بالمدارس الحكومية من مجموع القطريين في مدارس الدولة (الحكومية والخاصة)","0","59","2021","","2024"
"c4abe7a5-763f-48ee-8ec5-d23606a9ab0d","b944f994-eab7-4e7c-8786-f9e2e96dc3d7","Qatarization Rate for Public Entities (%)","نسبة التقطير في الجهات العامة","-","-","Qatarization Rate for Public Entities (%)","نسبة التقطير في الجهات العامة","0","","2024","45","2030"
"485f1b68-a29e-46e0-8115-d2cabb8d8901","e6f42ea3-2943-48dc-a4fb-8e2db81927dc","Number of large companies targeted","عدد الشركات الكبرى المستهدفة ","Large companies (Companies of logistics providers) targeted by project (Attracting large companies to increase shipment/trans-shipment flows)No. 27 of Invest Qatar","الشركات الكبرى )شركات مزودة الخدمات اللوجستية( المستهدفة من خلال مبادرة رقم 27 من قبل وكالة ترويج الاستثمار","Number of large companies targeted","عدد الشركات الكبرى المستهدفة ","0","0","2024","10","2030"
"3f51396d-0b8d-48c7-8100-d33573a13734","9a5a8219-3aaa-48e7-ad6f-08564864d00c","Polymers","البوليمرات","<p>Polymers</p>","<p>البوليمرات</p>","Polymers","البوليمرات","","","","",""
"848efed9-8843-451b-ae45-d37acd1d477f","0bec94e2-452d-4992-a7c9-a1131d3f5f54","Expected GDP Impact in 2024-6","تأثير الناتج المحلي الإجمالي المتوقع في عام 2024-3","-","-","Expected GDP Impact in 2024-6","تأثير الناتج المحلي الإجمالي المتوقع في عام 2024-3","0","","2023","",""
"f3d9ae61-a4ca-45a7-b9c0-d3c7211cb6fb","02fcdd46-0963-4e37-8af1-4770b516029f","Crop Yield - Vegetables, Open Field","إنتاجية المحاصيل - الخضراوات         ، الحقول المكشوفة","Crop Yield - Vegetables, Open Field"" refers to the quantity of vegetables produced per unit area in an open field environment, where crops are grown directly in the soil without protective structures like greenhouses. This traditional farming method relies on natural weather conditions and soil fertility, making it susceptible to factors such as climate variability, pests, and diseases. Despite these challenges, open field cultivation remains a common practice for many vegetable crops due to its cost-effectiveness and scalability","يُشير مصطلح ""إنتاجية المحاصيل - الخضراوات         ، الحقول المكشوفة"" إلى كمية الخضروات المنتجة لكل وحدة مساحة مخصصة للزراعة في الحقول المكشوفة         ، حيث تُزرع المحاصيل مباشرة في التربة دون استخدام هياكل حماية كما في البيوت المحمية. تعتمد هذه الطريقة التقليدية على ظروف المناخ  وخصوبة التربة         ، مما يجعلها عرضة لعوامل مثل تقلبات المناخ         ، والآفات الزراعية         ، والأمراض. ورغم هذه التحديات         ، تظل الزراعة في الحقول المكشوفة أساسية في زراعة العديد من أنواع الخضروات نظرًا لتكلفتها المنخفضة وقدرتها على تحسين الإنتاجية","Crop Yield - Vegetables, Open Field","إنتاجية المحاصيل - الخضراوات         ، الحقول المكشوفة","0","16.5","2020","20","2030"
"fa320124-2b6c-4142-8de1-d3fd69c7844d","14c9574f-7f91-42dd-8ae8-c868ea7cad37","west bay dataset","west bay dataset","-","-","west bay dataset","west bay dataset","0","","","",""
"abfb9dbc-1d68-4714-b69e-d402e7e16b11","b80e65b6-c1c4-4daf-93cd-11dc592f5ed7","Average Rate of School Absenteeism","معدل التغيب عن المدرسة في الصفوف 1-12","-","-","Average Rate of School Absenteeism","معدل التغيب عن المدرسة في الصفوف 1-12","0","","","",""
"c48196ce-e989-4502-85ba-d52841b0eb84","baa02dc2-7b71-4336-a36c-9ed00c23bc37","Capital Investments (QAR, m)-1","الاستثمارات الرأسمالية (مليون ر.ق.)-1","-","-","Capital Investments (QAR, m)-1","الاستثمارات الرأسمالية (مليون ر.ق.)-1","0","","2023","",""
"e055cdc0-1261-484a-a160-d566d5ffafd4","a40447a8-002a-4a9f-9bd7-5b5e1c4cf900","Number of Industrial Laws and Legislations Reviewed","عدد القوانين والتشريعات الصناعية التي تم مراجعتها ","-","-","Number of Industrial Laws and Legislations Reviewed","عدد القوانين والتشريعات الصناعية التي تم مراجعتها ","0","","2023","",""
"169f8521-98cf-416b-aa05-d569d814024e","d1ef9ef5-aa9a-4132-a04b-8cf63fe8387e","Share of high-skilled labor - Qataris","نسبة الوظائف عالية المهارة من إجمالي الوظائف في القطاع - القطريين","-","-","Share of high-skilled labor - Qataris","نسبة الوظائف عالية المهارة من إجمالي الوظائف في القطاع - القطريين","0","0.17","2020","2","2030"
"cde154fa-b1a3-48c7-b7b2-d5d4d3ef74c0","61cd97c1-aa02-472b-bb04-08de0ba11ad8","Milk/Dairy","الحليب والألبان","<p>-</p>","<p>-</p>","Milk/Dairy","الحليب والألبان","0.0","{""en"":""100"",""ar"":""100""}","2022","{""en"":""100"",""ar"":""100""}","2030"
"3f03f072-d5a7-4693-84f4-d638cdbfaf0c","1cd9ae28-478d-423f-fc28-08dd8f984037","Sector Exports","صادرات القطاع","<p>Sector Exports refers to the value of goods and services exported from a specific sector of the economy. It represents the share of exports generated by industries like manufacturing, agriculture, or services, contributing to a country's overall trade balance. This indicator helps assess the global competitiveness and economic health of specific sectors, as well as the diversification of export activities within an economy</p>","<p>يقيس مؤشر صادرات القطاع قيمة الإجمالية للسلع والخدمات التي يتم تصديرها من قطاع اقتصادي معين. ويعكس هذا المؤشر حصة الصادرات التي تحققها القطاعات المختلفة مثل التصنيع والزراعة والخدمات   ، بما يسهم في الميزان التجاري للدولة. كما يساعد على تقييم القدرة التنافسية العالمية للقطاعات المختلفة صحتها الاقتصادية   ، وقياس مدى تنوع الأنشطة التصديرية داخل الدولة</p>","Sector Exports","صادرات القطاع","0.0","32.4","2020","170","2030"
"e77832fc-75b2-4551-b5f7-d66df726d84a","b3081714-bb56-44aa-8634-99236a47c31c","Liquified Natural Gas (LNG)","الغاز الطبيعي المسال (LNG)","<p>This indicator measures Qatar’s contribution to the global supply of strategic commodities, including liquefied natural gas (LNG), polymers, fertilizers, aluminum, helium and rare gases, condensates, and sulfur. It highlights Qatar’s geoeconomic importance in global energy, industrial, and food security markets, as well as the potential impact of disruptions in the Strait of Hormuz on global trade and supply chains.</p>","<p>يقيس هذا المؤشر الحصة المقدرة لدولة قطر في الإمدادات العالمية للسلع الاستراتيجية    ، بما في ذلك الغاز الطبيعي المسال    ، والبوليمرات    ، والأسمدة    ، والألمنيوم    ، والهيليوم/الغازات النادرة    ، والنفط الخام المكثف    ، والكبريت    ، بهدف تقييم المكانة الجيو-اقتصادية لدولة قطر في أسواق الطاقة والصناعة والأمن الغذائي    ، وتأثير أي اضطرابات في مضيق هرمز على سلاسل الإمداد والتجارة العالمية.</p>","Liquified Natural Gas (LNG)","الغاز الطبيعي المسال (LNG)","","","","",""
"374be755-e83d-45f8-bd07-d6df74b4fa44","5477825c-368d-421a-9716-ebed6bf30b46","Expected GDP Impact in 2023-5","تأثير الناتج المحلي الإجمالي المتوقع في عام 2023-5","-","-","Expected GDP Impact in 2023-5","تأثير الناتج المحلي الإجمالي المتوقع في عام 2023-5","0","","2023","",""
"d3195299-0b0f-43fd-98eb-d78d08e58113","f40c099b-fe38-4c0c-ab6b-6f482504ba41","Qatar Fertilizer and Ammonia Exports","صادرات الأسمدة والأمونيا القطرية","<p>Qatar Fertilizer and Ammonia Exports represent the total quantity or value of fertilizer products and ammonia exported by Qatar over a given period, , classified under HS codes 3101–3105 and 2814. This indicator serves as a strategic gauge of Qatar’s downstream industrial export performance, its role in global agricultural input and chemical supply chains, and its exposure to logistics constraints and regional geopolitical disruption, particularly around the Strait of Hormuz.</p>","<p>تمثل صادرات الأسمدة والأمونيا القطرية إجمالي كمية أو قيمة منتجات الأسمدة والأمونيا التي تصدرها قطر خلال فترة زمنية معينة  ، استنادًا إلى رموز HS 3101–3105 و2814. ويعمل هذا المؤشر كمقياس استراتيجي لأداء قطر في الصادرات الصناعية التحويلية  ، ودورها في سلاسل الإمداد العالمية للمنتجات الزراعية والكيماويات  ، وعرضتها للقيود اللوجستية والاضطرابات الجيوسياسية الإقليمية  ، خاصة حول مضيق هرمز.</p>","Qatar Fertilizer and Ammonia Exports","صادرات الأسمدة والأمونيا القطرية","0.00","","","",""
"76d45949-b917-4fb7-bd51-d828896e9c2c","7df3a1b8-a0b6-43e0-fd3b-08dd8ca66f9c","Sector Contribution To GDP","مساهمة القطاع في الناتج المحلي الإجمالي (الرعاية الصحية والخدمات الاجتماعية)","<p>The Sector Contribution to GDP in Health and Social Services measures the share of the economy's output generated by healthcare and social assistance services. This includes healthcare providers, social welfare programs, and services like elderly care, mental health services, and public health initiatives. It reflects the importance of these services in driving economic growth, particularly in nations investing heavily in public health and social support systems</p>","<p>يقيس مؤشر مساهمة القطاع في الناتج المحلي الإجمالي حصة قطاع الرعاية الصحية والخدمات الاجتماعية من الناتج المحلي الإجمالي لاقتصاد الدولة                               ، ويشمل ذلك مقدمي الرعاية الصحية                               ، وبرامج الرعاية الاجتماعية                               ، وخدمات رعاية المسنين                               ، وخدمات الصحة النفسية                               ، ومبادرات الصحة العامة. يعكس هذا المؤشر أهمية هذه الخدمات في دفع النمو الاقتصادي                               ، خاصة في الدول التي تستثمر بشكل كبير في أنظمة الصحة العامة والدعم الاجتماعي</p>","Sector Contribution To GDP (Health & Social Services)","مساهمة القطاع في الناتج المحلي الإجمالي (الرعاية الصحية والخدمات الاجتماعية)","bn0.00","","","16.7","2030"
"5aa7ea7d-3f83-4714-a930-d8b4138f3240","9a5a8219-3aaa-48e7-ad6f-08564864d00c","Liquefied Natural Gas (LNG)","الغاز الطبيعي المسال (LNG)","<p>he indicator reflects Qatar’s reliance on energy-related exports (LNG, crude oil, refined products) while also capturing the contribution of downstream sectors such as petrochemicals, fertilizers, aluminium, and industrial gases.</p>","<p>يعكس هذا المؤشر اعتماد قطر على الصادرات المتعلقة بالطاقة (الغاز الطبيعي المسال             ، النفط الخام             ، المنتجات المكررة) مع استقطاب مساهمة القطاعات الدنوية مثل البتروكيماويات والأسمدة والألمنيوم والغازات الصناعية.</p>","Liquefied Natural Gas","الغاز الطبيعي المسال (LNG)",".00","","","",""
"173218e2-6926-4208-9bea-d8bcb5150f80","2df5d437-e6cc-4fa5-9c4f-7cf259102cef","Net Enrolment Rate in Technical and Vocational Education (TVET)","صافي معدل الالتحاق بالتعليم التقني والتدريب المهني ","-","-","Net Enrolment Rate in Technical and Vocational Education (TVET)","صافي معدل الالتحاق بالتعليم التقني والتدريب المهني ","0","","","",""
"c1e4eba9-3ced-44c3-bf23-da5c7af617d8","f834d328-e379-4221-a9ec-2620875ac997","India","الهند","<p>India</p>","<p>الهند</p>","India","الهند","0.00","","","",""
"19b0bc45-5770-4065-a803-db338a26b6ad","0b521901-e5f0-43e7-af07-43e975bedf70","The Number of Hours Allocated for Learning and Development per Employee","عدد الساعات المخصصة للتعلم والتطوير لكل موظف","-","-","The Number of Hours Allocated for Learning and Development per Employee","عدد الساعات المخصصة للتعلم والتطوير لكل موظف","0","","","",""
"2f73c42a-8772-4988-a0e0-db51186b0dbe","c937c98f-88c0-4c71-aa03-651441969e5d","Number of Medical Tourists","عدد زوّار السياحة العلاجية","<p>-</p>","<p>-</p>","Number of Medical Tourists","عدد زوّار السياحة العلاجية","0","","2023","100","2030"
"25cc7c4c-1ac0-446e-ba33-db6c75194188","a3c61133-0eb4-4fca-ad23-f96e038277e3","Total Production of Dry Green Fodder (ton/year)","Dataset-2","-","-","Total Production of Dry Green Fodder (ton/year)","Dataset-2","0","0","2022","",""
"115a7fb9-220b-4b37-9aeb-db9c114de138","91095a12-a7a1-463e-8596-6a621252b0bf","The Participation Rate of Qataris","معدل مشاركة القطريين","-","-","The Participation Rate of Qataris","معدل مشاركة القطريين","0","","","",""
"a5ad31a5-1942-4895-a42d-dccdb7bf4eb5","60d9a968-c924-4da9-8b16-115f5a8a0dc5","FDI stock","إجمالي مخزون الاستثمار الأجنبي المباشر (نسبة من من الناتج المحلي الاجمالي)","<p>Foreign Direct Investment (FDI) refers to a cross-border investment made by a resident of one economy in an enterprise resident in another economy, with the intention of establishing a lasting interest and a significant degree of influence on the management of the enterprise. This relationship is typically evidenced by owning at least 10% of the voting power in the foreign enterprise.&nbsp;</p>","<p>يشير الاستثمار الأجنبي المباشر (FDI) إلى استثمارٍ عابر للحدود يقوم به مقيمٌ في اقتصادٍ ما في شركةٍ مقيمةٍ في اقتصادٍ آخر          ، بقصد إقامة مصلحةٍ دائمة وممارسة درجةٍ من التأثير على إدارة الشركة. وتُعدّ هذه العلاقة مُثبتةً عادةً بامتلاك ما لا يقل عن 10% من حقوق التصويت في الشركة المستهدفة. ويشمل الاستثمار الأجنبي المباشر رأس المال السهمي والأرباح المُعاد استثمارها وأدوات تمويلية أخرى.&nbsp;</p>","FDI stock","إجمالي مخزون الاستثمار الأجنبي المباشر","bn0.0","","","",""
"77d3ade1-bce2-4cad-96ae-dccea91230a6","877dbae1-bfa9-4820-9f47-c935a8a1c82d","Number of Trained and Certified Tour Guides","عدد المرشدين السياحيين المدربين والمعتمدين","-","-","Number of Trained and Certified Tour Guides","عدد المرشدين السياحيين المدربين والمعتمدين","0","45","2022","",""
"9e3ecf61-a76a-4362-bbf9-dcfcc68ed458","90b928b8-4a08-4b8a-baf2-c4e46273456c","Expected GDP Impact in 2023-8","تأثير الناتج المحلي الإجمالي المتوقع في عام 2023-2","-","-","Expected GDP Impact in 2023-8","تأثير الناتج المحلي الإجمالي المتوقع في عام 2023-2","0","","2023","",""
"de1ca4f8-b8f2-47fa-a3c4-dd5afec22f52","47613f79-40c4-4249-a406-469cbcb5eb1f","Gross Value Added (QAR, m)-2","القيمة المضافة الإجمالية (مليون ر.ق.)-1","-","-","Gross Value Added (QAR, m)-2","القيمة المضافة الإجمالية (مليون ر.ق.)-1","0","","","",""
"a27a1382-aa73-4cc2-a8e8-dd61bf2abc5a","4892d0e2-28fc-4574-b43d-ba4abf8806d7","Active Licenses for Hotels (%)","التراخيص النشطة للفنادق (٪)","-","-","Active Licenses for Hotels (%)","التراخيص النشطة للفنادق (٪)","0","67","2022","",""
"06e53175-33a1-443e-ae2b-dd743bbedfaf","d05eeb9f-1b44-4422-91b5-08dd8c9b1913","Number of International Visitors","عدد السياح من خارج الدولة","<p>The Number of International Visitors measures the total count of non-resident travelers entering Qatar for various purposes, such as leisure, business, or other activities, over a specific period. This data is part of Qatar Tourism's dashboards, providing monthly insights into tourism trends, including arrivals categorized by source markets and entry ports.</p>","<p>يحدد هذا المؤشر العدد الإجمالي للزوار غير المقيمين الذين يدخلون دولة قطر لأغراض متنوعة مثل السياحة                                             ، أو التجارة                                             ، أو أنشطة أخرى                                             ، وذلك خلال فترة زمنية محددة. وتعتبر هذه البيانات جزءًا من لوحات تحكم قطر للسياحة                                             ، والتي تقدم تقارير شهرية حول اتجاهات السياحة                                             ، بما في ذلك الزوار &nbsp;الدوليين وفق تصنيف البلدان القادمين منها ومنافذ الدخول.</p>","Number of International Visitors","عدد السياح من خارج الدولة","0.000m","2.54","2022","7","2030"
"c7d8ca7b-669d-4b57-a24f-ddeabcbbac93","bc2992e3-4c08-482d-b2e7-4343aafed087","Value of Investment Projects-1","Value of Investment Projects-1","-","-","Value of Investment Projects-1","Value of Investment Projects-1","0","","","",""
"5888e968-c08a-474d-893b-de63b95a779b","65559064-b6a7-4b85-fd48-08dd8ca66f9c","Sector Exports - Freight","صادرات القطاع - الشحن","Sector Exports - Freight this term typically refers to the export value of goods and services provided by the cargo transport sector. It encompasses the international movement of goods via various modes of transport, including sea, air, land, and rail.","<p>يشير هذا المصطلح إلى قيمة الصادرات من السلع والخدمات المقدمة من قطاع نقل البضائع   ، ويشمل الحركة الدولية للبضائع عبر وسائل النقل المختلفة   ، بما في ذلك البحر   ، والجو   ، والبر   ، والسكك الحديدية.</p>","Sector Exports - Freight","صادرات القطاع - الشحن","bn0.0000","2.63","2021","3.31","2030"
"abaa21a5-146e-4ced-bcbf-de9fcf075d84","3af4c0fb-e8ad-4641-1880-08dd8c9ac2e7","Non-Hydrocarbon Real GDP","الناتج المحلي الإجمالي غير الهيدروكربوني","<p>Non-Hydrocarbon Real GDP measures the economic output of sectors not related to oil and gas, such as manufacturing, agriculture, and services, adjusted for inflation.</p>","<p>يقيس الناتج المحلي الإجمالي الحقيقي غير الهيدروكربوني الإنتاج الاقتصادي للقطاعات غير مرتبطة بالنفط أو الغاز مثل التصنيع والزراعة والخدمات الاجتماعية               ، ويتم تعديله وفقًا للتضخم.</p>","Non-Hydrocarbon Real GDP","الناتج المحلي الإجمالي غير الهيدروكربوني","bn0.0","408.4","2021","581.2805","2030"
"34b60130-84e7-4fb8-a751-dec2cc37fb5e","cee2553d-6094-4b68-fd50-08dd8ca66f9c","Number of Qatari Jobs (Financial & Insurance)","عدد الوظائف للقطريين (الأنشطة المالية وأنشطة التأمين)","Number of Qatari Jobs (Financial & Insurance)","عدد الوظائف للقطريين (الأنشطة المالية وأنشطة التأمين)","Number of Qatari Jobs","عدد الوظائف للقطريين","0.0","","","",""
"3f2ce435-d854-45e3-b606-ded9dca93e30","3cd29303-4ed6-40dd-9496-d3480d3fe2bb","Expected GDP Impact in 2021-8","تأثير الناتج المحلي الإجمالي المتوقع في عام 2021-2","-","-","Expected GDP Impact in 2021-8","تأثير الناتج المحلي الإجمالي المتوقع في عام 2021-2","0","","2023","",""
"3613399a-476c-4363-a53e-df21b03e4c23","55f354bd-3861-430c-b907-250224a1d995","Education","التعليم","<p>Education</p>","<p>التعليم</p>","Education","التعليم",".0","","","",""
"86b7d0fe-564c-44c0-a19f-dfe5b58224c8","96a28a1c-2d95-4e21-9b19-819bc538d375","Yearly growth of sector operating entities (%)","Yearly growth of sector operating entities (%)","-","-","Yearly growth of sector operating entities (%)","Yearly growth of sector operating entities (%)","0","","2023","",""
"b15696fb-29fb-4d5d-a60c-e08a8fb14d11","4089346f-276c-4b96-90a4-2f43d89a787a","Expected GDP Impact in 2023-6","تأثير الناتج المحلي الإجمالي المتوقع في عام 2023-4","-","-","Expected GDP Impact in 2023-6","تأثير الناتج المحلي الإجمالي المتوقع في عام 2023-4","0","","2023","",""
"be00bc75-448e-457d-a9ec-e10912975055","d38b581e-863e-4c81-885c-6a7bec65b6dc","Datasets-1","Datasets-6","-","-","Datasets-1","Datasets-6","0","","","",""
"9a74186e-9ba6-4b2f-a307-e10edf3221cd","df0999c3-338b-4992-962b-edb3b141d362","The Percentage of Qataris in the Civil Service","نسبة القطريين في الخدمة المدنية","-","-","The Percentage of Qataris in the Civil Service","نسبة القطريين في الخدمة المدنية","0","","","",""
"b0efd6be-1c74-43af-85d3-e1663cb1d2b0","45fbb3d2-128c-4b4e-8b62-d7da703a5d7b","Gross Written Insurance Premiums - National and International Companies","إجمالي أقساط التأمين المكتَتبة - الشركات الوطنية والدولية","-","-","Gross Written Insurance Premiums - National and International Companies","إجمالي أقساط التأمين المكتَتبة - الشركات الوطنية والدولية","0","17.4","2021","27","2030"
"0ba55d90-369d-4437-b353-e1db511c6706","9f12b8f8-1afa-44b1-bde9-fae43c449e7e","Project achievement percentage-2","نسبة الإنجاز في المشروع","-","-","Project achievement percentage-2","نسبة الإنجاز في المشروع","0","","2023","",""
"cc860f04-6ee4-4758-a245-e1dbc7efa6fe","418c1a6b-437a-4e1c-8676-edad98b51c70","Domestic Investments into the Sector","الاستثمار المحلي في القطاع","ACTIVE","ACTIVE","Domestic Investments into the Sector","الاستثمار المحلي في القطاع","0","1.17","2021","",""
"c656ffd4-8185-4343-8f84-e21c6a964ac9","9c9afe44-a344-4a3d-acab-d7fb40995de9","Licensed Companies-2","الشركات المرخصة-1","-","-","Licensed Companies-2","الشركات المرخصة-1","0","15","2019","",""
"83a00363-2939-4e43-9003-e3d8c05d80b5","c9e51b4c-7b0c-48a2-a470-11bd54ddabd2","Number of Policy Publications-1","Number of Policy Publications-2","-","-","Number of Policy Publications-1","Number of Policy Publications-2","0","5","2020","",""
"01470d1b-7d55-4f7a-9116-e4617ca44b11","402144ab-15f4-44a1-872f-5aa37a2d9a42","Budget","Budget","-","-","Budget","Budget","0","0","2023","",""
"f3bd498c-4647-4689-b2f1-e4dad444bf8d","583bc855-3436-4eee-fd3d-08dd8ca66f9c","number of medical graduates - Qataris","عدد خريجي الطب من القطريين","<p>The total number of Qatari nationals who have successfully completed their medical education and obtained a medical degree during a specified time period, typically within a calendar year.</p>","<p>قياس إجمالي عدد المواطنين القطريين الذين أتموا دراستهم الطبية بنجاح وحصلوا على شهادات في هذا المجال خلال فترة زمنية محددة                ، وعادةً ما تكون خلال سنة.</p>","number of medical graduates - Qataris","عدد خريجي الطب من القطريين","0.0","16","2020","150","2030"
"c4385c83-28d0-426c-abee-e527484adaea","4672641a-3356-4fad-94cb-092521ec071a","Energy","الطاقة","<p>Nominal price indexes, percent changes, March over February” means the month-to-month percentage change in price indexes, measured in current prices, comparing March 2026 with February 2026.</p>","<p>مؤشرات الأسعار الاسمية   ، التغيرات النسبية   ، مارس مقابل فبراير"" تعني التغير الشهري في مؤشرات الأسعار   ، المقاس بالأسعار الحالية   ، مقارنة مارس 2026 بفبراير 2026.</p>","Energy","Price Index","0.00","","","",""
"c7ebf048-fa82-4e7d-bbf2-e6531211a79a","7ba52165-7b1f-427a-adf7-00e5fb82f329","Private Investment as a Share of Total Investment","استثمارات القطاع الخاص من اجمالي حجم الاستثمارات","<p>""Proportion of total GFCF contributed by the establishments falling under the below buckets:</p><p>Fully Private: Includes institutional units that operate entirely without any government control or influence, in line with the standards specified in the United Nations System of National Accounts (SNA). In these entities, the government holds no ownership stake and exercises no financial influence that could affect the public policy or private programs of the entity.</p><p>Mixed private: Includes entities in which both the government and private sector investors—whether local or foreign—hold joint shares, with the government’s share being less than 50% of voting rights or equivalent decision-making powers. As a result, the government does not have the ability to control public policies or strategic decisions, as defined by the System of National Accounts (SNA).</p><p>SOEs: Any legal entity recognized under national law as a company, in which the state exercises ownership or control, is classified as a state-owned enterprise. This includes joint-stock companies, limited liability companies, and partnerships limited by shares.""</p>","<p>نسبة إجمالي تكوين رأس المال الثابت التي تسهم بها المؤسسات المصنّفة ضمن الفئات التالية:<br>المؤسسات المملوكة بالكامل للقطاع الخاص: يشمل هذا التصنيف الوحدات المؤسسية التي تعمل بالكامل دون أي سيطرة أو تأثير من قبل الحكومة        ، وذلك بما يتوافق مع المعايير المعتمدة في نظام الأمم المتحدة للحسابات القومية. ولا تمتلك الحكومة في هذه المؤسسات أي حصة ملكية        ، كما لا تمارس أي تأثير مالي قد ينعكس على السياسات العامة أو البرامج الخاصة بها.<br>المؤسسات المملوكة بشكل مشترك بين الحكومة والقطاع الخاص: تشمل المؤسسات التي تمتلك فيها كل من الحكومة ومستثمري القطاع الخاص — سواء محليين أو أجانب — حصصًا مشتركة        ، على أن تكون حصة الحكومة أقل من 50% من حقوق التصويت أو ما يعادلها من صلاحيات اتخاذ القرار. وبالتالي        ، لا تملك الحكومة القدرة على التحكم في السياسات العامة أو اتخاذ القرارات الاستراتيجية        ، وذلك وفقًا لما يحدده نظام الحسابات القومية.<br>المؤسسات المملوكة للدولة: يُعتبر أي كيان قانوني معترف به كشركة وفقًا للقانون الوطني        ، وتمتلك فيه الدولة حصة أو تمارس عليه نوعًا من السيطرة        ، مؤسسةً مملوكة للدولة. ويشمل ذلك الشركات المساهمة        ، والشركات ذات المسؤولية المحدودة        ، وشركات التوصية بالأسهم</p>","Private Investment as a Share of Total Investment","استثمارات القطاع الخاص من اجمالي حجم الاستثمارات","0","","","",""
"f5e1b2cb-4598-4a44-ac35-e6d587bce02c","8246e2c2-36c0-48bf-ac73-f9a929daae7f","Active Licenses for Transportation Means (%)","التراخيص النشطة لوسائل النقل (٪)","-","-","Active Licenses for Transportation Means (%)","التراخيص النشطة لوسائل النقل (٪)","0","74","2022","",""
"1a3927ab-85ce-4efb-8bd5-e6f4e5ef8591","e3541887-ba26-43fa-9451-da6ecffd077f","Number of Tracked/Ticketed Visitors at QT-Organized Events (K)","عدد الزوار الحاصلين على تذاكر الفعاليات المنظمة من قطر للسياحة (بالآلاف)","-","-","Number of Tracked/Ticketed Visitors at QT-Organized Events (K)","عدد الزوار الحاصلين على تذاكر الفعاليات المنظمة من قطر للسياحة (بالآلاف)","0","481","2022","",""
"c6d56890-0711-44da-871a-e784aacfafbb","f969efc8-92be-4f1b-9780-55c61b684a5e","Reduction of Non-urgent visits to Emergency Room","Reduction of Non-urgent visits to Emergency Room","-","-","Reduction of Non-urgent visits to Emergency Room","Reduction of Non-urgent visits to Emergency Room","0","","2025","",""
"a589d01a-ff02-4f70-bd91-e7965a535b81","08534cf5-b51b-4dd4-8d8c-bff68e66f1f3","Occupancy Rate of Hotels","معدل إشغال الفنادق","-","-","Occupancy Rate of Hotels","معدل إشغال الفنادق","0","61","2022","","2024"
"11981882-d32b-45ba-aad4-e8f4729c154a","55052d6e-cbd7-4fd0-9860-b90b4c617a55","Qatar's Helium Production Overtime","إنتاج قطر من الهيليوم على مر الوقت","<p>This indicator shows Qatar’s annual helium production, measured in million cubic meters (million m³), and captures both its scale and strategic weight in global supply. Based on the latest USGS estimate, Qatar produced 63 million m³ in 2025e, making it the world’s second-largest helium producer with about 33% of global output. The indicator is especially important in the current context because the Ras Laffan attacks have disrupted associated helium exports, with Qatar Energy stating that helium output linked to the affected facilities will fall by around 14%, underscoring Qatar’s importance to global supply chains that rely on helium, including semiconductors, MRI, and aerospace.</p>","<p>يظهر هذا المؤشر إنتاج قطر السنوي للهيليوم         ، المقاس بملايين الأمتار المكعبة (مليون متر مكعب)         ، ويعكس حجمه ووزنه الاستراتيجي في الإمدادات العالمية. استنادا إلى أحدث تقديرات هيئة المسح الجيولوجي الأمريكية         ، أنتجت قطر 63 مليون متر مكعب في عام 2025         ، مما يجعلها ثاني أكبر منتج للهيليوم في العالم بحوالي 33٪ من الإنتاج العالمي. يعد هذا المؤشر مهما بشكل خاص في السياق الحالي لأن هجمات رأس لافان أوقفت صادرات الهيليوم المرتبطة بها         ، حيث ذكرت قطر إنرجي أن إنتاج الهيليوم المرتبط بالمنشآت المتضررة سينخفض بنحو 14٪         ، مما يبرز أهمية قطر لسلاسل التوريد العالمية التي تعتمد على الهيليوم         ، بما في ذلك أشباه الموصلات         ، والتصوير بالرنين المغناطيسي         ، والفضاء.</p>","Helium Production","إنتاج الهيليوم",".0","","","",""
"72ed9fd8-60da-484c-90b7-e94d126ca2ab","600ace6e-189e-4cdf-a374-c50b2717d945","Number of patents (as per 1 million population)","Number of patents (as per 1 million population)","-","-","Number of patents (as per 1 million population)","Number of patents (as per 1 million population)","0","","","",""
"fc981486-a18b-4beb-aa19-e9847d2ff089","9ec9c10c-481c-4fbb-8cf2-7b1c629c0886","Share of High-Skilled Blue Collar","نسبة الوظائف عالية المهارة من ذوي الياقات الزرقاء","ACTIVE","ACTIVE","Share of High-Skilled Blue Collar","نسبة الوظائف عالية المهارة من ذوي الياقات الزرقاء","0","46.3","2019","",""
"c2655371-2d78-4dc8-a6dd-e9aada3430ef","572559a8-d56d-4c1f-a4f8-c95e01eecefa","Private Sector Contribution to GDP","نسبة مساهمة القطاع الخاص في الناتج المحلي الإجمالي","<p>Percentage share of total GDP contributed by the establishments falling under the below buckets:<br>Fully Private: Includes institutional units that operate entirely without any government control or influence, in line with the standards specified in the United Nations System of National Accounts (SNA). In these entities, the government holds no ownership stake and exercises no financial influence that could affect the public policy or private programs of the entity.<br>Mixed private: Includes entities in which both the government and private sector investors—whether local or foreign—hold joint shares, with the government’s share being less than 50% of voting rights or equivalent decision-making powers. As a result, the government does not have the ability to control public policies or strategic decisions, as defined by the System of National Accounts (SNA).<br>SOEs: Any legal entity recognized under national law as a company, in which the state exercises ownership or control, is classified as a state-owned enterprise. This includes joint-stock companies, limited liability companies, and partnerships limited by shares.</p>","<p>النسبة المئوية من إجمالي الناتج المحلي التي تسهم بها المؤسسات المصنّفة ضمن الفئات التالية:<br>المؤسسات المملوكة بالكامل للقطاع الخاص: يشمل هذا التصنيف الوحدات المؤسسية التي تعمل بالكامل دون أي سيطرة أو تأثير من قبل الحكومة        ، وذلك بما يتوافق مع المعايير المعتمدة في نظام الأمم المتحدة للحسابات القومية. ولا تمتلك الحكومة في هذه المؤسسات أي حصة ملكية        ، كما لا تمارس أي تأثير مالي قد ينعكس على السياسات العامة أو البرامج الخاصة بها.<br>المؤسسات المملوكة بشكل مشترك بين الحكومة والقطاع الخاص: تشمل المؤسسات التي تمتلك فيها كل من الحكومة ومستثمري القطاع الخاص — سواء محليين أو أجانب — حصصًا مشتركة        ، على أن تكون حصة الحكومة أقل من 50% من حقوق التصويت أو ما يعادلها من صلاحيات اتخاذ القرار. وبالتالي        ، لا تملك الحكومة القدرة على التحكم في السياسات العامة أو اتخاذ القرارات الاستراتيجية        ، وذلك وفقًا لما يحدده نظام الحسابات القومية.<br>المؤسسات المملوكة للدولة: يُعتبر أي كيان قانوني معترف به كشركة وفقًا للقانون الوطني        ، وتمتلك فيه الدولة حصة أو تمارس عليه نوعًا من السيطرة        ، مؤسسةً مملوكة للدولة. ويشمل ذلك الشركات المساهمة        ، والشركات ذات المسؤولية المحدودة        ، وشركات التوصية بالأسهم.</p>","Private Sector Contribution to GDP","نسبة مساهمة القطاع الخاص في الناتج المحلي الإجمالي","0","","2019","","2030"
"656e3e46-e328-4517-bbcb-eaaf0259f8fc","7bc7b9a4-8c6b-432d-b55e-767df6f6886a","Foreign Investments into the Sector","الاستثمار الأجنبي في القطاع","ACTIVE","ACTIVE","Foreign Investments into the Sector","الاستثمار الأجنبي في القطاع","0","0.92","2021","",""
"df389ec3-161c-44e5-a80a-eaf3e539dd99","f724ffb8-de04-4a4e-98d9-2f8dbc777d9b","The Average Scores for the Programme for International Student Assessment (PISA)","متوسط درجات اختبار الدراسة الدولية لقياس تقدم القراءة","-","-","The Average Scores for the Programme for International Student Assessment (PISA)","متوسط درجات اختبار الدراسة الدولية لقياس تقدم القراءة","0","","","",""
"de46345f-b914-4f29-bc68-eb292f555e2b","b71b1861-2237-46d4-bb7c-af106b561cd4","Expected GDP Impact in 2022-7","تأثير الناتج المحلي الإجمالي المتوقع في عام 2022-2","-","-","Expected GDP Impact in 2022-7","تأثير الناتج المحلي الإجمالي المتوقع في عام 2022-2","0","","2023","",""
"cd9a9426-dfb5-44ab-b313-ec96e74f5fcf","34402780-21a6-4949-9dd1-f28400bd9fcf","Expected GDP Impact in 2021-4","تأثير الناتج المحلي الإجمالي المتوقع في عام 2021-6","-","-","Expected GDP Impact in 2021-4","تأثير الناتج المحلي الإجمالي المتوقع في عام 2021-6","0","","2023","",""
"a267fff9-a02e-4a6d-a0f7-ecd2e649658c","f40c099b-fe38-4c0c-ab6b-6f482504ba41","United States of America","الولايات المتحدة الأمريكية","<p>United States of America</p>","<p>الولايات المتحدة الأمريكية</p>","United States of America","الولايات المتحدة الأمريكية","0.00","","","",""
"b6dc6def-2dd6-41e7-9e97-ed3dfffd1f01","b3081714-bb56-44aa-8634-99236a47c31c","Aluminium","الألمنيوم","<p>Aluminium</p>","<p>الألمنيوم</p>","Aluminium","الألمنيوم","0.00","","","",""
"946d8127-aec5-4024-8e06-ee4cf011ecfd","6bd745d9-075f-4559-95a7-92c7fd71e939","US Tariff","التعريفة الجمركية - الأمريكية","<p>-</p>","<p>-</p>","US Tariff","التعريفة الجمركية الأمريكية","0.0","","","",""
"ed3df00d-871c-4ce2-bfe9-eea5593110a1","c44fc187-5405-486e-9682-c8b65de87128","CPI: transport (%)","CPI: transport (%)","-","-","CPI: transport (%)","CPI: transport (%)","0","","","",""
"25060f0b-f524-4506-9278-eeb8c8890db8","7e54d61c-9b11-44fc-bb18-2c0552dca890","Assets deployed in Qatar by Fund of Funds","حجم صندوق الصناديق الاستثمارية العاملة في دولة قطر","-","-","Assets deployed in Qatar by Fund of Funds","حجم صندوق الصناديق الاستثمارية العاملة في دولة قطر","0","","2023","350","2030"
"5e7f33b3-de60-49fe-8127-ef1b24b52348","60d9a968-c924-4da9-8b16-115f5a8a0dc5","FDI stock (share of GDP)","إجمالي مخزون الاستثمار الأجنبي المباشر (نسبة من من الناتج المحلي الاجمالي)","<p>The end-year stock (position) of inward foreign direct investment in enterprises resident in Qatar, expressed as a percentage of nominal GDP.</p>","<p>يعكس الرصيد التراكمي للاستثمارات طويلة الأجل للمستثمرين الأجانب في الشركات المُسجلة في دولة قطر          ، مُحتسبًا في نهاية العام          ، ومُعبرًا عنه كنسبة من الناتج المحلي الإجمالي الاسمي.</p>","FDI stock (% of GDP)","إجمالي مخزون الاستثمار الأجنبي المباشر (نسبة من من الناتج المحلي الاجمالي)","0.0","","","",""
"2cb5357d-61ab-4b90-831b-ef573e502d2f","51c0cbe2-7c08-440f-4a6d-08dd8f83b962","Sector Exports (Manufacturing)","صادرات القطاع (الصناعات التحويلية)","<p>-</p>","<p>-</p>","Sector Exports (Manufacturing)","صادرات القطاع (الصناعات التحويلية)","0.0","39.3","2021","50","2030"
"c9acf74f-eea4-485a-9542-ef5eff5e9092","f40c099b-fe38-4c0c-ab6b-6f482504ba41","Japan","اليابان","<p>Japan</p>","<p>اليابان</p>","Japan","اليابان","","","","",""
"84af68d0-cc34-42a6-99db-ef918901e0e7","f834d328-e379-4221-a9ec-2620875ac997","Japan","اليابان","<p>Japan</p>","<p>اليابان</p>","Japan","اليابان","0.00","","","",""
"13051f83-dc15-4a84-8a5f-f06215768369","360e8845-c761-46a1-9c6f-5f6bbc0cf7e1","Number of Hospital Beds","عدد الأسرة في المستشفيات","<p>-</p>","<p>-</p>","Number of Hospital Beds","عدد الأسرة في المستشفيات","0","4211","2022","6250","2030"
"4e5a739e-ffc8-472f-96f2-f139291bdf47","4037f373-bf35-44e1-a902-7bb3dd8c4a91","US Tariff","التعريفة الجمركية الأمريكية","-","-","US Tariff","التعريفة الجمركية الأمريكية","0.0","","","",""
"b8975a3e-89d2-4c02-b7fa-f1e0ff2ea2d4","e26cd2e2-9d49-456c-a9be-c639913f7278","Local Content Value Across Sectors","القيمة المحلية المضافة في مختلف القطاعات","<p>The total in-country value generated across various sectors, measured as an absolute value in Qatari riyals, covering entities and sectors subject to the provisions of the Tenders and Auctions Law, as well as entities not subject to its provisions.</p>","<p>إجمالي القيمة المحلية المتحققة في مختلف القطاعات    ، مقاسةً كقيمة مطلقة بالريال القطري    ، وتشمل الجهات والقطاعات الخاضعة لأحكام قانون تنظيم المناقصات والمزايدات    ، وكذلك الجهات غير الخاضعة لأحكامه.</p>","Local Content Value Across Sectors","القيمة المحلية المضافة في مختلف القطاعات","","10","2026","10","2029"
"43e7ebc7-7aad-4e8a-aef6-f1e94e24bf1f","39435b10-9ec2-43c6-afe1-807b4e4fcf4a","Percentage of completion of the preparation of integrated systems","نسبة الإنجاز في إعداد النُّظُم المتكاملة","-","-","Percentage of completion of the preparation of integrated systems","نسبة الإنجاز في إعداد النُّظُم المتكاملة","0","","2023","",""
"3c64fb16-e079-4bcc-8731-f21768390f64","8c2754be-f18b-4a7f-a239-c3addfd994f5","Project achievement percentage-1","نسبة انجاز المشروع","-","-","Project achievement percentage-1","نسبة انجاز المشروع","0","","","",""
"780bc70c-b518-40d5-b57b-f23e74f7e64f","7c045669-f790-465d-b52f-1beab1a3c3b2","CPI: furnishings, household equipment and routine household maintenance (%)","CPI: furnishings, household equipment and routine household maintenance (%)","-","-","CPI: furnishings, household equipment and routine household maintenance (%)","CPI: furnishings, household equipment and routine household maintenance (%)","0","","","",""
"7a80950e-8322-4423-a362-f28c20826984","9229663a-6caa-480d-876b-66b1f05549af","Major Projects","المشاريع الرئيسية","<p>Major Projects</p>","<p>المشاريع الرئيسية</p>","Major Projects","المشاريع الرئيسية",".1","","","",""
"6a2c57c1-243c-4259-898d-f4033d8564a5","2b6478ba-a05a-4675-ba4d-93845807a375","Number of  International delegates won (k)","عدد المندوبين الدوليين الفائزين","-","-","Number of  International delegates won (k)","عدد المندوبين الدوليين الفائزين","0","","2023","",""
"51361750-4e27-4d0e-9c8f-f60231d85bde","4dccb98b-1210-4059-8d44-62cede315142","Electronic System","نظام إلكتروني","Indicator description: An electronic system that includes and interacts with unified electronic programs that work efficiently and effectively with each other, these programs organize the entire shipping process (import / export) and at all stages with all relevant bodies  (Transit platform for the investor to complete all necessary transactions)","نظام إلكتروني يضم ويتفاعل برنامج نديب مع برامج إلكترونية موحدة تعمل بكفاءة وفعالية مع بعضها البعض  ، تقوم هذه البرامج بتنظيم عملية الشحن (الإستيراد / التصدير) بالكامل وعلى جميع المراحل مع جميع الهيئات ذات العلاقة  (منصة عبور للمستثمر لإنجاز جميع المعاملات اللازمة)","Electronic System","نظام إلكتروني","0","1","2024","1","2030"
"34f782c0-6f2d-4ac1-9c2a-f651fe52036e","02194278-9ddd-4148-969b-fb748ca82099","Tourism Jobs 2","Tourism Jobs 2","-","-","Tourism Jobs 2","Tourism Jobs 2","0","","","",""
"9c9fa8a6-a63b-499c-b472-f65a6537b4eb","9c9544d1-acd2-44e2-afb8-8a57a29a1ad8","Number of licensed FinTech & InsurTech players","عدد شركات التكنولوجيات المالية وتكنولوجيات التأمين المرخصة","<p>Number of Licensed FinTech &amp; InsurTech Players</p>","<p>عدد شركات التكنولوجيات المالية وتكنولوجيات التأمين المرخصة</p>","Number of licensed FinTech & InsurTech players","عدد شركات التكنولوجيات المالية وتكنولوجيات التأمين المرخصة","0","6","2023","35","2030"
"0186d3ab-da3d-401c-b543-f718b3d751c0","1325bb77-6b21-472a-b0eb-55d5f6598d7c","Economic Complexity Index Ranking","Economic Complexity Index Ranking","-","-","Economic Complexity Index Ranking","Economic Complexity Index Ranking","0","0","2022","",""
"6a49cc99-eb75-4522-b4e6-f7681ce2bd8b","f834d328-e379-4221-a9ec-2620875ac997","South Korea","كوريا الجنوبية","<p>South Korea</p>","<p>كوريا الجنوبية</p>","South Korea","كوريا الجنوبية","0.00","","","",""
"3fa72771-fb92-4b67-a939-f7a6fd3d608a","9a5a8219-3aaa-48e7-ad6f-08564864d00c","Refined Oil","النفط المكرر","<p>Refined Oil</p>","<p>النفط المكرر</p>","Refined Oil","النفط المكرر","","","","",""
"06525c1e-810f-4bf6-b876-f7dbe49a0113","45af9001-6c5a-427a-8036-f31751c60a1f","Expected GDP Impact in 2023-1","تأثير الناتج المحلي الإجمالي المتوقع في عام 2023-7","-","-","Expected GDP Impact in 2023-1","تأثير الناتج المحلي الإجمالي المتوقع في عام 2023-7","0","","","",""
"91eacb54-ec29-40fc-8179-f7fed08e9b6d","b8850afa-e4f2-49e8-b8dd-0fc999546ee9","External","خارجي","<p>External</p>","<p>خارجي</p>","External","خارجي","","","","",""
"613c37b9-e541-4c14-9471-f98f94bf3118","1f9967eb-270c-4194-bccb-5a5887a5ab5a","Percentage of Skilled Labor Out of the Total Labor Force-2","نسبة العمالة الماهرة من العمالة الإجمالية-1","-","-","Percentage of Skilled Labor Out of the Total Labor Force-2","نسبة العمالة الماهرة من العمالة الإجمالية-1","0","","","",""
"f01e4a46-b167-4faa-81af-fa30b17eda47","9fa7d4bf-61ac-49a3-fd53-08dd8ca66f9c","Cost of Living - Food and Beverages","تكلفة المعيشة - الغذاء والمشروبات","A statistical measure of changes in the prices of a fixed market basket consists of goods and services","يُعد مؤشر تكلفة المعيشة مقياس إحصائي للتغيرات في أسعار سلة أسهم السوق من السلع والخدمات","Food and Beverages","الغذاء والمشروبات","0.00","","","",""
"f0d64573-686a-4e71-a308-fa7c83d9d155","8be3e6c5-7a69-45f4-91b3-08dd8c9b1913","Hydrocarbon","الهيدروكربونية","Exports refer to goods or services produced in one country and sold to another, reflecting global trade activity","تشير الصادرات إلى السلع أو الخدمات المنتجة في دولة ما والمباعة لدولة أخرى مما يعكس النشاط التجاري العالمي.","Hydrocarbon","الهيدروكربونية","bn0.00","335.04","2019","","2023"
"c204b05d-c39c-4f5c-acf6-fa7e08018785","1f6abc21-d30f-4b9f-8901-53df4720408c","Qatar GDP (nominal prices) Rank","ترتيب دولة قطر في الناتج الاجمالي المحلي (الاسعار الجارية)","-","-","Qatar GDP (nominal prices) Rank","ترتيب دولة قطر في الناتج الاجمالي المحلي (الاسعار الجارية)","0","53","2022","","2030"
"f9a2c554-3692-4f62-8f08-fabe881ae527","2e4ba116-867a-4b33-abeb-44f5d633f009","Datasets-2","Datasets-1","-","-","Datasets-2","Datasets-1","0","","","",""
"777ad914-51bf-4099-9343-fadc22802638","31f43d59-3cd7-48cf-972d-ce0c5ec62c77","fuwairit dataset","fuwairit dataset","-","-","fuwairit dataset","fuwairit dataset","0","","","",""
"6096c55b-a207-4813-aa0e-fafb43f5a8f8","12b8af94-6593-4f8f-b5d9-34c9d1d2c4f5","- Of which are local-3","عدد الشركات (المحلية)-1","-","-","- Of which are local-3","عدد الشركات (المحلية)-1","0","","2023","",""
"e49c36a1-8411-4175-bf76-fb285db10194","d5b90910-0224-4d72-9a42-77664d400101","Salaries","الرواتب","<p>Salaries</p>","<p>الرواتب</p>","Salaries","الرواتب","","","","",""
"e5af8bd3-f275-41cf-91f9-fb6d586da674","0dc8d4a7-2517-49e7-a59d-cce5ec8caa3c","Percentage Increase in annual revenue generated by Public healthcare Providers","Percentage Increase in annual revenue generated by Public healthcare Providers","-","-","Percentage Increase in annual revenue generated by Public healthcare Providers","Percentage Increase in annual revenue generated by Public healthcare Providers","0","","2023","",""
"e7e706ca-889d-4425-adfa-fbb1850ae205","2e6a63ba-6fd6-4276-8079-87123cbd813d","Value of investments in fixed assets (QAR billion)-2","Value of investments in fixed assets (QAR billion)-2","-","-","Value of investments in fixed assets (QAR billion)-2","Value of investments in fixed assets (QAR billion)-2","0","","","",""
"120014bb-bab1-45bf-861b-fc26ca1ec16d","b3081714-bb56-44aa-8634-99236a47c31c","Sulfur","الكبريت","<p>Sulfur</p>","<p>الكبريت</p>","Sulfur","الكبريت","0.00","","","",""
"bb1b16b4-dbe3-4c8e-b62c-fc306da379b0","355555ca-576d-45ed-9cfb-df0ae4e6e99a","GDP Growth 18/10","GDP Growth 18/10","-","-","GDP Growth 18/10","GDP Growth 18/10","0","-0.6","2019","",""
"436b0a03-f558-4ef8-97bc-fe94e66d901d","240824df-0750-4dcc-bbd7-510767fbc575","Credit Provided to SMEs (QAR, Bn)","Credit Provided to SMEs (QAR, Bn)-2","-","-","Credit Provided to SMEs (QAR, Bn)","Credit Provided to SMEs (QAR, Bn)-2","0","","2022","","2023"
"ea65ebf1-46df-4aec-9b80-fea0152de825","d9f95c37-30c2-4cc8-9114-ff819beea57a","Number of obstacles (projects) / agreements (decisions of the committee in force) to solve obstacles or implement projects","عدد الاتفاقات (قرارات اللجنة النافذة) بحل أو بتطبيق المشاريع","Obstacles to the ease of cross-border trade, the Committee shall agree with the relevant parties and take the appropriate decision to mitigate or even remove such obstacles as much as possible. Where the obstacle is treated as a project whose goal is to solve this obstacle","معيقات أمام سهولة التجارة عبر الحدود   ، تقوم اللجنة بالاتفاق مع الأطراف ذات العلاقة وتتخذ القرار المناسب للتخفيف قدر الإمكان من هذه المعيقات أو حتى إزالتها. حيث يتم التعامل مع المعيق على أنه مشروع يكون هدفه حل هذا المعيق","Number of obstacles (projects) / agreements (decisions of the committee in force) to solve obstacles or implement projects","عدد الاتفاقات (قرارات اللجنة النافذة) بحل أو بتطبيق المشاريع","0","20","2024","0","2030"
"3670a6dc-0929-4a0d-8a5f-ff903bb31030","9229663a-6caa-480d-876b-66b1f05549af","Minor Capex","النفقات الرأسمالية الثانوية","<p>Minor Capex</p>","<p>النفقات الرأسمالية الثانوية</p>","Minor Capex","النفقات الرأسمالية الثانوية",".1","","","",""
