"PublishedIndicatorDetailId","PublishedIndicatorId","SourceIndicatorDetailId","IsMain","NameEN","NameAR","DefinationEN","DefinationAR","LabelEN","LabelAR","Format","BaseLineValue","BaseLineYear","TargetValue","TargetYear","DwhIndicatorName","ApplyUsdToQarConversion","ShowOutlook","FileName","UnitId","UnitEN","UnitAR","UnitCode","PolarityId","PolarityEN","PolarityAR","PolarityCode","ValueTypeId","ValueTypeEN","ValueTypeAR","ValueTypeCode","DataSourceId","DataSourceEN","DataSourceAR","DataSourceCode","AggregationTypeId","AggregationTypeEN","AggregationTypeAR","AggregationTypeCode","InputMethodId","InputMethodEN","InputMethodAR","InputMethodCode","CreatedAt","UpdatedAt"
"c608b8d0-5707-4fd7-858a-08ddb7179f3f","f0a2e654-d78c-4d14-3e15-08ddb7179f33","bbfb2960-e6e5-434b-8bde-1eb38b111d26","True","Percentage of Transit on Stop-overs","نسبة السياح (الإقامة القصيرة) من إجمالي ركاب الترانزيت","-","-","Percentage of Transit on Stop-overs","نسبة السياح (الإقامة القصيرة) من إجمالي ركاب الترانزيت","0","","","","","","False","False","","3d027509-2bb6-4915-b218-63311478fc3a","NA","غير متاح","NA","01ceed6f-d4e2-492d-926b-176b9c7cb3b6","Increase","زيادة","increase","1d67db34-e759-4b18-ad15-0820d1e99791","Numeric","رقمية","numeric","6923fe2e-03f2-459b-817c-a1b94d592f95","Qatar Tourism","قطر للسياحة","qt","d4fcceee-b555-4b9f-b78f-027d74f0dd16","None","لا شيء","none","4bf72625-9589-4588-913c-f36d5c7b2423","Manual","يدوياً","manual","6/29/2025 6:53:10 PM",""
"c9ccb67b-d58d-42c9-8591-08ddb7179f3f","64368107-c86b-4488-3e1c-08ddb7179f33","746735ad-b2a6-4d82-bdcd-86006e885dcf","True","Export Cost ","تكلفة التصدير","-","-","Export Cost ","تكلفة التصدير","0","1935","2019","1122","2030","","False","False","","06b275ce-19b8-4d37-96bd-c0d58533add9","QAR","ر.ق","qar","6b8715ba-be56-493a-8b21-28c104b71b6d","Decrease","انخفاض","decrease","1d67db34-e759-4b18-ad15-0820d1e99791","Numeric","رقمية","numeric","7e05a934-023e-4dce-9e97-f38b98f2b55d","World Bank","البنك الدولي","worldbank","d4fcceee-b555-4b9f-b78f-027d74f0dd16","None","لا شيء","none","4bf72625-9589-4588-913c-f36d5c7b2423","Manual","يدوياً","manual","6/29/2025 6:58:46 PM",""
"84bec68c-5603-4855-8592-08ddb7179f3f","a7eeeaa7-3a05-465c-3e1d-08ddb7179f33","9759d2e3-0352-4f93-b8f3-13f5ef15f710","True","Import Cost","تكلفة الاستيراد","-","-","Import Cost","تكلفة الاستيراد","0","3086","2019","2160","2030","","False","False","","06b275ce-19b8-4d37-96bd-c0d58533add9","QAR","ر.ق","qar","6b8715ba-be56-493a-8b21-28c104b71b6d","Decrease","انخفاض","decrease","1d67db34-e759-4b18-ad15-0820d1e99791","Numeric","رقمية","numeric","7e05a934-023e-4dce-9e97-f38b98f2b55d","World Bank","البنك الدولي","worldbank","d4fcceee-b555-4b9f-b78f-027d74f0dd16","None","لا شيء","none","4bf72625-9589-4588-913c-f36d5c7b2423","Manual","يدوياً","manual","6/29/2025 6:59:43 PM",""
"4f76b2f0-9217-405a-8593-08ddb7179f3f","2137c6dc-b410-4258-3e1e-08ddb7179f33","d12acce8-af93-4e03-9a2c-447f46f81aa7","True","Airport Utilization ","نسبة استغلال المطار ","-","-","Airport Utilization ","نسبة استغلال المطار ","0","50","2023","70","2030","","False","False","","a4ede074-5957-46ab-a6e6-341e291f2080","%","%","%","01ceed6f-d4e2-492d-926b-176b9c7cb3b6","Increase","زيادة","increase","1d67db34-e759-4b18-ad15-0820d1e99791","Numeric","رقمية","numeric","d03fdfc3-7d22-47bb-9ca5-0c95f5191aab","Qatar Airways","الخطوط الجوية القطرية","qa","d4fcceee-b555-4b9f-b78f-027d74f0dd16","None","لا شيء","none","4bf72625-9589-4588-913c-f36d5c7b2423","Manual","يدوياً","manual","6/29/2025 7:02:37 PM",""
"0e42c4a3-38a6-48c8-8599-08ddb7179f3f","dc37d928-40d5-4998-3e24-08ddb7179f33","4a0f0eae-85ee-4499-9c39-6e58caea2c73","True","Share of High-Skilled Jobs","نسبة الوظائف عالية المهارة","ACTIVE","ACTIVE","Share of High-Skilled Jobs","نسبة الوظائف عالية المهارة","0","62.9","2019","","","","False","False","","a4ede074-5957-46ab-a6e6-341e291f2080","%","%","%","01ceed6f-d4e2-492d-926b-176b9c7cb3b6","Increase","زيادة","increase","1d67db34-e759-4b18-ad15-0820d1e99791","Numeric","رقمية","numeric","f953092c-d58a-444a-9a42-a3c697c2d6ea","Ministry Of Commerce And Industry","وزارة التجارة والصناعة","moci","d4fcceee-b555-4b9f-b78f-027d74f0dd16","None","لا شيء","none","4bf72625-9589-4588-913c-f36d5c7b2423","Manual","يدوياً","manual","6/29/2025 7:10:42 PM",""
"c47fdfe6-1fc3-4ffb-859a-08ddb7179f3f","60073a09-fb63-4825-3e25-08ddb7179f33","656e3e46-e328-4517-bbcb-eaaf0259f8fc","True","Foreign Investments into the Sector","الاستثمار الأجنبي في القطاع","ACTIVE","ACTIVE","Foreign Investments into the Sector","الاستثمار الأجنبي في القطاع","0","0.92","2021","","","","False","False","","3d027509-2bb6-4915-b218-63311478fc3a","NA","غير متاح","NA","01ceed6f-d4e2-492d-926b-176b9c7cb3b6","Increase","زيادة","increase","1d67db34-e759-4b18-ad15-0820d1e99791","Numeric","رقمية","numeric","f953092c-d58a-444a-9a42-a3c697c2d6ea","Ministry Of Commerce And Industry","وزارة التجارة والصناعة","moci","d4fcceee-b555-4b9f-b78f-027d74f0dd16","None","لا شيء","none","4bf72625-9589-4588-913c-f36d5c7b2423","Manual","يدوياً","manual","6/29/2025 7:11:43 PM",""
"7649a43f-4b61-4611-85a0-08ddb7179f3f","f597b0c1-9e2c-4899-3e2b-08ddb7179f33","25060f0b-f524-4506-9278-eeb8c8890db8","True","Assets deployed in Qatar by Fund of Funds ","حجم صندوق الصناديق الاستثمارية العاملة في دولة قطر ","-","-","Assets deployed in Qatar by Fund of Funds ","حجم صندوق الصناديق الاستثمارية العاملة في دولة قطر ","0","","2023","350","2030","","False","False","","d48e8472-a5fa-49aa-ac35-9168641e1076","m USD","مليون دولار أمريكي","musd","01ceed6f-d4e2-492d-926b-176b9c7cb3b6","Increase","زيادة","increase","1d67db34-e759-4b18-ad15-0820d1e99791","Numeric","رقمية","numeric","147da856-dcc2-4e84-b8ae-dfaf95efb2aa","Qatar Central Bank","مصرف قطر المركزي","qcb","d4fcceee-b555-4b9f-b78f-027d74f0dd16","None","لا شيء","none","4bf72625-9589-4588-913c-f36d5c7b2423","Manual","يدوياً","manual","6/29/2025 7:20:02 PM",""
"802c0a86-9d8c-4f1d-85b9-08ddb7179f3f","57e6f80d-27a2-43de-3e41-08ddb7179f33","a5aecd70-67ec-44b8-94f4-c87f7d7d8e06","True","Share of Qataris in High-Skilled White Collar"," نسبة القطريين في وظائف المهارات العالية من ذوي الياقات البيضاء","-","-","Share of Qataris in High-Skilled White Collar"," نسبة القطريين في وظائف المهارات العالية من ذوي الياقات البيضاء","0","","2021","","2030","","False","False","","3d027509-2bb6-4915-b218-63311478fc3a","NA","غير متاح","NA","01ceed6f-d4e2-492d-926b-176b9c7cb3b6","Increase","زيادة","increase","1d67db34-e759-4b18-ad15-0820d1e99791","Numeric","رقمية","numeric","603b0af1-70bf-4257-8f57-4861e33ae17c","National Planning Council","المجلس الوطني للتخطيط","npc","d4fcceee-b555-4b9f-b78f-027d74f0dd16","None","لا شيء","none","4bf72625-9589-4588-913c-f36d5c7b2423","Manual","يدوياً","manual","6/29/2025 8:27:01 PM",""
"83c50cdc-91e4-4008-85c5-08ddb7179f3f","e2546a69-1ba8-4b1e-3e4d-08ddb7179f33","256d27b9-00d4-4b31-a430-1d893690a3d9","True","A road map linking the free zones and all ports","خارطة طرق تربط بين المناطق الحرة وجميع المنافذ","A map of the roads linking the ports and free zones with details of distances and times that the carrier can use as inferences to shorten the distance and time in the shipping process.","خارطة للطرق الرابطة بين المنافذ والمناطق الحرة بتفاصيل المسافات والأوقات يستطيع الناقل الاستدلال بها لاختصار المسافة والوقت في عملية الشحن ","A road map linking the free zones and all ports","خارطة طرق تربط بين المناطق الحرة وجميع المنافذ","0","0","2024","1","2030","","False","False","","6666d77f-957a-4a59-92d4-ba482e3b9ecc","Count","العدد","count","01ceed6f-d4e2-492d-926b-176b9c7cb3b6","Increase","زيادة","increase","1d67db34-e759-4b18-ad15-0820d1e99791","Numeric","رقمية","numeric","ed3892f4-3f5f-4085-b005-51e74b745219","Unknown","غير معروف","","d4fcceee-b555-4b9f-b78f-027d74f0dd16","None","لا شيء","none","4bf72625-9589-4588-913c-f36d5c7b2423","Manual","يدوياً","manual","6/29/2025 11:09:23 PM",""
"d02252cd-e7b5-491e-85c6-08ddb7179f3f","7ebf49ff-62db-4a91-3e4e-08ddb7179f33","6776e4b6-1659-4bc1-a15b-cd4190d442ac","True","حجم القدرة الاستيعابية للمستودعات الجمركية في المطارات","حجم القدرة الاستيعابية للمستودعات الجمركية في المطارات","-","-","حجم القدرة الاستيعابية للمستودعات الجمركية في المطارات","حجم القدرة الاستيعابية للمستودعات الجمركية في المطارات","0","80","2024","120","2030","","False","False","","a4ede074-5957-46ab-a6e6-341e291f2080","%","%","%","01ceed6f-d4e2-492d-926b-176b9c7cb3b6","Increase","زيادة","increase","1d67db34-e759-4b18-ad15-0820d1e99791","Numeric","رقمية","numeric","cf69862d-4d57-4fa6-8dbb-7e492aca23ed","مطار حمد الدولي","مطار حمد الدولي","","d4fcceee-b555-4b9f-b78f-027d74f0dd16","None","لا شيء","none","4bf72625-9589-4588-913c-f36d5c7b2423","Manual","يدوياً","manual","6/29/2025 11:09:59 PM",""
"6825244a-5e9b-428e-85cf-08ddb7179f3f","61db52da-e839-40a4-3e54-08ddb7179f33","f5f68053-cc03-4fab-bec4-3e0d807beaab","True","Obesity Rate","معدل السمنة","-","-","Obesity Rate","معدل السمنة","0","","2024","38","2030","","False","False","","a4ede074-5957-46ab-a6e6-341e291f2080","%","%","%","01ceed6f-d4e2-492d-926b-176b9c7cb3b6","Increase","زيادة","increase","1d67db34-e759-4b18-ad15-0820d1e99791","Numeric","رقمية","numeric","603b0af1-70bf-4257-8f57-4861e33ae17c","National Planning Council","المجلس الوطني للتخطيط","npc","d4fcceee-b555-4b9f-b78f-027d74f0dd16","None","لا شيء","none","4bf72625-9589-4588-913c-f36d5c7b2423","Manual","يدوياً","manual","6/30/2025 10:50:31 AM",""
"1367abb3-a507-4b3f-85d0-08ddb7179f3f","d032d27f-d538-4da2-3e55-08ddb7179f33","2777a7d6-fd92-4d86-a4e5-964425cd0b1f","True","Smoking Rate","معدل التدخين","-","-","Smoking Rate","معدل التدخين","0","","2024","19","2030","","False","False","","a4ede074-5957-46ab-a6e6-341e291f2080","%","%","%","01ceed6f-d4e2-492d-926b-176b9c7cb3b6","Increase","زيادة","increase","1d67db34-e759-4b18-ad15-0820d1e99791","Numeric","رقمية","numeric","603b0af1-70bf-4257-8f57-4861e33ae17c","National Planning Council","المجلس الوطني للتخطيط","npc","d4fcceee-b555-4b9f-b78f-027d74f0dd16","None","لا شيء","none","4bf72625-9589-4588-913c-f36d5c7b2423","Manual","يدوياً","manual","6/30/2025 10:51:15 AM",""
"9b5ada69-9f88-498f-85d1-08ddb7179f3f","c63a248e-8060-4845-3e56-08ddb7179f33","c4abe7a5-763f-48ee-8ec5-d23606a9ab0d","True","Qatarization Rate for Public Entities (%)","نسبة التقطير في الجهات العامة","-","-","Qatarization Rate for Public Entities (%)","نسبة التقطير في الجهات العامة","0","","2024","45","2030","","False","False","","3d027509-2bb6-4915-b218-63311478fc3a","NA","غير متاح","NA","01ceed6f-d4e2-492d-926b-176b9c7cb3b6","Increase","زيادة","increase","1d67db34-e759-4b18-ad15-0820d1e99791","Numeric","رقمية","numeric","603b0af1-70bf-4257-8f57-4861e33ae17c","National Planning Council","المجلس الوطني للتخطيط","npc","d4fcceee-b555-4b9f-b78f-027d74f0dd16","None","لا شيء","none","4bf72625-9589-4588-913c-f36d5c7b2423","Manual","يدوياً","manual","6/30/2025 10:51:40 AM",""
"1710afd3-f77a-4a10-85d2-08ddb7179f3f","61f429d1-6c47-48ec-3e57-08ddb7179f33","34370404-d43e-4dc1-b654-7638e323c026","True","NTM frequency ratio (%)","نسبة التدابير غير الجمركية","-","-","NTM frequency ratio (%)","نسبة التدابير غير الجمركية","0","","2024","30","2024","","False","False","","a4ede074-5957-46ab-a6e6-341e291f2080","%","%","%","01ceed6f-d4e2-492d-926b-176b9c7cb3b6","Increase","زيادة","increase","1d67db34-e759-4b18-ad15-0820d1e99791","Numeric","رقمية","numeric","603b0af1-70bf-4257-8f57-4861e33ae17c","National Planning Council","المجلس الوطني للتخطيط","npc","d4fcceee-b555-4b9f-b78f-027d74f0dd16","None","لا شيء","none","4bf72625-9589-4588-913c-f36d5c7b2423","Manual","يدوياً","manual","6/30/2025 10:55:49 AM",""
"64efb2cf-1c77-441c-85d3-08ddb7179f3f","71f4a5b5-baea-4789-3e58-08ddb7179f33","21eb8427-d23e-4494-80ed-8d1c8d96de07","True","Business-funded BERD (as a proportion % of BERD)","نسبة إنفاق قطاع الأعمال الخاص على البحث والتطوير من إجمالي إنفاق الأعمال على البحث والتطوير","-","-","Business-funded BERD (as a proportion % of BERD)","نسبة إنفاق قطاع الأعمال الخاص على البحث والتطوير من إجمالي إنفاق الأعمال على البحث والتطوير","0","","2024","60","2030","","False","False","","a4ede074-5957-46ab-a6e6-341e291f2080","%","%","%","01ceed6f-d4e2-492d-926b-176b9c7cb3b6","Increase","زيادة","increase","1d67db34-e759-4b18-ad15-0820d1e99791","Numeric","رقمية","numeric","603b0af1-70bf-4257-8f57-4861e33ae17c","National Planning Council","المجلس الوطني للتخطيط","npc","d4fcceee-b555-4b9f-b78f-027d74f0dd16","None","لا شيء","none","4bf72625-9589-4588-913c-f36d5c7b2423","Manual","يدوياً","manual","6/30/2025 11:11:48 AM",""
"b5393475-2330-4e0e-85d4-08ddb7179f3f","4861f716-4a3f-4304-3e59-08ddb7179f33","ef50cf0a-caf5-411a-baf1-3f9ee3bae025","True","Yearly growth of sector operating entities: yearly new entrants (%)","Yearly growth of sector operating entities: yearly new entrants (%)","-","-","Yearly growth of sector operating entities: yearly new entrants (%)","Yearly growth of sector operating entities: yearly new entrants (%)","0","","2023","","","","False","False","","3d027509-2bb6-4915-b218-63311478fc3a","NA","غير متاح","NA","01ceed6f-d4e2-492d-926b-176b9c7cb3b6","Increase","زيادة","increase","1d67db34-e759-4b18-ad15-0820d1e99791","Numeric","رقمية","numeric","603b0af1-70bf-4257-8f57-4861e33ae17c","National Planning Council","المجلس الوطني للتخطيط","npc","d4fcceee-b555-4b9f-b78f-027d74f0dd16","None","لا شيء","none","4bf72625-9589-4588-913c-f36d5c7b2423","Manual","يدوياً","manual","6/30/2025 11:16:57 AM",""
"ffceca48-a542-414c-85d5-08ddb7179f3f","1a3c0f36-b514-4b19-3e5a-08ddb7179f33","5a3f629f-f0aa-4b48-b53d-17b4f6d18342","True","Sector jobs - non Qataris","Sector jobs - non Qataris","-","-","Sector jobs - non Qataris","Sector jobs - non Qataris","0","","2020","","","","False","False","","3d027509-2bb6-4915-b218-63311478fc3a","NA","غير متاح","NA","01ceed6f-d4e2-492d-926b-176b9c7cb3b6","Increase","زيادة","increase","1d67db34-e759-4b18-ad15-0820d1e99791","Numeric","رقمية","numeric","603b0af1-70bf-4257-8f57-4861e33ae17c","National Planning Council","المجلس الوطني للتخطيط","npc","d4fcceee-b555-4b9f-b78f-027d74f0dd16","None","لا شيء","none","4bf72625-9589-4588-913c-f36d5c7b2423","Manual","يدوياً","manual","6/30/2025 11:18:21 AM",""
"c660d479-c173-41f1-85d6-08ddb7179f3f","adb140b8-770f-4a34-3e5b-08ddb7179f33","974fb530-6661-4719-ada0-b0c9a8739b41","True","Exports (QAR, bn)","Exports (QAR, bn)","-","-","Exports (QAR, bn)","Exports (QAR, bn)","0","","2021","","","","False","False","","961dcb1d-b0c4-4e66-8434-8c75e6bb4d12","bn","مليار","bn","01ceed6f-d4e2-492d-926b-176b9c7cb3b6","Increase","زيادة","increase","1d67db34-e759-4b18-ad15-0820d1e99791","Numeric","رقمية","numeric","8686a5c3-72a6-4834-8ce9-11fe0479a77a","Qatar Chamber","غرفة تجارة وصناعة قطر","","d4fcceee-b555-4b9f-b78f-027d74f0dd16","None","لا شيء","none","4bf72625-9589-4588-913c-f36d5c7b2423","Manual","يدوياً","manual","6/30/2025 11:19:16 AM",""
"c7b40b07-1e8a-45c7-85d7-08ddb7179f3f","934bc0c8-5780-46b8-3e5c-08ddb7179f33","cdc59156-4680-4191-a18a-0a0fa5cf78b4","True","Yearly growth of sector operating entities: yearly closures (%)","Yearly growth of sector operating entities: yearly closures (%)","-","-","Yearly growth of sector operating entities: yearly closures (%)","Yearly growth of sector operating entities: yearly closures (%)","0","","2023","","","","False","False","","3d027509-2bb6-4915-b218-63311478fc3a","NA","غير متاح","NA","6b8715ba-be56-493a-8b21-28c104b71b6d","Decrease","انخفاض","decrease","1d67db34-e759-4b18-ad15-0820d1e99791","Numeric","رقمية","numeric","603b0af1-70bf-4257-8f57-4861e33ae17c","National Planning Council","المجلس الوطني للتخطيط","npc","d4fcceee-b555-4b9f-b78f-027d74f0dd16","None","لا شيء","none","4bf72625-9589-4588-913c-f36d5c7b2423","Manual","يدوياً","manual","6/30/2025 11:19:49 AM",""
"e23f64b8-f7f8-4bf8-85d8-08ddb7179f3f","c9bfb3a0-2d3a-4895-3e5d-08ddb7179f33","aac166b8-ee0a-4a9c-9c0f-3d4cd9a22479","True","Annual write-off rate-1","Annual write-off rate-1","net loan losses written off/gross loan portfolio.","net loan losses written off/gross loan portfolio.","Annual write-off rate-1","Annual write-off rate-1","0","","2023","","","","False","False","","3d027509-2bb6-4915-b218-63311478fc3a","NA","غير متاح","NA","01ceed6f-d4e2-492d-926b-176b9c7cb3b6","Increase","زيادة","increase","1d67db34-e759-4b18-ad15-0820d1e99791","Numeric","رقمية","numeric","715a432f-ca97-42dc-a3ab-b2a1dcee2b2a","Qatar Development Bank","بنك قطر للتنمية","qdb","d4fcceee-b555-4b9f-b78f-027d74f0dd16","None","لا شيء","none","4bf72625-9589-4588-913c-f36d5c7b2423","Manual","يدوياً","manual","6/30/2025 11:25:06 AM",""
"dc63fa85-73d2-41b8-85d9-08ddb7179f3f","c8b626a1-4f80-40ec-3e5e-08ddb7179f33","95cde7f3-dda0-4c7e-90b9-0ff557831ae8","True","ROI (Actual Received)","ROI (Actual Received) - (QAR, Bn)-1","-","-","ROI (Actual Received)","ROI (Actual Received) - (QAR, Bn)-1","0","0","2023","","","","False","False","","3d027509-2bb6-4915-b218-63311478fc3a","NA","غير متاح","NA","01ceed6f-d4e2-492d-926b-176b9c7cb3b6","Increase","زيادة","increase","1d67db34-e759-4b18-ad15-0820d1e99791","Numeric","رقمية","numeric","715a432f-ca97-42dc-a3ab-b2a1dcee2b2a","Qatar Development Bank","بنك قطر للتنمية","qdb","d4fcceee-b555-4b9f-b78f-027d74f0dd16","None","لا شيء","none","4bf72625-9589-4588-913c-f36d5c7b2423","Manual","يدوياً","manual","6/30/2025 11:25:33 AM",""
"874ff68f-d991-4603-85e1-08ddb7179f3f","b92b131c-8a2e-49ef-3e64-08ddb7179f33","09bd0579-9655-46d3-866b-8ff8843f93d6","True","Percentage of Skilled Labor Out of the Total Labor Force-1","نسبة العمالة الماهرة من العمالة الإجمالية-2","-","-","Percentage of Skilled Labor Out of the Total Labor Force-1","نسبة العمالة الماهرة من العمالة الإجمالية-2","0","","2023","","","","False","False","","a4ede074-5957-46ab-a6e6-341e291f2080","%","%","%","01ceed6f-d4e2-492d-926b-176b9c7cb3b6","Increase","زيادة","increase","1d67db34-e759-4b18-ad15-0820d1e99791","Numeric","رقمية","numeric","e715ec0d-3afc-499b-a974-b4679a4e2ca0","Qatar Free Zone","منطقة قطر الحرة","","d4fcceee-b555-4b9f-b78f-027d74f0dd16","None","لا شيء","none","4bf72625-9589-4588-913c-f36d5c7b2423","Manual","يدوياً","manual","6/30/2025 1:48:32 PM",""
"ba5b32e4-8290-4e79-85e2-08ddb7179f3f","63073032-96e4-45fd-3e65-08ddb7179f33","6363cd50-dddf-4be5-960c-1f6348245281","True","Total Investments (QAR, m)-1","الاستثمارات الإجمالية (مليون ر.ق.)-2","-","-","Total Investments (QAR, m)-1","الاستثمارات الإجمالية (مليون ر.ق.)-2","0","","2023","","","","False","False","","7e29dc70-a806-4347-94a5-2069dc0cb086","m","مليون","m","01ceed6f-d4e2-492d-926b-176b9c7cb3b6","Increase","زيادة","increase","1d67db34-e759-4b18-ad15-0820d1e99791","Numeric","رقمية","numeric","e715ec0d-3afc-499b-a974-b4679a4e2ca0","Qatar Free Zone","منطقة قطر الحرة","","d4fcceee-b555-4b9f-b78f-027d74f0dd16","None","لا شيء","none","4bf72625-9589-4588-913c-f36d5c7b2423","Manual","يدوياً","manual","6/30/2025 1:50:52 PM",""
"025fc974-aae1-47e5-85e3-08ddb7179f3f","0f4a1200-7f7b-4f67-3e66-08ddb7179f33","03686c6d-63ab-4e70-ad96-bd86223b7294","True","Value of Assets Under Management (QAR, bn)-1","قيمة الأصول من الشركات-1","-","-","Value of Assets Under Management (QAR, bn)-1","قيمة الأصول من الشركات-1","0","","2023","","","","False","False","","961dcb1d-b0c4-4e66-8434-8c75e6bb4d12","bn","مليار","bn","01ceed6f-d4e2-492d-926b-176b9c7cb3b6","Increase","زيادة","increase","1d67db34-e759-4b18-ad15-0820d1e99791","Numeric","رقمية","numeric","3f90b83e-ac32-4c3d-afbd-ad3c31276dfe","Qatar Financial Center","مركز قطر للمال","","d4fcceee-b555-4b9f-b78f-027d74f0dd16","None","لا شيء","none","4bf72625-9589-4588-913c-f36d5c7b2423","Manual","يدوياً","manual","6/30/2025 1:53:09 PM",""
"9f93334f-708a-4682-85e4-08ddb7179f3f","f53e6941-a46d-4142-3e67-08ddb7179f33","68a75b22-354c-4579-a80f-863f03901f69","True","Number of Companies-1","عدد الشركات المسجلة-1","-","-","Number of Companies-1","عدد الشركات المسجلة-1","0","518","2018","","","","False","False","","b9f8781d-0b45-40de-a476-7d3e1ffdfca2","companies","شركات","companies","01ceed6f-d4e2-492d-926b-176b9c7cb3b6","Increase","زيادة","increase","1d67db34-e759-4b18-ad15-0820d1e99791","Numeric","رقمية","numeric","3f90b83e-ac32-4c3d-afbd-ad3c31276dfe","Qatar Financial Center","مركز قطر للمال","","d4fcceee-b555-4b9f-b78f-027d74f0dd16","None","لا شيء","none","4bf72625-9589-4588-913c-f36d5c7b2423","Manual","يدوياً","manual","6/30/2025 1:53:52 PM",""
"71c5d2eb-81ea-42c7-85e5-08ddb7179f3f","19d55db8-34f1-4697-3e68-08ddb7179f33","90fb1b4e-7a3c-4c91-a3ab-a77ccbcb2475","True","Number of Staff-1","عدد الموظفين-2","-","-","Number of Staff-1","عدد الموظفين-2","0","","2023","","","","False","False","","8c43c073-47a2-401e-a39e-96f51e389dc4","employee","موظف","employee","01ceed6f-d4e2-492d-926b-176b9c7cb3b6","Increase","زيادة","increase","1d67db34-e759-4b18-ad15-0820d1e99791","Numeric","رقمية","numeric","3f90b83e-ac32-4c3d-afbd-ad3c31276dfe","Qatar Financial Center","مركز قطر للمال","","d4fcceee-b555-4b9f-b78f-027d74f0dd16","None","لا شيء","none","4bf72625-9589-4588-913c-f36d5c7b2423","Manual","يدوياً","manual","6/30/2025 1:54:13 PM",""
"0082a971-fdd2-4f5e-85e6-08ddb7179f3f","ba86d4e8-86df-4abf-3e69-08ddb7179f33","94e82fa4-5d8f-48d5-9455-78b439ca7600","True","Percentage of Active Companies from Total Registered Companies (%)","نسبة الشركات النشطة من إجمالي الشركات المسجلة (%)","-","-","Percentage of Active Companies from Total Registered Companies (%)","نسبة الشركات النشطة من إجمالي الشركات المسجلة (%)","0","78","2018","","","","False","False","","a4ede074-5957-46ab-a6e6-341e291f2080","%","%","%","01ceed6f-d4e2-492d-926b-176b9c7cb3b6","Increase","زيادة","increase","1d67db34-e759-4b18-ad15-0820d1e99791","Numeric","رقمية","numeric","3f90b83e-ac32-4c3d-afbd-ad3c31276dfe","Qatar Financial Center","مركز قطر للمال","","d4fcceee-b555-4b9f-b78f-027d74f0dd16","None","لا شيء","none","4bf72625-9589-4588-913c-f36d5c7b2423","Manual","يدوياً","manual","6/30/2025 1:54:36 PM",""
"4b19ed02-60ba-463d-85e7-08ddb7179f3f","1c0c06df-a200-4826-3e6a-08ddb7179f33","b2b872c5-2bdd-419d-86ca-53d8f0ee8e62","True","Number of Companies Registered in the Stock Exchange-1","عدد الشركات المدرجة في البورصة-1","-","-","Number of Companies Registered in the Stock Exchange-1","عدد الشركات المدرجة في البورصة-1","0","","2023","","","","False","False","","b9f8781d-0b45-40de-a476-7d3e1ffdfca2","companies","شركات","companies","01ceed6f-d4e2-492d-926b-176b9c7cb3b6","Increase","زيادة","increase","1d67db34-e759-4b18-ad15-0820d1e99791","Numeric","رقمية","numeric","3f90b83e-ac32-4c3d-afbd-ad3c31276dfe","Qatar Financial Center","مركز قطر للمال","","d4fcceee-b555-4b9f-b78f-027d74f0dd16","None","لا شيء","none","4bf72625-9589-4588-913c-f36d5c7b2423","Manual","يدوياً","manual","6/30/2025 1:54:59 PM",""
"0ce12ad0-c3ec-4b12-85e8-08ddb7179f3f","9af398b9-ca7f-4451-3e6b-08ddb7179f33","6f0ed775-6eb2-43f8-8c9a-4bf1fdfe1578","True","Number of Agreements and MOUs-2","Number of Agreements and MOUs-2","-","-","Number of Agreements and MOUs-2","Number of Agreements and MOUs-2","0","117","2021","","","","False","False","","3d027509-2bb6-4915-b218-63311478fc3a","NA","غير متاح","NA","01ceed6f-d4e2-492d-926b-176b9c7cb3b6","Increase","زيادة","increase","1d67db34-e759-4b18-ad15-0820d1e99791","Numeric","رقمية","numeric","fa20ce3a-fc95-470c-983e-86d3e250a2fb","Investment Promotions Agency","وكالة ترويج الاستثمار","","d4fcceee-b555-4b9f-b78f-027d74f0dd16","None","لا شيء","none","4bf72625-9589-4588-913c-f36d5c7b2423","Manual","يدوياً","manual","6/30/2025 1:57:53 PM",""
"2f166fa9-7e81-46f6-85e9-08ddb7179f3f","e695ef47-c754-419c-3e6c-08ddb7179f33","f9cec3cd-f2df-459c-b9b5-91eb8f956ddf","True","FDI value to Qatar (QAR bn)-1","FDI value to Qatar (QAR bn)-1","-","-","FDI value to Qatar (QAR bn)-1","FDI value to Qatar (QAR bn)-1","0","","2023","","","","False","False","","961dcb1d-b0c4-4e66-8434-8c75e6bb4d12","bn","مليار","bn","01ceed6f-d4e2-492d-926b-176b9c7cb3b6","Increase","زيادة","increase","1d67db34-e759-4b18-ad15-0820d1e99791","Numeric","رقمية","numeric","fa20ce3a-fc95-470c-983e-86d3e250a2fb","Investment Promotions Agency","وكالة ترويج الاستثمار","","d4fcceee-b555-4b9f-b78f-027d74f0dd16","None","لا شيء","none","4bf72625-9589-4588-913c-f36d5c7b2423","Manual","يدوياً","manual","6/30/2025 2:00:58 PM",""
"c4b3e1e4-693c-47c5-85ea-08ddb7179f3f","45d63a3d-01cd-485d-3e6d-08ddb7179f33","9f57bc6b-5bba-4441-b3fc-91f6b3271c42","True","Number of Granted Incentives-1","صفقات حوافز تحت المراجعة والتقييم-1","-","-","Number of Granted Incentives-1","صفقات حوافز تحت المراجعة والتقييم-1","0","","2023","","","","False","False","","3d027509-2bb6-4915-b218-63311478fc3a","NA","غير متاح","NA","01ceed6f-d4e2-492d-926b-176b9c7cb3b6","Increase","زيادة","increase","1d67db34-e759-4b18-ad15-0820d1e99791","Numeric","رقمية","numeric","fa20ce3a-fc95-470c-983e-86d3e250a2fb","Investment Promotions Agency","وكالة ترويج الاستثمار","","d4fcceee-b555-4b9f-b78f-027d74f0dd16","None","لا شيء","none","4bf72625-9589-4588-913c-f36d5c7b2423","Manual","يدوياً","manual","6/30/2025 2:01:26 PM",""
"4fcc8dc6-e27c-41a0-85eb-08ddb7179f3f","8822f966-05c2-417f-3e6e-08ddb7179f33","10f4c00d-c838-4536-9a0b-55267905f172","True","Number of Online Engagements-2","Number of Online Engagements-1","-","-","Number of Online Engagements-2","Number of Online Engagements-1","0","33","2021","","","","False","False","","2e7c1cb7-7616-4f76-b5ae-0f7a4d681c0b","k","ألف","k","01ceed6f-d4e2-492d-926b-176b9c7cb3b6","Increase","زيادة","increase","1d67db34-e759-4b18-ad15-0820d1e99791","Numeric","رقمية","numeric","fa20ce3a-fc95-470c-983e-86d3e250a2fb","Investment Promotions Agency","وكالة ترويج الاستثمار","","d4fcceee-b555-4b9f-b78f-027d74f0dd16","None","لا شيء","none","4bf72625-9589-4588-913c-f36d5c7b2423","Manual","يدوياً","manual","6/30/2025 2:01:53 PM",""
"d4a431d6-febe-4bd1-eb4b-08ddb722adc5","d2c4d177-bb12-4645-b53f-08ddb722adc3","6c85975f-3c51-4447-80e9-62cf50c69a8d","True","Export Time","الوقت المستغرق للتصدير","-","-","Export Time","الوقت المستغرق للتصدير","0","","","","","","False","False","","a2b76674-47a4-4f4b-a3a4-d2eb31cf1948","Hours","ساعات","hours","6b8715ba-be56-493a-8b21-28c104b71b6d","Decrease","انخفاض","decrease","1d67db34-e759-4b18-ad15-0820d1e99791","Numeric","رقمية","numeric","a0b22687-3eee-444e-99e1-fb145ee190da","General Authority of Customs","الهيئة العامة للجمارك","","e389a8df-ca73-45c6-843a-a9624f54b150","Max","أقصى","max","4bf72625-9589-4588-913c-f36d5c7b2423","Manual","يدوياً","manual","6/29/2025 6:59:15 PM",""
"811f81d1-1afb-44ab-eb4c-08ddb722adc5","c3257c34-9cb4-41be-b540-08ddb722adc3","46cb8859-5cd3-41e7-ba7c-426b9b0da0b2","True","Import Time","الوقت المستغرق للاستيراد","-","-","Import Time","الوقت المستغرق للاستيراد","0.0","","","","","","False","False","","a2b76674-47a4-4f4b-a3a4-d2eb31cf1948","Hours","ساعات","hours","6b8715ba-be56-493a-8b21-28c104b71b6d","Decrease","انخفاض","decrease","1d67db34-e759-4b18-ad15-0820d1e99791","Numeric","رقمية","numeric","a0b22687-3eee-444e-99e1-fb145ee190da","General Authority of Customs","الهيئة العامة للجمارك","","e389a8df-ca73-45c6-843a-a9624f54b150","Max","أقصى","max","4bf72625-9589-4588-913c-f36d5c7b2423","Manual","يدوياً","manual","6/29/2025 7:01:16 PM",""
"db5159e4-2ff5-40db-eb52-08ddb722adc5","e8dde311-7c9b-4bec-b546-08ddb722adc3","567add38-2940-4d71-96fd-902fbe20cd69","True","Private Sector Contribution","مساهمة القطاع الخاص","-","-","Private Sector Contribution","مساهمة القطاع الخاص","0","20.4","2021","35.6","2030","","False","False","","1c948c21-21b6-426d-8aa0-b1fb90f3c1f9","bn QAR","مليار رق","bn QAR","01ceed6f-d4e2-492d-926b-176b9c7cb3b6","Increase","زيادة","increase","1d67db34-e759-4b18-ad15-0820d1e99791","Numeric","رقمية","numeric","603b0af1-70bf-4257-8f57-4861e33ae17c","National Planning Council","المجلس الوطني للتخطيط","npc","d4fcceee-b555-4b9f-b78f-027d74f0dd16","None","لا شيء","none","4bf72625-9589-4588-913c-f36d5c7b2423","Manual","يدوياً","manual","6/29/2025 7:08:57 PM",""
"dbd76ae3-518d-414e-eb54-08ddb722adc5","54259d3e-0236-495b-b548-08ddb722adc3","63b8ed98-e5c0-4c2c-be6f-7433f8b16cda","True","Annual Growth in Labor Productivity","معدل النمو السنوي في إنتاجية العاملين","ACTIVE","ACTIVE","Annual Growth in Labor Productivity","معدل النمو السنوي في إنتاجية العاملين","0","0.9","2019","","2024","","False","False","","a4ede074-5957-46ab-a6e6-341e291f2080","%","%","%","01ceed6f-d4e2-492d-926b-176b9c7cb3b6","Increase","زيادة","increase","1d67db34-e759-4b18-ad15-0820d1e99791","Numeric","رقمية","numeric","f953092c-d58a-444a-9a42-a3c697c2d6ea","Ministry Of Commerce And Industry","وزارة التجارة والصناعة","moci","d4fcceee-b555-4b9f-b78f-027d74f0dd16","None","لا شيء","none","4bf72625-9589-4588-913c-f36d5c7b2423","Manual","يدوياً","manual","6/29/2025 7:10:22 PM",""
"83e45ddc-fd7e-4033-eb55-08ddb722adc5","b101ba8b-99ff-4118-b549-08ddb722adc3","c0fcca9b-a3c7-48ca-83c4-3ae28007538e","True","Share of High Skilled Qatari","نسبة الوظائف عالية المهارة من القطريين","ACTIVE","ACTIVE","Share of High Skilled Qatari","نسبة الوظائف عالية المهارة من القطريين","0","2.2","2020","","","","False","False","","a4ede074-5957-46ab-a6e6-341e291f2080","%","%","%","01ceed6f-d4e2-492d-926b-176b9c7cb3b6","Increase","زيادة","increase","1d67db34-e759-4b18-ad15-0820d1e99791","Numeric","رقمية","numeric","f953092c-d58a-444a-9a42-a3c697c2d6ea","Ministry Of Commerce And Industry","وزارة التجارة والصناعة","moci","d4fcceee-b555-4b9f-b78f-027d74f0dd16","None","لا شيء","none","4bf72625-9589-4588-913c-f36d5c7b2423","Manual","يدوياً","manual","6/29/2025 7:11:05 PM",""
"fe9e31b5-d997-40b4-eb56-08ddb722adc5","2eb9e540-a156-40b0-b54a-08ddb722adc3","cc860f04-6ee4-4758-a245-e1dbc7efa6fe","True","Domestic Investments into the Sector","الاستثمار المحلي في القطاع","ACTIVE","ACTIVE","Domestic Investments into the Sector","الاستثمار المحلي في القطاع","0","1.17","2021","","","","False","False","","961dcb1d-b0c4-4e66-8434-8c75e6bb4d12","bn","مليار","bn","01ceed6f-d4e2-492d-926b-176b9c7cb3b6","Increase","زيادة","increase","1d67db34-e759-4b18-ad15-0820d1e99791","Numeric","رقمية","numeric","f953092c-d58a-444a-9a42-a3c697c2d6ea","Ministry Of Commerce And Industry","وزارة التجارة والصناعة","moci","d4fcceee-b555-4b9f-b78f-027d74f0dd16","None","لا شيء","none","4bf72625-9589-4588-913c-f36d5c7b2423","Manual","يدوياً","manual","6/29/2025 7:11:23 PM",""
"0a59b732-7d4c-497a-eb67-08ddb722adc5","4621e313-d65e-460b-b55b-08ddb722adc3","bae6be81-cede-413e-ab22-78caadb61aa1","True","Graduates from STEM ( Share of All Graduates )","نسبة المتخرجين من تخصصات العلوم، تكنولوجيا المعلومات، الهندسة، والرياضيات (من أصل جميع الخريجين)","-","-","Graduates from STEM ( Share of All Graduates )","نسبة المتخرجين من تخصصات العلوم، تكنولوجيا المعلومات، الهندسة، والرياضيات (من أصل جميع الخريجين)","0","10","2023","21","2030","","False","False","","a4ede074-5957-46ab-a6e6-341e291f2080","%","%","%","01ceed6f-d4e2-492d-926b-176b9c7cb3b6","Increase","زيادة","increase","1d67db34-e759-4b18-ad15-0820d1e99791","Numeric","رقمية","numeric","0be7cb31-3121-4ca0-a0bc-bd2425fc643f","Ministry Of Education And Higher Education","وزارة التربية والتعليم العالي","mehe","d4fcceee-b555-4b9f-b78f-027d74f0dd16","None","لا شيء","none","4bf72625-9589-4588-913c-f36d5c7b2423","Manual","يدوياً","manual","6/29/2025 8:14:42 PM",""
"9ee176ed-c7f2-4a7f-eb6e-08ddb722adc5","d721ff2f-6278-4b48-b562-08ddb722adc3","4c6883e2-ebbf-4ca8-9ed5-06265c43a210","True","Private Sector Investment into the Sector","استثمار القطاع الخاص في القطاع","-","-","Private Sector Investment into the Sector","استثمار القطاع الخاص في القطاع","0","","2023","","2030","","False","False","","3d027509-2bb6-4915-b218-63311478fc3a","NA","غير متاح","NA","01ceed6f-d4e2-492d-926b-176b9c7cb3b6","Increase","زيادة","increase","1d67db34-e759-4b18-ad15-0820d1e99791","Numeric","رقمية","numeric","ed3892f4-3f5f-4085-b005-51e74b745219","Unknown","غير معروف","","d4fcceee-b555-4b9f-b78f-027d74f0dd16","None","لا شيء","none","4bf72625-9589-4588-913c-f36d5c7b2423","Manual","يدوياً","manual","6/29/2025 8:23:45 PM",""
"08e419ce-8876-4c12-eb6f-08ddb722adc5","ce90f312-89d7-4642-b563-08ddb722adc3","035f5056-9030-4f34-b49d-24c018afe8b0","True","Share of Licensed Doctors Employed in Private Sector ","نسبة الأطباء المرخصين العاملين بالقطاع الخاص ","-","-","Share of Licensed Doctors Employed in Private Sector ","نسبة الأطباء المرخصين العاملين بالقطاع الخاص ","0","","","","","","False","False","","3d027509-2bb6-4915-b218-63311478fc3a","NA","غير متاح","NA","01ceed6f-d4e2-492d-926b-176b9c7cb3b6","Increase","زيادة","increase","1d67db34-e759-4b18-ad15-0820d1e99791","Numeric","رقمية","numeric","6f741451-7d19-480b-9493-3653cb304a23","Ministry Of Public Health","وزارة الصحة العامة","moph","d4fcceee-b555-4b9f-b78f-027d74f0dd16","None","لا شيء","none","4bf72625-9589-4588-913c-f36d5c7b2423","Manual","يدوياً","manual","6/29/2025 8:24:43 PM",""
"6078d25f-d0b9-4f5a-eb79-08ddb722adc5","9261cd38-6628-44b6-b56d-08ddb722adc3","90d25f5a-2ddc-43a3-894a-7c3d6b227da3","True","Number of new requests to amend or change relevant legislation","عدد الطلبات الجديدة لتعديل أو تغير تشريعات ذات علاقة","هي الطلبات المقدمة من قبل اللجنة الوطنية لنظام التخليص الجمركي وتيسير التجارة عبر الحدود لتغيير تشريع ما له علاقة بتسهيل اجراءات معينه","هي الطلبات المقدمة من قبل اللجنة الوطنية لنظام التخليص الجمركي وتيسير التجارة عبر الحدود لتغيير تشريع ما له علاقة بتسهيل اجراءات معينه","Number of new requests to amend or change relevant legislation","عدد الطلبات الجديدة لتعديل أو تغير تشريعات ذات علاقة","0","0","2024","0","2030","","False","False","","6666d77f-957a-4a59-92d4-ba482e3b9ecc","Count","العدد","count","6b8715ba-be56-493a-8b21-28c104b71b6d","Decrease","انخفاض","decrease","1d67db34-e759-4b18-ad15-0820d1e99791","Numeric","رقمية","numeric","35717750-be12-4c39-9d79-1ee252194666","اللجنة الوطنية لنظام التخليص الجمركي وتيسير التجارة عبر الحدود","اللجنة الوطنية لنظام التخليص الجمركي وتيسير التجارة عبر الحدود","","d4fcceee-b555-4b9f-b78f-027d74f0dd16","None","لا شيء","none","4bf72625-9589-4588-913c-f36d5c7b2423","Manual","يدوياً","manual","6/29/2025 11:11:25 PM",""
"f2efffc9-c65d-4ddc-eb7a-08ddb722adc5","d946e532-7a4a-465c-b56e-08ddb722adc3","485f1b68-a29e-46e0-8115-d2cabb8d8901","True","Number of large companies targeted","عدد الشركات الكبرى المستهدفة ","Large companies (Companies of logistics providers) targeted by project (Attracting large companies to increase shipment/trans-shipment flows)No. 27 of Invest Qatar","الشركات الكبرى )شركات مزودة الخدمات اللوجستية( المستهدفة من خلال مبادرة رقم 27 من قبل وكالة ترويج الاستثمار","Number of large companies targeted","عدد الشركات الكبرى المستهدفة ","0","0","2024","10","2030","","False","False","","6666d77f-957a-4a59-92d4-ba482e3b9ecc","Count","العدد","count","01ceed6f-d4e2-492d-926b-176b9c7cb3b6","Increase","زيادة","increase","1d67db34-e759-4b18-ad15-0820d1e99791","Numeric","رقمية","numeric","921a7ad5-08a1-4939-abee-8d1a2d96cb9d","Invest Qatar","استثمر في قطر","","d4fcceee-b555-4b9f-b78f-027d74f0dd16","None","لا شيء","none","4bf72625-9589-4588-913c-f36d5c7b2423","Manual","يدوياً","manual","6/29/2025 11:17:11 PM",""
"8e34a69d-9c59-4428-eb81-08ddb722adc5","f726cf23-d70b-4f87-b572-08ddb722adc3","41ac5b2b-c76b-476f-b612-9767fa63cb5c","True","Diabetes Rate","معدل داء السكري","-","-","Diabetes Rate","معدل داء السكري","0","","2024","","2024","","False","False","","a4ede074-5957-46ab-a6e6-341e291f2080","%","%","%","01ceed6f-d4e2-492d-926b-176b9c7cb3b6","Increase","زيادة","increase","1d67db34-e759-4b18-ad15-0820d1e99791","Numeric","رقمية","numeric","603b0af1-70bf-4257-8f57-4861e33ae17c","National Planning Council","المجلس الوطني للتخطيط","npc","d4fcceee-b555-4b9f-b78f-027d74f0dd16","None","لا شيء","none","4bf72625-9589-4588-913c-f36d5c7b2423","Manual","يدوياً","manual","6/30/2025 10:50:05 AM",""
"2cc3aba3-bca6-47fc-eb82-08ddb722adc5","4cf28eb0-d3d3-436b-b573-08ddb722adc3","5ef4e2cc-4627-4b71-92eb-738d6b9f920d","True","Physically Active","النشطون بدنياً","-","-","Physically Active","النشطون بدنياً","0","","2024","79","2030","","False","False","","a4ede074-5957-46ab-a6e6-341e291f2080","%","%","%","01ceed6f-d4e2-492d-926b-176b9c7cb3b6","Increase","زيادة","increase","1d67db34-e759-4b18-ad15-0820d1e99791","Numeric","رقمية","numeric","603b0af1-70bf-4257-8f57-4861e33ae17c","National Planning Council","المجلس الوطني للتخطيط","npc","d4fcceee-b555-4b9f-b78f-027d74f0dd16","None","لا شيء","none","4bf72625-9589-4588-913c-f36d5c7b2423","Manual","يدوياً","manual","6/30/2025 10:50:53 AM",""
"8ebbc079-fd82-4c76-eb85-08ddb722adc5","298b09ad-4cf5-4503-b576-08ddb722adc3","8c1df3f7-f2e0-4e73-9f1d-7869e51da009","True","Value of VC deals directed to Qatar-based start-ups (as a % of GDP)","قيمة صفقات رأس المال الاستثماري الموجهة إلى الشركات الناشئة في قطر","-","-","Value of VC deals directed to Qatar-based start-ups (as a % of GDP)","قيمة صفقات رأس المال الاستثماري الموجهة إلى الشركات الناشئة في قطر","0","","2024","","2024","","False","False","","a4ede074-5957-46ab-a6e6-341e291f2080","%","%","%","01ceed6f-d4e2-492d-926b-176b9c7cb3b6","Increase","زيادة","increase","1d67db34-e759-4b18-ad15-0820d1e99791","Numeric","رقمية","numeric","603b0af1-70bf-4257-8f57-4861e33ae17c","National Planning Council","المجلس الوطني للتخطيط","npc","d4fcceee-b555-4b9f-b78f-027d74f0dd16","None","لا شيء","none","4bf72625-9589-4588-913c-f36d5c7b2423","Manual","يدوياً","manual","6/30/2025 11:12:18 AM",""
"0bc36c83-76c2-4a59-eb86-08ddb722adc5","cb53f44c-8e81-4ba5-b577-08ddb722adc3","8f24964c-80f7-4fdf-bf7a-3bda75175867","True","Percentage of energy generated by solar","نسبة الطاقة المولدة من الطاقة الشمسية","-","-","Percentage of energy generated by solar","نسبة الطاقة المولدة من الطاقة الشمسية","0","","","","","","False","False","","3d027509-2bb6-4915-b218-63311478fc3a","NA","غير متاح","NA","01ceed6f-d4e2-492d-926b-176b9c7cb3b6","Increase","زيادة","increase","1d67db34-e759-4b18-ad15-0820d1e99791","Numeric","رقمية","numeric","603b0af1-70bf-4257-8f57-4861e33ae17c","National Planning Council","المجلس الوطني للتخطيط","npc","d4fcceee-b555-4b9f-b78f-027d74f0dd16","None","لا شيء","none","4bf72625-9589-4588-913c-f36d5c7b2423","Manual","يدوياً","manual","6/30/2025 11:15:15 AM",""
"74ac8321-d30e-4228-eb87-08ddb722adc5","a90a3185-1ed5-4396-b578-08ddb722adc3","5161dca8-65fd-47d5-b80a-1179b4576399","True","Contribution to GDP (QAR, bn)","Contribution to GDP (QAR, bn)","-","-","Contribution to GDP (QAR, bn)","Contribution to GDP (QAR, bn)","0","","2020","","","","False","False","","961dcb1d-b0c4-4e66-8434-8c75e6bb4d12","bn","مليار","bn","01ceed6f-d4e2-492d-926b-176b9c7cb3b6","Increase","زيادة","increase","1d67db34-e759-4b18-ad15-0820d1e99791","Numeric","رقمية","numeric","603b0af1-70bf-4257-8f57-4861e33ae17c","National Planning Council","المجلس الوطني للتخطيط","npc","d4fcceee-b555-4b9f-b78f-027d74f0dd16","None","لا شيء","none","4bf72625-9589-4588-913c-f36d5c7b2423","Manual","يدوياً","manual","6/30/2025 11:16:08 AM",""
"7ae28198-aa8e-486a-eb88-08ddb722adc5","5be08e95-cf7e-47c4-b579-08ddb722adc3","4a975801-a78a-4056-a039-44f10c1378a6","True","Sector Jobs","Sector Jobs","-","-","Sector Jobs","Sector Jobs","0","","2020","","","","False","False","","2e7c1cb7-7616-4f76-b5ae-0f7a4d681c0b","k","ألف","k","01ceed6f-d4e2-492d-926b-176b9c7cb3b6","Increase","زيادة","increase","1d67db34-e759-4b18-ad15-0820d1e99791","Numeric","رقمية","numeric","603b0af1-70bf-4257-8f57-4861e33ae17c","National Planning Council","المجلس الوطني للتخطيط","npc","d4fcceee-b555-4b9f-b78f-027d74f0dd16","None","لا شيء","none","4bf72625-9589-4588-913c-f36d5c7b2423","Manual","يدوياً","manual","6/30/2025 11:17:32 AM",""
"1df85e99-ee6c-4a48-eb89-08ddb722adc5","6b4f51a8-b0b2-43d6-b57a-08ddb722adc3","d1f39148-6345-4231-889a-081733ff4223","True","SME's in operation for a minimum of four years (%)","SME's in operation for a minimum of four years (%)","-","-","SME's in operation for a minimum of four years (%)","SME's in operation for a minimum of four years (%)","0","","2020","","","","False","False","","3d027509-2bb6-4915-b218-63311478fc3a","NA","غير متاح","NA","01ceed6f-d4e2-492d-926b-176b9c7cb3b6","Increase","زيادة","increase","1d67db34-e759-4b18-ad15-0820d1e99791","Numeric","رقمية","numeric","603b0af1-70bf-4257-8f57-4861e33ae17c","National Planning Council","المجلس الوطني للتخطيط","npc","d4fcceee-b555-4b9f-b78f-027d74f0dd16","None","لا شيء","none","4bf72625-9589-4588-913c-f36d5c7b2423","Manual","يدوياً","manual","6/30/2025 11:17:57 AM",""
"c96428f2-0913-4ebb-eb8a-08ddb722adc5","c817263d-3a22-49fe-b57b-08ddb722adc3","6de16238-0dc0-453c-8099-1a7094d9ce84","True","Sector Jobs - Qataris","Sector Jobs - Qataris","-","-","Sector Jobs - Qataris","Sector Jobs - Qataris","0","","2020","","","","False","False","","3d027509-2bb6-4915-b218-63311478fc3a","NA","غير متاح","NA","01ceed6f-d4e2-492d-926b-176b9c7cb3b6","Increase","زيادة","increase","1d67db34-e759-4b18-ad15-0820d1e99791","Numeric","رقمية","numeric","603b0af1-70bf-4257-8f57-4861e33ae17c","National Planning Council","المجلس الوطني للتخطيط","npc","d4fcceee-b555-4b9f-b78f-027d74f0dd16","None","لا شيء","none","4bf72625-9589-4588-913c-f36d5c7b2423","Manual","يدوياً","manual","6/30/2025 11:18:48 AM",""
"ca12a6d7-c0e4-4d82-eb8b-08ddb722adc5","bfbb07cc-a75f-4f91-b57c-08ddb722adc3","86b7d0fe-564c-44c0-a19f-dfe5b58224c8","True","Yearly growth of sector operating entities (%)","Yearly growth of sector operating entities (%)","-","-","Yearly growth of sector operating entities (%)","Yearly growth of sector operating entities (%)","0","","2023","","","","False","False","","3d027509-2bb6-4915-b218-63311478fc3a","NA","غير متاح","NA","01ceed6f-d4e2-492d-926b-176b9c7cb3b6","Increase","زيادة","increase","1d67db34-e759-4b18-ad15-0820d1e99791","Numeric","رقمية","numeric","603b0af1-70bf-4257-8f57-4861e33ae17c","National Planning Council","المجلس الوطني للتخطيط","npc","d4fcceee-b555-4b9f-b78f-027d74f0dd16","None","لا شيء","none","4bf72625-9589-4588-913c-f36d5c7b2423","Manual","يدوياً","manual","6/30/2025 11:21:01 AM",""
"ad05134a-30f9-4dae-eb8c-08ddb722adc5","5d6365ea-9a11-4e41-b57d-08ddb722adc3","6483ef13-f984-4866-bdac-4a6329c65a8c","True","Credit Provided to SMEs ","Credit Provided to SMEs (QAR, Bn)-1","-","-","Credit Provided to SMEs ","Credit Provided to SMEs (QAR, Bn)-1","0","0","2023","","","","False","False","","3d027509-2bb6-4915-b218-63311478fc3a","NA","غير متاح","NA","01ceed6f-d4e2-492d-926b-176b9c7cb3b6","Increase","زيادة","increase","1d67db34-e759-4b18-ad15-0820d1e99791","Numeric","رقمية","numeric","715a432f-ca97-42dc-a3ab-b2a1dcee2b2a","Qatar Development Bank","بنك قطر للتنمية","qdb","d4fcceee-b555-4b9f-b78f-027d74f0dd16","None","لا شيء","none","4bf72625-9589-4588-913c-f36d5c7b2423","Manual","يدوياً","manual","6/30/2025 11:23:20 AM",""
"b22ff41b-e11e-4062-eb8d-08ddb722adc5","b77d24f1-93ad-4fd0-b57e-08ddb722adc3","3098d37b-dea8-43fd-9fe4-2dad1b522894","True","Number of Financing Facilities Approved and Granted-1","Number of Financing Facilities Approved and Granted-1","-","-","Number of Financing Facilities Approved and Granted-1","Number of Financing Facilities Approved and Granted-1","0","0","2023","","","","False","False","","3d027509-2bb6-4915-b218-63311478fc3a","NA","غير متاح","NA","01ceed6f-d4e2-492d-926b-176b9c7cb3b6","Increase","زيادة","increase","1d67db34-e759-4b18-ad15-0820d1e99791","Numeric","رقمية","numeric","715a432f-ca97-42dc-a3ab-b2a1dcee2b2a","Qatar Development Bank","بنك قطر للتنمية","qdb","d4fcceee-b555-4b9f-b78f-027d74f0dd16","None","لا شيء","none","4bf72625-9589-4588-913c-f36d5c7b2423","Manual","يدوياً","manual","6/30/2025 11:23:41 AM",""
"aac6f792-9622-4f81-eb8e-08ddb722adc5","db238c93-c268-461a-b57f-08ddb722adc3","5fa323c7-7707-4481-8e8e-c40767e5454c","True","Number of Returning Clients-1","Number of Returning Clients-1","-","-","Number of Returning Clients-1","Number of Returning Clients-1","0","0","2023","","","","False","False","","3d027509-2bb6-4915-b218-63311478fc3a","NA","غير متاح","NA","01ceed6f-d4e2-492d-926b-176b9c7cb3b6","Increase","زيادة","increase","1d67db34-e759-4b18-ad15-0820d1e99791","Numeric","رقمية","numeric","715a432f-ca97-42dc-a3ab-b2a1dcee2b2a","Qatar Development Bank","بنك قطر للتنمية","qdb","d4fcceee-b555-4b9f-b78f-027d74f0dd16","None","لا شيء","none","4bf72625-9589-4588-913c-f36d5c7b2423","Manual","يدوياً","manual","6/30/2025 11:26:02 AM",""
"d70b0639-c246-431e-eb8f-08ddb722adc5","d0666126-3e30-4ef0-b580-08ddb722adc3","51cfe999-07fb-45f4-912d-8e51d4d30585","True","Credit Provided for Private Housing","Credit Provided for Private Housing - (QAR, Bn)-2","-","-","Credit Provided for Private Housing","Credit Provided for Private Housing - (QAR, Bn)-2","0","0","2023","","","","False","False","","3d027509-2bb6-4915-b218-63311478fc3a","NA","غير متاح","NA","01ceed6f-d4e2-492d-926b-176b9c7cb3b6","Increase","زيادة","increase","1d67db34-e759-4b18-ad15-0820d1e99791","Numeric","رقمية","numeric","715a432f-ca97-42dc-a3ab-b2a1dcee2b2a","Qatar Development Bank","بنك قطر للتنمية","qdb","d4fcceee-b555-4b9f-b78f-027d74f0dd16","None","لا شيء","none","4bf72625-9589-4588-913c-f36d5c7b2423","Manual","يدوياً","manual","6/30/2025 11:26:27 AM",""
"5c67cce2-f57c-4bf0-eb90-08ddb722adc5","9a2d91c8-d4c0-431b-b581-08ddb722adc3","fbdf79e4-cdb5-4e15-9edc-58bf34c9d8b4","True","Leased Area (square meters)-1","المساحة المؤجرة (متر مربع)-2","-","-","Leased Area (square meters)-1","المساحة المؤجرة (متر مربع)-2","0","","2023","","","","False","False","","02390f59-8629-435d-926e-df69e34d9136","square meters","متر مربع","square meters","01ceed6f-d4e2-492d-926b-176b9c7cb3b6","Increase","زيادة","increase","1d67db34-e759-4b18-ad15-0820d1e99791","Numeric","رقمية","numeric","e715ec0d-3afc-499b-a974-b4679a4e2ca0","Qatar Free Zone","منطقة قطر الحرة","","d4fcceee-b555-4b9f-b78f-027d74f0dd16","None","لا شيء","none","4bf72625-9589-4588-913c-f36d5c7b2423","Manual","يدوياً","manual","6/30/2025 1:47:41 PM",""
"28e90b81-026d-4779-eb91-08ddb722adc5","7a9043e0-0b8f-4939-b582-08ddb722adc3","c656ffd4-8185-4343-8f84-e21c6a964ac9","True","Licensed Companies-2","الشركات المرخصة-1","-","-","Licensed Companies-2","الشركات المرخصة-1","0","15","2019","","","","False","False","","b9f8781d-0b45-40de-a476-7d3e1ffdfca2","companies","شركات","companies","01ceed6f-d4e2-492d-926b-176b9c7cb3b6","Increase","زيادة","increase","1d67db34-e759-4b18-ad15-0820d1e99791","Numeric","رقمية","numeric","e715ec0d-3afc-499b-a974-b4679a4e2ca0","Qatar Free Zone","منطقة قطر الحرة","","d4fcceee-b555-4b9f-b78f-027d74f0dd16","None","لا شيء","none","4bf72625-9589-4588-913c-f36d5c7b2423","Manual","يدوياً","manual","6/30/2025 1:48:07 PM",""
"2eb322ae-2606-4b14-eb92-08ddb722adc5","6fd24445-5619-4817-b583-08ddb722adc3","28b4c29b-0baa-41c8-83cb-8369587ec067","True","Gross Value Added (QAR, m)-1","القيمة المضافة الإجمالية (مليون ر.ق.)-2","-","-","Gross Value Added (QAR, m)-1","القيمة المضافة الإجمالية (مليون ر.ق.)-2","0","","2023","","","","False","False","","7e29dc70-a806-4347-94a5-2069dc0cb086","m","مليون","m","01ceed6f-d4e2-492d-926b-176b9c7cb3b6","Increase","زيادة","increase","1d67db34-e759-4b18-ad15-0820d1e99791","Numeric","رقمية","numeric","e715ec0d-3afc-499b-a974-b4679a4e2ca0","Qatar Free Zone","منطقة قطر الحرة","","d4fcceee-b555-4b9f-b78f-027d74f0dd16","None","لا شيء","none","4bf72625-9589-4588-913c-f36d5c7b2423","Manual","يدوياً","manual","6/30/2025 1:49:01 PM",""
"86fb7103-cba9-4cf2-eb93-08ddb722adc5","e71f0d56-0ca7-4508-b584-08ddb722adc3","3c597ac2-c1cf-4e15-85d2-47b388aef88a","True","Approved Companies-2","المشاريع المعتمدة-1","-","-","Approved Companies-2","المشاريع المعتمدة-1","0","","2023","","","","False","False","","0c1bc285-c520-4bcf-bb1e-e8781f8de6ce","Company","شركة","Company","01ceed6f-d4e2-492d-926b-176b9c7cb3b6","Increase","زيادة","increase","1d67db34-e759-4b18-ad15-0820d1e99791","Numeric","رقمية","numeric","e715ec0d-3afc-499b-a974-b4679a4e2ca0","Qatar Free Zone","منطقة قطر الحرة","","d4fcceee-b555-4b9f-b78f-027d74f0dd16","None","لا شيء","none","4bf72625-9589-4588-913c-f36d5c7b2423","Manual","يدوياً","manual","6/30/2025 1:49:39 PM",""
"15367588-2512-4987-eb94-08ddb722adc5","1bbcb6ff-813a-49de-b585-08ddb722adc3","c48196ce-e989-4502-85ba-d52841b0eb84","True","Capital Investments (QAR, m)-1","الاستثمارات الرأسمالية (مليون ر.ق.)-1","-","-","Capital Investments (QAR, m)-1","الاستثمارات الرأسمالية (مليون ر.ق.)-1","0","","2023","","","","False","False","","7e29dc70-a806-4347-94a5-2069dc0cb086","m","مليون","m","01ceed6f-d4e2-492d-926b-176b9c7cb3b6","Increase","زيادة","increase","1d67db34-e759-4b18-ad15-0820d1e99791","Numeric","رقمية","numeric","e715ec0d-3afc-499b-a974-b4679a4e2ca0","Qatar Free Zone","منطقة قطر الحرة","","d4fcceee-b555-4b9f-b78f-027d74f0dd16","None","لا شيء","none","4bf72625-9589-4588-913c-f36d5c7b2423","Manual","يدوياً","manual","6/30/2025 1:50:07 PM",""
"e0efceae-c465-41ce-eb95-08ddb722adc5","d631b600-dadb-4c6c-b586-08ddb722adc3","2ea7a061-9d0a-4b5d-af40-94be17f51b7b","True","Total Number of Active Companies-2","إجمالي الشركات النشطة-2","-","-","Total Number of Active Companies-2","إجمالي الشركات النشطة-2","0","404","2018","","","","False","False","","b9f8781d-0b45-40de-a476-7d3e1ffdfca2","companies","شركات","companies","01ceed6f-d4e2-492d-926b-176b9c7cb3b6","Increase","زيادة","increase","1d67db34-e759-4b18-ad15-0820d1e99791","Numeric","رقمية","numeric","3f90b83e-ac32-4c3d-afbd-ad3c31276dfe","Qatar Financial Center","مركز قطر للمال","","d4fcceee-b555-4b9f-b78f-027d74f0dd16","None","لا شيء","none","4bf72625-9589-4588-913c-f36d5c7b2423","Manual","يدوياً","manual","6/30/2025 1:53:30 PM",""
"b2d0aef8-9e0c-4e4b-eb96-08ddb722adc5","5d4fc31b-01c2-48fb-b587-08ddb722adc3","29b7dd7a-cb3f-4cf1-8ed1-ca043512d26c","True","Number of Jobs Created-2","Number of Jobs Created-2","-","-","Number of Jobs Created-2","Number of Jobs Created-2","0","4200","2021","","","","False","False","","3c9147a8-c1eb-49dd-986e-0aefed188abc","jobs","وظائف","jobs","01ceed6f-d4e2-492d-926b-176b9c7cb3b6","Increase","زيادة","increase","1d67db34-e759-4b18-ad15-0820d1e99791","Numeric","رقمية","numeric","fa20ce3a-fc95-470c-983e-86d3e250a2fb","Investment Promotions Agency","وكالة ترويج الاستثمار","","d4fcceee-b555-4b9f-b78f-027d74f0dd16","None","لا شيء","none","4bf72625-9589-4588-913c-f36d5c7b2423","Manual","يدوياً","manual","6/30/2025 1:57:31 PM",""
"84df259c-f997-4c4a-eb97-08ddb722adc5","c2967fd3-1266-4ced-b588-08ddb722adc3","70c628f9-0107-4dc1-9d82-0326a7c47d34","True","Value of Investment Projects-2","Value of Investment Projects-2","-","-","Value of Investment Projects-2","Value of Investment Projects-2","0","","","","","","False","False","","3d027509-2bb6-4915-b218-63311478fc3a","NA","غير متاح","NA","01ceed6f-d4e2-492d-926b-176b9c7cb3b6","Increase","زيادة","increase","1d67db34-e759-4b18-ad15-0820d1e99791","Numeric","رقمية","numeric","fa20ce3a-fc95-470c-983e-86d3e250a2fb","Investment Promotions Agency","وكالة ترويج الاستثمار","","d4fcceee-b555-4b9f-b78f-027d74f0dd16","None","لا شيء","none","4bf72625-9589-4588-913c-f36d5c7b2423","Manual","يدوياً","manual","6/30/2025 1:58:37 PM",""
"b14fb30a-f177-439d-eb98-08ddb722adc5","e09fd076-383b-490c-b589-08ddb722adc3","ac02d9fa-ebc8-4462-a45c-07e8a37b05fb","True","Number of Investor Leads-2","Number of Investor Leads-2","-","-","Number of Investor Leads-2","Number of Investor Leads-2","0","","","","","","False","False","","3d027509-2bb6-4915-b218-63311478fc3a","NA","غير متاح","NA","01ceed6f-d4e2-492d-926b-176b9c7cb3b6","Increase","زيادة","increase","1d67db34-e759-4b18-ad15-0820d1e99791","Numeric","رقمية","numeric","fa20ce3a-fc95-470c-983e-86d3e250a2fb","Investment Promotions Agency","وكالة ترويج الاستثمار","","d4fcceee-b555-4b9f-b78f-027d74f0dd16","None","لا شيء","none","4bf72625-9589-4588-913c-f36d5c7b2423","Manual","يدوياً","manual","6/30/2025 1:59:01 PM",""
"c9e0d173-6c92-4e2e-eb99-08ddb722adc5","a7ebe308-044c-4dac-b58a-08ddb722adc3","da93b433-1f58-4fc7-b5a9-c38148f16990","True","Number of Investment Projects-2","Number of Investment Projects-2","-","-","Number of Investment Projects-2","Number of Investment Projects-2","0","86","2021","","","","False","False","","2005424e-ed64-4d9d-bd19-60adf71a7746","project","مشروع","project","01ceed6f-d4e2-492d-926b-176b9c7cb3b6","Increase","زيادة","increase","1d67db34-e759-4b18-ad15-0820d1e99791","Numeric","رقمية","numeric","fa20ce3a-fc95-470c-983e-86d3e250a2fb","Investment Promotions Agency","وكالة ترويج الاستثمار","","d4fcceee-b555-4b9f-b78f-027d74f0dd16","None","لا شيء","none","4bf72625-9589-4588-913c-f36d5c7b2423","Manual","يدوياً","manual","6/30/2025 2:00:30 PM",""
"d2d5b3c8-73db-4317-eb9a-08ddb722adc5","1e2db018-2e23-49bc-b58b-08ddb722adc3","b2913365-07e2-46cb-9b46-2978911e5950","True","Number of Events-2","Number of Events-1","-","-","Number of Events-2","Number of Events-1","0","26","2020","","","","False","False","","3d027509-2bb6-4915-b218-63311478fc3a","NA","غير متاح","NA","01ceed6f-d4e2-492d-926b-176b9c7cb3b6","Increase","زيادة","increase","1d67db34-e759-4b18-ad15-0820d1e99791","Numeric","رقمية","numeric","fa20ce3a-fc95-470c-983e-86d3e250a2fb","Investment Promotions Agency","وكالة ترويج الاستثمار","","d4fcceee-b555-4b9f-b78f-027d74f0dd16","None","لا شيء","none","4bf72625-9589-4588-913c-f36d5c7b2423","Manual","يدوياً","manual","6/30/2025 2:02:21 PM",""
"c226a987-fd7f-434f-eb9b-08ddb722adc5","59f286b6-d682-4889-b58c-08ddb722adc3","83a00363-2939-4e43-9003-e3d8c05d80b5","True","Number of Policy Publications-1","Number of Policy Publications-2","-","-","Number of Policy Publications-1","Number of Policy Publications-2","0","5","2020","","","","False","False","","3d027509-2bb6-4915-b218-63311478fc3a","NA","غير متاح","NA","01ceed6f-d4e2-492d-926b-176b9c7cb3b6","Increase","زيادة","increase","1d67db34-e759-4b18-ad15-0820d1e99791","Numeric","رقمية","numeric","fa20ce3a-fc95-470c-983e-86d3e250a2fb","Investment Promotions Agency","وكالة ترويج الاستثمار","","d4fcceee-b555-4b9f-b78f-027d74f0dd16","None","لا شيء","none","4bf72625-9589-4588-913c-f36d5c7b2423","Manual","يدوياً","manual","6/30/2025 2:03:12 PM",""
"8b08b5c6-1021-46a4-da1c-08ddbd8c9c42","311f3407-e32c-4171-0464-08ddbd8c9c38","f7773f3b-70d1-4d11-f4fa-08dd8ca67e32","True","Number of Non-Qatari Jobs","عدد وظائف غير القطريين","The Number of Non-Qataris Jobs refers to the total number of employment opportunities filled by individuals who are not Qatari nationals. This includes expatriates working in various sectors within the country. The data helps assess the role of foreign workers in the labor market and highlights the level of reliance on non-citizen labor in various industries","يقيس مؤشر عدد الوظائف لغير القطريين في قطاع النقل والتخزين الوظائف التي يشغلها الوافدين غير  القطريين  ، ويشمل ذلك العاملين في مختلف القطاعات داخل الدولة. تساعد هذه البيانات في تقييم دور العمالة الأجنبية في سوق العمل وتسلط الضوء على مستوى الاعتماد على العمالة غير القطرية في مختلف الصناعات","Number of Non-Qatari Jobs","عدد وظائف غير القطريين","0.0","133472","2021","","2030","Number of Non-Qatari Jobs","False","False","","3d027509-2bb6-4915-b218-63311478fc3a","NA","غير متاح","NA","01ceed6f-d4e2-492d-926b-176b9c7cb3b6","Increase","زيادة","increase","1d67db34-e759-4b18-ad15-0820d1e99791","Numeric","رقمية","numeric","603b0af1-70bf-4257-8f57-4861e33ae17c","National Planning Council","المجلس الوطني للتخطيط","npc","d4fcceee-b555-4b9f-b78f-027d74f0dd16","None","لا شيء","none","086235a4-0f6b-48d1-8de3-11218bbbf1fd","Data Warehouse","مستودع البيانات","dwh","7/7/2025 10:53:34 PM",""
"342a4e73-19b3-46cd-31d3-08ddd8aaca14","b954a215-4527-47cf-13d6-08ddd8aaca12","fe8b6a72-ce0d-4de1-f502-08dd8ca67e32","True","Number of Jobs in the Sector","عدد وظائف القطاع","-","-","Number of Jobs in the Sector","عدد وظائف القطاع","0.0k","154","2022","250","2030","","False","False","","6666d77f-957a-4a59-92d4-ba482e3b9ecc","Count","العدد","count","01ceed6f-d4e2-492d-926b-176b9c7cb3b6","Increase","زيادة","increase","1d67db34-e759-4b18-ad15-0820d1e99791","Numeric","رقمية","numeric","603b0af1-70bf-4257-8f57-4861e33ae17c","National Planning Council","المجلس الوطني للتخطيط","npc","7cf442e4-1792-4837-a26c-2b99be6cb3e3","Sum","مجموع","sum","4bf72625-9589-4588-913c-f36d5c7b2423","Manual","يدوياً","manual","8/12/2025 10:07:47 AM",""
"c55ecd3b-24ba-4a68-fd85-08dddd5433de","554f0bf8-a094-4bdd-a7d8-08dddd5433d4","6fe5aebf-10be-4ed7-b59c-9e6ce54d50af","True","Production in high tech greenhouses (share of total production in Greenhouses)","نسبة الزراعات في البيوت المحمية العالية التقنية من الإنتاج","-","-","Production in high tech greenhouses (share of total production in Greenhouses)","نسبة الزراعات في البيوت المحمية العالية التقنية من الإنتاج","0","","2022","35","2030","","False","False","","a4ede074-5957-46ab-a6e6-341e291f2080","%","%","%","01ceed6f-d4e2-492d-926b-176b9c7cb3b6","Increase","زيادة","increase","1d67db34-e759-4b18-ad15-0820d1e99791","Numeric","رقمية","numeric","ed3892f4-3f5f-4085-b005-51e74b745219","Unknown","غير معروف","","d4fcceee-b555-4b9f-b78f-027d74f0dd16","None","لا شيء","none","4bf72625-9589-4588-913c-f36d5c7b2423","Manual","يدوياً","manual","8/17/2025 1:52:07 PM",""
"122d47f7-8c5c-48a5-fd90-08dddd5433de","92aa796c-b5e1-4f57-a7e2-08dddd5433d4","934558b2-4119-4787-dc1e-08dd8ca6e776","True","Sector Exports","صادرات القطاع (المعلومات والاتصالات)","The value of goods and services whose ownership is transferred from residents of the country to nonresidents. Exports include goods exported for processing and goods purchased in local ports by nonresident carriers and non-monetary gold. Exports of services include all services provided to nonresidents, such as transportation services, tourism, communications, insurance, and financial services, privileges, business, personal, cultural and entertainment, and government services","يقيس مؤشر صادرات القطاع قيمة الإجمالية للسلع والخدمات التي يتم تصديرها من قطاع اقتصادي معين. ويعكس هذا المؤشر حصة الصادرات التي تحققها القطاعات المختلفة مثل التصنيع والزراعة والخدمات    ، بما يسهم في الميزان التجاري للدولة. كما يساعد على تقييم القدرة التنافسية العالمية للقطاعات المختلفة صحتها الاقتصادية    ، وقياس مدى تنوع الأنشطة التصديرية داخل الدولة","Sector Exports (ICT)","صادرات القطاع (المعلومات والاتصالات)","bn0.00","3.24","2021","5.8","2030","Sector Exports (ICT)","False","False","","06b275ce-19b8-4d37-96bd-c0d58533add9","QAR","ر.ق","qar","01ceed6f-d4e2-492d-926b-176b9c7cb3b6","Increase","زيادة","increase","1d67db34-e759-4b18-ad15-0820d1e99791","Numeric","رقمية","numeric","e8901fdc-ee6a-4d68-979e-7a05b06cf6b4","World Trade Organization","منظمة التجارة العالمية","wto","7cf442e4-1792-4837-a26c-2b99be6cb3e3","Sum","مجموع","sum","086235a4-0f6b-48d1-8de3-11218bbbf1fd","Data Warehouse","مستودع البيانات","dwh","8/20/2025 7:57:28 AM",""
"c92b1e43-b445-4e27-eb65-08dddd57848f","7ca07ae2-eec1-4ed0-c7ed-08dddd57848d","a88e43ef-4ab9-4b32-f4f4-08dd8ca67e32","True","Percentage of Online, End-to-End Public Services","نسبة الخدمات العامة عبر الإنترنت من البداية للنهاية","The Percentage of Online End-to-End Public Services indicates the proportion of public services that are fully digital, allowing citizens to complete the entire process online without requiring any in-person visits or paperwork","يشير مؤشر نسبة الخدمات العامة الرقمية الشاملة إلى النسبة المئوية للخدمات العامة التي أصبحت رقمية بالكامل ، مما يتيح للمواطنين إتمام العمليات عبر الإنترنت دون الحاجة إلى زيارات شخصية أو معاملات ورقية","Percentage of Online, End-to-End Public Services","نسبة الخدمات العامة عبر الإنترنت من البداية للنهاية","0.0","65","2020","95","2030","Percentage of Online, End-to-End Public Services","False","False","","a4ede074-5957-46ab-a6e6-341e291f2080","%","%","%","01ceed6f-d4e2-492d-926b-176b9c7cb3b6","Increase","زيادة","increase","1d67db34-e759-4b18-ad15-0820d1e99791","Numeric","رقمية","numeric","02f1cfc6-972e-423d-bfd9-78c787b7831a","United Nations","الأمم المتحدة","un","d4fcceee-b555-4b9f-b78f-027d74f0dd16","None","لا شيء","none","086235a4-0f6b-48d1-8de3-11218bbbf1fd","Data Warehouse","مستودع البيانات","dwh","8/17/2025 11:21:38 AM",""
"364fa699-87c1-4465-eb69-08dddd57848f","b2720098-c079-4302-c7f0-08dddd57848d","46be3545-0141-4002-9288-7269de56f326","True","Number of ICT Companies","عدد شركات الاتصالات وتكنولوجيا المعلومات","-","-","Number of ICT Companies","عدد شركات الاتصالات وتكنولوجيا المعلومات","0","170","2020","500","2030","","False","False","","3d027509-2bb6-4915-b218-63311478fc3a","NA","غير متاح","NA","01ceed6f-d4e2-492d-926b-176b9c7cb3b6","Increase","زيادة","increase","1d67db34-e759-4b18-ad15-0820d1e99791","Numeric","رقمية","numeric","603b0af1-70bf-4257-8f57-4861e33ae17c","National Planning Council","المجلس الوطني للتخطيط","npc","d4fcceee-b555-4b9f-b78f-027d74f0dd16","None","لا شيء","none","4bf72625-9589-4588-913c-f36d5c7b2423","Manual","يدوياً","manual","8/17/2025 11:27:56 AM",""
"b443b631-ce15-4be0-1038-08dde2343bfd","56117402-dd45-4e84-db60-08dde2343bfa","5108e26d-d136-48d9-8deb-60c6c498313c","True","Private Sector Investment in the Transportation and Storage Sector","استثمار القطاع الخاص في قطاع النقل والتخزين","-","-","Private Sector Investment in the Transportation and Storage Sector","استثمار القطاع الخاص في قطاع النقل والتخزين","0","0","2023","","2025","","False","False","","961dcb1d-b0c4-4e66-8434-8c75e6bb4d12","bn","مليار","bn","01ceed6f-d4e2-492d-926b-176b9c7cb3b6","Increase","زيادة","increase","1d67db34-e759-4b18-ad15-0820d1e99791","Numeric","رقمية","numeric","ed3892f4-3f5f-4085-b005-51e74b745219","Unknown","غير معروف","","d4fcceee-b555-4b9f-b78f-027d74f0dd16","None","لا شيء","none","4bf72625-9589-4588-913c-f36d5c7b2423","Manual","يدوياً","manual","8/25/2025 8:48:30 AM",""
"0449d68c-23ad-45bf-7ac6-08de049c57c6","f93b4e4c-3855-4ecf-c881-08de049c57c4","a227940d-a306-4044-ebc4-08ddf99d46f8","True","Global Innovation Index Rank","ترتيب دولة قطر في مؤشر الابتكار العالمي","<p>The Global Innovation Index (GII) issued by World Intellectual Property Organization (WIPO). GII is an annual ranking of world economies based on their innovation capacities and results. It evaluates performance through inputs such as institutions, human capital, and infrastructure, and outputs such as knowledge, technology, and creative goods.</p>","<p>مؤشر الابتكار العالمي (GII) هو تصنيف تصدره المنظمة العالمية للملكية الفكرية (الويبو).وهو مؤشر سنوي يقيس اقتصادات العالم وفقًا لقدراتها ونتائجها في مجال الابتكار             ،عبر مدخلات تشمل المؤسسات ورأس المال البشري والبنية التحتية             ،ومخرجات تشمل المعرفة والتكنولوجيا والمنتجات الإبداعية.</p>","Global Innovation Index","مؤشر الابتكار العالمي","00","","","30","2030","","False","False","","8bff6dcb-b878-4602-8580-62f9f223958a","Rank","الترتيب","rank","6b8715ba-be56-493a-8b21-28c104b71b6d","Decrease","انخفاض","decrease","1d67db34-e759-4b18-ad15-0820d1e99791","Numeric","رقمية","numeric","a04cf0bf-fece-46c0-aa7d-0ad1e7618a8d","Haver Analytics","هافر أناليتكس","haver","d4fcceee-b555-4b9f-b78f-027d74f0dd16","None","لا شيء","none","4bf72625-9589-4588-913c-f36d5c7b2423","Manual","يدوياً","manual","10/6/2025 9:02:31 AM",""
"179f7c36-5c7e-46a2-7ac8-08de049c57c6","f45c2040-d061-4e4c-c883-08de049c57c4","3f39dd1b-d75b-43c3-dc22-08dd8ca6e776","True","IATA Connectivity Index Rank","ترتيب دولة قطر في مؤشر اتحاد النقل الجوي الدولي (IATA)","Qatar improved its ranking by 3 places between 2019 and 2024 (from 29 in 2019, to 26 in 2024).","تقدم ترتيب دولة قطر بثلاث مراكز بين العامين 2019 و2024 (من 29 في العام 2019 إلى 26 في العام 2024).","IATA Connectivity Index","(IATA) مؤشر اتحاد النقل الجوي الدولي","00","32","2019","15","2030","IATA Connectivity Index","False","False","","8bff6dcb-b878-4602-8580-62f9f223958a","Rank","الترتيب","rank","01ceed6f-d4e2-492d-926b-176b9c7cb3b6","Increase","زيادة","increase","1d67db34-e759-4b18-ad15-0820d1e99791","Numeric","رقمية","numeric","51a23321-4a52-4b3e-b1f6-85d1073e3ae0","International Air Transport Association (IATA)","الاتحاد الدولي للنقل الجوي","iata","d4fcceee-b555-4b9f-b78f-027d74f0dd16","None","لا شيء","none","086235a4-0f6b-48d1-8de3-11218bbbf1fd","Data Warehouse","مستودع البيانات","dwh","10/6/2025 9:20:55 AM",""
"4a515b1d-54cd-4d10-7acb-08de049c57c6","f5ba2733-9ccd-4bf7-c885-08de049c57c4","e4f6e715-b736-48cb-8ff9-67a5c6febda5","True","Regulatory Quality Index Rank","ترتيب دولة قطر في مؤشر جودة التنظيم","-","-","Regulatory Quality Index","مؤشر جودة التنظيم","0","","","","","","False","False","","3d027509-2bb6-4915-b218-63311478fc3a","NA","غير متاح","NA","01ceed6f-d4e2-492d-926b-176b9c7cb3b6","Increase","زيادة","increase","1d67db34-e759-4b18-ad15-0820d1e99791","Numeric","رقمية","numeric","603b0af1-70bf-4257-8f57-4861e33ae17c","National Planning Council","المجلس الوطني للتخطيط","npc","d4fcceee-b555-4b9f-b78f-027d74f0dd16","None","لا شيء","none","4bf72625-9589-4588-913c-f36d5c7b2423","Manual","يدوياً","manual","10/6/2025 9:30:29 AM",""
"052b00ec-bf0c-49db-7acc-08de049c57c6","e10eaacf-94aa-49d4-c886-08de049c57c4","fcbf5546-b666-4713-baa8-c378c606f53f","True","B-READY Index Rank","ترتيب دولة قطر في مؤشر جاهزية الأعمال","-","-","B-READY Index Rank","ترتيب دولة قطر في مؤشر جاهزية الأعمال","0","","2024","10","2030","","False","False","","3d027509-2bb6-4915-b218-63311478fc3a","NA","غير متاح","NA","01ceed6f-d4e2-492d-926b-176b9c7cb3b6","Increase","زيادة","increase","1d67db34-e759-4b18-ad15-0820d1e99791","Numeric","رقمية","numeric","603b0af1-70bf-4257-8f57-4861e33ae17c","National Planning Council","المجلس الوطني للتخطيط","npc","d4fcceee-b555-4b9f-b78f-027d74f0dd16","None","لا شيء","none","4bf72625-9589-4588-913c-f36d5c7b2423","Manual","يدوياً","manual","10/6/2025 9:32:10 AM",""
"b60f7e11-c096-4fab-64ce-08de064080f9","fcdc61e3-9c77-48bf-28ad-08de064080f7","2c5bee26-dd97-427d-f4f5-08dd8ca67e32","True","Logistics Performance Index (LPI) Rank","ترتيب دولة قطر في مؤشر الأداء اللوجستي","Qatar's Logistics Performance Index (LPI) ranking dropped from 30th in 2018 to 34th in 2023, with declines in timeliness and the ease of arranging shipments at competitive prices. This has prompted the sector to focus on reducing import and export times and costs.","تراجع ترتيب دولة قطر أربع درجات في مؤشر الأداء اللوجستي    ، من المركز 30 في العام 2018 إلى المركز 34 في العام 2023. يُعزى هذا التراجع إلى ارتفاع تكلفة شحن البضائع وطول المدة الزمنية اللازمة لشحنها    ، لذلك ترتكز استراتيجية القطاع الحالية على تخفيض تكلفة عمليتي الاستيراد والتصدير وتقليل المدة التي تستغرقها.","Logistics Performance Index (LPI) Rank","ترتيب دولة قطر في مؤشر الأداء اللوجستي","00","34","2023","15","2030","Logistics Performance Index (LPI) Rank","False","False","","8bff6dcb-b878-4602-8580-62f9f223958a","Rank","الترتيب","rank","6b8715ba-be56-493a-8b21-28c104b71b6d","Decrease","انخفاض","decrease","1d67db34-e759-4b18-ad15-0820d1e99791","Numeric","رقمية","numeric","7e05a934-023e-4dce-9e97-f38b98f2b55d","World Bank","البنك الدولي","worldbank","d4fcceee-b555-4b9f-b78f-027d74f0dd16","None","لا شيء","none","086235a4-0f6b-48d1-8de3-11218bbbf1fd","Data Warehouse","مستودع البيانات","dwh","10/8/2025 10:58:45 AM",""
"75ff3875-101c-4078-d135-08de096828d7","7dab8934-bec3-4a34-801d-08de096828d5","62a4b61b-5893-4dfa-b489-2dc02c418565","True","Qatari Nationals (Economically Active)","تعداد القطريين (النشيطون اقتصاديًا)","Qatari Nationals (Economically Active)","-","Qatari Nationals (Economically Active)","تعداد القطريين (النشيطون اقتصاديًا)","0","110.354","2020","145.87","2030","","False","False","","2e7c1cb7-7616-4f76-b5ae-0f7a4d681c0b","k","ألف","k","01ceed6f-d4e2-492d-926b-176b9c7cb3b6","Increase","زيادة","increase","1d67db34-e759-4b18-ad15-0820d1e99791","Numeric","رقمية","numeric","603b0af1-70bf-4257-8f57-4861e33ae17c","National Planning Council","المجلس الوطني للتخطيط","npc","d4fcceee-b555-4b9f-b78f-027d74f0dd16","None","لا شيء","none","4bf72625-9589-4588-913c-f36d5c7b2423","Manual","يدوياً","manual","10/12/2025 2:00:44 PM",""
"d1cc2d84-2557-4443-ce7b-08de268d1812","3cb9c41f-f061-4f05-f4aa-08de268d1810","3f03f072-d5a7-4693-84f4-d638cdbfaf0c","True","Sector Exports","صادرات القطاع","<p>Sector Exports refers to the value of goods and services exported from a specific sector of the economy. It represents the share of exports generated by industries like manufacturing, agriculture, or services, contributing to a country's overall trade balance. This indicator helps assess the global competitiveness and economic health of specific sectors, as well as the diversification of export activities within an economy</p>","<p>يقيس مؤشر صادرات القطاع قيمة الإجمالية للسلع والخدمات التي يتم تصديرها من قطاع اقتصادي معين. ويعكس هذا المؤشر حصة الصادرات التي تحققها القطاعات المختلفة مثل التصنيع والزراعة والخدمات   ، بما يسهم في الميزان التجاري للدولة. كما يساعد على تقييم القدرة التنافسية العالمية للقطاعات المختلفة صحتها الاقتصادية   ، وقياس مدى تنوع الأنشطة التصديرية داخل الدولة</p>","Sector Exports","صادرات القطاع","0.0","32.4","2020","170","2030","","False","False","","b4689657-7066-4e3c-a609-fa59fb68104c","m QAR","مليون ريال قطري","m QAR","01ceed6f-d4e2-492d-926b-176b9c7cb3b6","Increase","زيادة","increase","1d67db34-e759-4b18-ad15-0820d1e99791","Numeric","رقمية","numeric","603b0af1-70bf-4257-8f57-4861e33ae17c","National Planning Council","المجلس الوطني للتخطيط","npc","d4fcceee-b555-4b9f-b78f-027d74f0dd16","None","لا شيء","none","4bf72625-9589-4588-913c-f36d5c7b2423","Manual","يدوياً","manual","11/19/2025 7:54:17 AM",""
"8f03a937-bb54-423d-1e8e-08de2a61dd8c","af220032-2e2a-4521-d1eb-08de2a61dd80","2f73c42a-8772-4988-a0e0-db51186b0dbe","True","Number of Medical Tourists","عدد زوّار السياحة العلاجية","<p>-</p>","<p>-</p>","Number of Medical Tourists","عدد زوّار السياحة العلاجية","0","","2023","100","2030","","False","False","","2e7c1cb7-7616-4f76-b5ae-0f7a4d681c0b","k","ألف","k","01ceed6f-d4e2-492d-926b-176b9c7cb3b6","Increase","زيادة","increase","1d67db34-e759-4b18-ad15-0820d1e99791","Numeric","رقمية","numeric","6f741451-7d19-480b-9493-3653cb304a23","Ministry Of Public Health","وزارة الصحة العامة","moph","d4fcceee-b555-4b9f-b78f-027d74f0dd16","None","لا شيء","none","4bf72625-9589-4588-913c-f36d5c7b2423","Manual","يدوياً","manual","11/24/2025 1:25:55 PM",""
"da69737e-c25d-463d-19f3-08de34c36766","a9d5aa30-94b9-4e6d-9425-08de34c3675b","b593aaf6-08f4-45b2-aae0-60891acaa601","True","Qataris Graduating from STEM ( share of all Qataris graduates )","نسبة القطريين المتخرجين من تخصصات العلوم      ، تكنولوجيا المعلومات      ، الهندسة      ، والرياضيات )نسبة من أصل جميع الخريجين القطريين(","<p>-</p>","<p>-</p>","Qataris Graduating from STEM ( share of all Qataris graduates )","نسبة القطريين المتخرجين من تخصصات العلوم                                     ، تكنولوجيا المعلومات                                     ، الهندسة                                     ، والرياضيات (نسبة من أصل جميع الخريجين القطريين)","0.00","11.95","2021","16","2030","","False","False","","a4ede074-5957-46ab-a6e6-341e291f2080","%","%","%","01ceed6f-d4e2-492d-926b-176b9c7cb3b6","Increase","زيادة","increase","1d67db34-e759-4b18-ad15-0820d1e99791","Numeric","رقمية","numeric","0be7cb31-3121-4ca0-a0bc-bd2425fc643f","Ministry Of Education And Higher Education","وزارة التربية والتعليم العالي","mehe","d4fcceee-b555-4b9f-b78f-027d74f0dd16","None","لا شيء","none","4bf72625-9589-4588-913c-f36d5c7b2423","Manual","يدوياً","manual","12/6/2025 3:35:55 PM",""
"003b873d-ea5d-467f-19f5-08de34c36766","452b585c-af2e-4941-9427-08de34c3675b","febcd603-00b4-4779-b051-096dba30cba1","True","In-Destination Spend","إنفاق السائح","-","-","In-Destination Spend","إنفاق السائح","0","10","2021","34","2030","","False","False","","1c948c21-21b6-426d-8aa0-b1fb90f3c1f9","bn QAR","مليار رق","bn QAR","01ceed6f-d4e2-492d-926b-176b9c7cb3b6","Increase","زيادة","increase","1d67db34-e759-4b18-ad15-0820d1e99791","Numeric","رقمية","numeric","6923fe2e-03f2-459b-817c-a1b94d592f95","Qatar Tourism","قطر للسياحة","qt","d4fcceee-b555-4b9f-b78f-027d74f0dd16","None","لا شيء","none","4bf72625-9589-4588-913c-f36d5c7b2423","Manual","يدوياً","manual","12/8/2025 11:05:01 AM",""
"ba5871a1-f81c-43c3-c7bd-08de3ade590a","87c2a5a9-f54f-49ff-7b82-08de3ade5903","5888e968-c08a-474d-893b-de63b95a779b","True","Sector Exports - Freight","صادرات القطاع - الشحن","Sector Exports - Freight this term typically refers to the export value of goods and services provided by the cargo transport sector. It encompasses the international movement of goods via various modes of transport, including sea, air, land, and rail.","<p>يشير هذا المصطلح إلى قيمة الصادرات من السلع والخدمات المقدمة من قطاع نقل البضائع   ، ويشمل الحركة الدولية للبضائع عبر وسائل النقل المختلفة   ، بما في ذلك البحر   ، والجو   ، والبر   ، والسكك الحديدية.</p>","Sector Exports - Freight","صادرات القطاع - الشحن","bn0.0000","2.63","2021","3.31","2030","Sector Exports - Freight","False","False","","06b275ce-19b8-4d37-96bd-c0d58533add9","QAR","ر.ق","qar","01ceed6f-d4e2-492d-926b-176b9c7cb3b6","Increase","زيادة","increase","1d67db34-e759-4b18-ad15-0820d1e99791","Numeric","رقمية","numeric","e8901fdc-ee6a-4d68-979e-7a05b06cf6b4","World Trade Organization","منظمة التجارة العالمية","wto","7cf442e4-1792-4837-a26c-2b99be6cb3e3","Sum","مجموع","sum","086235a4-0f6b-48d1-8de3-11218bbbf1fd","Data Warehouse","مستودع البيانات","dwh","12/14/2025 10:04:02 AM",""
"2de3026a-0e3e-464c-2db3-08de5bf72338","2a3215db-daef-4634-56be-08de5bf72336","0314bcac-19a6-45ff-a175-9892b1e8ce5a","True","MSCI Rank","ترتيب دولة قطر في مؤشر ""مورجان ستانلي كابيتال إنترناشيونال""","MSCI Rating refers to the Environmental, Social, and Governance (ESG) rating provided by MSCI Inc., a global financial services company. It evaluates how well a company or country manages ESG risks and opportunities compared to peers in the same industry.","<p>يشير تصنيف مورجان ستانلي كابيتال إنترناشيونال إلى تصنيف البيئة والمجتمع والحوكمة الصادر عن شركة مورجان ستانلي كابيتال إنترناشيونال وهي شركة عالمية متخصصة في الخدمات المالية. ويقيّم هذا التصنيف مدى كفاءة الشركة أو الدولة في إدارة مخاطر وفرص البيئة والمجتمع والحوكمة  ، مقارنةً بنظرائها ضمن القطاع نفسه.</p>","MSCI Rank","ترتيب دولة قطر في مؤشر ""مورجان ستانلي كابيتال إنترناشيونال""","0","{""en"":""Emerging"",""ar"":""ناشئة""}","2020","{""en"":""Developed"",""ar"":""متقدمة""}","2030","","False","False","","3d027509-2bb6-4915-b218-63311478fc3a","NA","غير متاح","NA","01ceed6f-d4e2-492d-926b-176b9c7cb3b6","Increase","زيادة","increase","5834adc0-5ca2-42f1-8023-36b23ef65efc","Text","نصية","text","aecb4597-884d-4c4b-a120-ff0933e39ca9","Morgan Stanley Capital International","مورغان ستانلي كابيتال إنترناشيونال (MSCI)","msci","d4fcceee-b555-4b9f-b78f-027d74f0dd16","None","لا شيء","none","4bf72625-9589-4588-913c-f36d5c7b2423","Manual","يدوياً","manual","1/27/2026 11:58:25 AM",""
"9ea5b67b-0a74-428b-9652-08de66e6ef19","8889b67b-664a-4680-8443-08de66e6ef17","a67ebc0c-9099-4be7-b956-48880cfd8c28","False","Sugar","السكر","<p>-</p>","<p>-</p>","Sugar","السكر","0.0","","","","","","False","False","","9fbac876-c184-4f6e-2cc5-08de0ba69837","months","أشهر","months","01ceed6f-d4e2-492d-926b-176b9c7cb3b6","Increase","زيادة","increase","5834adc0-5ca2-42f1-8023-36b23ef65efc","Text","نصية","text","f2dad1ed-1827-454e-9033-215230a52707","Ministry Of Municipality","وزارة البلدية","mom","d4fcceee-b555-4b9f-b78f-027d74f0dd16","None","لا شيء","none","4bf72625-9589-4588-913c-f36d5c7b2423","Manual","يدوياً","manual","2/8/2026 10:51:57 AM",""
"38f70459-2b6a-44e3-9653-08de66e6ef19","8889b67b-664a-4680-8443-08de66e6ef17","0fded7d6-5461-4266-a7c5-1afbeb561142","True","Onions","البصل","<p>-</p>","<p>-</p>","Onions","البصل","0.0","{""en"":""1"",""ar"":""1""}","2022","","","","False","False","","9fbac876-c184-4f6e-2cc5-08de0ba69837","months","أشهر","months","01ceed6f-d4e2-492d-926b-176b9c7cb3b6","Increase","زيادة","increase","5834adc0-5ca2-42f1-8023-36b23ef65efc","Text","نصية","text","f2dad1ed-1827-454e-9033-215230a52707","Ministry Of Municipality","وزارة البلدية","mom","d4fcceee-b555-4b9f-b78f-027d74f0dd16","None","لا شيء","none","4bf72625-9589-4588-913c-f36d5c7b2423","Manual","يدوياً","manual","2/8/2026 10:51:57 AM",""
"b825d0f0-08ee-4e95-9654-08de66e6ef19","8889b67b-664a-4680-8443-08de66e6ef17","6388eb3c-6665-41ef-90a9-1739af3f307d","False","Oil","زيت الطعام","<p>-</p>","<p>-</p>","Oil","زيت الطعام","0.0","{""en"":""3"",""ar"":""3""}","2023","","","","False","False","","9fbac876-c184-4f6e-2cc5-08de0ba69837","months","أشهر","months","01ceed6f-d4e2-492d-926b-176b9c7cb3b6","Increase","زيادة","increase","5834adc0-5ca2-42f1-8023-36b23ef65efc","Text","نصية","text","f2dad1ed-1827-454e-9033-215230a52707","Ministry Of Municipality","وزارة البلدية","mom","d4fcceee-b555-4b9f-b78f-027d74f0dd16","None","لا شيء","none","4bf72625-9589-4588-913c-f36d5c7b2423","Manual","يدوياً","manual","2/8/2026 10:51:57 AM",""
"44b0264d-629c-474e-9655-08de66e6ef19","8889b67b-664a-4680-8443-08de66e6ef17","27c621c3-6aae-41b5-9701-a6d82a0ace61","False","Frozen Chicken","الدواجن المجمدة","<p>-</p>","<p>-</p>","Frozen Chicken","الدواجن المجمدة","0.0","{""en"":""2"",""ar"":""2""}","2022","","","","False","False","","9fbac876-c184-4f6e-2cc5-08de0ba69837","months","أشهر","months","01ceed6f-d4e2-492d-926b-176b9c7cb3b6","Increase","زيادة","increase","5834adc0-5ca2-42f1-8023-36b23ef65efc","Text","نصية","text","f2dad1ed-1827-454e-9033-215230a52707","Ministry Of Municipality","وزارة البلدية","mom","d4fcceee-b555-4b9f-b78f-027d74f0dd16","None","لا شيء","none","4bf72625-9589-4588-913c-f36d5c7b2423","Manual","يدوياً","manual","2/8/2026 10:51:57 AM",""
"9e12ac3b-14b8-4716-9656-08de66e6ef19","8889b67b-664a-4680-8443-08de66e6ef17","2e69c157-b5ae-4e64-8ae3-254a74b98033","False","Frozen Meat","اللحوم المجمدة","<p>-</p>","<p>-</p>","Frozen Meat","اللحوم المجمدة","0.0","{""en"":""2"",""ar"":""2""}","2022","","","","False","False","","9fbac876-c184-4f6e-2cc5-08de0ba69837","months","أشهر","months","01ceed6f-d4e2-492d-926b-176b9c7cb3b6","Increase","زيادة","increase","5834adc0-5ca2-42f1-8023-36b23ef65efc","Text","نصية","text","f2dad1ed-1827-454e-9033-215230a52707","Ministry Of Municipality","وزارة البلدية","mom","d4fcceee-b555-4b9f-b78f-027d74f0dd16","None","لا شيء","none","4bf72625-9589-4588-913c-f36d5c7b2423","Manual","يدوياً","manual","2/8/2026 10:51:57 AM",""
"44f5f186-cae1-4393-9657-08de66e6ef19","8889b67b-664a-4680-8443-08de66e6ef17","0ef38c2a-5ce7-4ce1-b1b1-a2606b63cd17","False","Rice","الأرز","<p>-</p>","<p>-</p>","Rice","الأرز","0.0","","","","","","False","False","","9fbac876-c184-4f6e-2cc5-08de0ba69837","months","أشهر","months","01ceed6f-d4e2-492d-926b-176b9c7cb3b6","Increase","زيادة","increase","5834adc0-5ca2-42f1-8023-36b23ef65efc","Text","نصية","text","f2dad1ed-1827-454e-9033-215230a52707","Ministry Of Municipality","وزارة البلدية","mom","d4fcceee-b555-4b9f-b78f-027d74f0dd16","None","لا شيء","none","4bf72625-9589-4588-913c-f36d5c7b2423","Manual","يدوياً","manual","2/8/2026 10:51:57 AM",""
"7c94c8d5-ead1-443a-9658-08de66e6ef19","8889b67b-664a-4680-8443-08de66e6ef17","f3d4829d-6ba7-4197-a514-1e3f67508412","False","Wheat","القمح","<p>-</p>","<p>-</p>","Wheat","القمح","0.0","","","","","","False","False","","9fbac876-c184-4f6e-2cc5-08de0ba69837","months","أشهر","months","01ceed6f-d4e2-492d-926b-176b9c7cb3b6","Increase","زيادة","increase","5834adc0-5ca2-42f1-8023-36b23ef65efc","Text","نصية","text","f2dad1ed-1827-454e-9033-215230a52707","Ministry Of Municipality","وزارة البلدية","mom","d4fcceee-b555-4b9f-b78f-027d74f0dd16","None","لا شيء","none","4bf72625-9589-4588-913c-f36d5c7b2423","Manual","يدوياً","manual","2/8/2026 10:51:57 AM",""
"9ee733f1-f68a-4b8a-9659-08de66e6ef19","8889b67b-664a-4680-8443-08de66e6ef17","a12d424f-aa04-48c9-9437-32bcf048b702","False","Dried Milk","الحليب المجفف","<p>-</p>","<p>-</p>","Dried Milk","الحليب المجفف","0.0","","","","","","False","False","","9fbac876-c184-4f6e-2cc5-08de0ba69837","months","أشهر","months","01ceed6f-d4e2-492d-926b-176b9c7cb3b6","Increase","زيادة","increase","5834adc0-5ca2-42f1-8023-36b23ef65efc","Text","نصية","text","f2dad1ed-1827-454e-9033-215230a52707","Ministry Of Municipality","وزارة البلدية","mom","d4fcceee-b555-4b9f-b78f-027d74f0dd16","None","لا شيء","none","4bf72625-9589-4588-913c-f36d5c7b2423","Manual","يدوياً","manual","2/8/2026 10:51:57 AM",""
"c5af0dad-fda0-4e06-965a-08de66e6ef19","8889b67b-664a-4680-8443-08de66e6ef17","ed8116aa-f3c7-4a2a-b9fc-a3516f92338e","False","Production Inputs","مدخلات الإنتاج الزراعي","<p>-</p>","<p>-</p>","Production Inputs","مدخلات الإنتاج الزراعي","0.0","","","","","","False","False","","dc110df8-2d6e-4729-9565-826faf2248a5","season","موسم","season","01ceed6f-d4e2-492d-926b-176b9c7cb3b6","Increase","زيادة","increase","5834adc0-5ca2-42f1-8023-36b23ef65efc","Text","نصية","text","f2dad1ed-1827-454e-9033-215230a52707","Ministry Of Municipality","وزارة البلدية","mom","d4fcceee-b555-4b9f-b78f-027d74f0dd16","None","لا شيء","none","4bf72625-9589-4588-913c-f36d5c7b2423","Manual","يدوياً","manual","2/8/2026 10:51:57 AM",""
"ae6d8353-8468-4cec-1691-08de6c80b44a","c7e2aafd-6340-45d5-31d3-08de6c80b448","a5ad31a5-1942-4895-a42d-dccdb7bf4eb5","True","FDI stock","إجمالي مخزون الاستثمار الأجنبي المباشر (نسبة من من الناتج المحلي الاجمالي)","<p>Foreign Direct Investment (FDI) refers to a cross-border investment made by a resident of one economy in an enterprise resident in another economy, with the intention of establishing a lasting interest and a significant degree of influence on the management of the enterprise. This relationship is typically evidenced by owning at least 10% of the voting power in the foreign enterprise.&nbsp;</p>","<p>يشير الاستثمار الأجنبي المباشر (FDI) إلى استثمارٍ عابر للحدود يقوم به مقيمٌ في اقتصادٍ ما في شركةٍ مقيمةٍ في اقتصادٍ آخر          ، بقصد إقامة مصلحةٍ دائمة وممارسة درجةٍ من التأثير على إدارة الشركة. وتُعدّ هذه العلاقة مُثبتةً عادةً بامتلاك ما لا يقل عن 10% من حقوق التصويت في الشركة المستهدفة. ويشمل الاستثمار الأجنبي المباشر رأس المال السهمي والأرباح المُعاد استثمارها وأدوات تمويلية أخرى.&nbsp;</p>","FDI stock","إجمالي مخزون الاستثمار الأجنبي المباشر","bn0.0","","","","","FDI stock","False","False","","8037038f-c230-4b1c-8e15-9d179cdcc01f","USD","دولار أمريكي","usd","01ceed6f-d4e2-492d-926b-176b9c7cb3b6","Increase","زيادة","increase","1d67db34-e759-4b18-ad15-0820d1e99791","Numeric","رقمية","numeric","52d753bd-6120-4bd3-8806-026f90a4e659","UNCTAD","مؤتمر الأمم المتحدة للتجارة والتنمية","unctad","d4fcceee-b555-4b9f-b78f-027d74f0dd16","None","لا شيء","none","086235a4-0f6b-48d1-8de3-11218bbbf1fd","Data Warehouse","مستودع البيانات","dwh","2/17/2026 12:17:23 PM",""
"55a465e9-e2b2-4196-1692-08de6c80b44a","c7e2aafd-6340-45d5-31d3-08de6c80b448","5e7f33b3-de60-49fe-8127-ef1b24b52348","False","FDI stock (share of GDP)","إجمالي مخزون الاستثمار الأجنبي المباشر (نسبة من من الناتج المحلي الاجمالي)","<p>The end-year stock (position) of inward foreign direct investment in enterprises resident in Qatar, expressed as a percentage of nominal GDP.</p>","<p>يعكس الرصيد التراكمي للاستثمارات طويلة الأجل للمستثمرين الأجانب في الشركات المُسجلة في دولة قطر          ، مُحتسبًا في نهاية العام          ، ومُعبرًا عنه كنسبة من الناتج المحلي الإجمالي الاسمي.</p>","FDI stock (% of GDP)","إجمالي مخزون الاستثمار الأجنبي المباشر (نسبة من من الناتج المحلي الاجمالي)","0.0","","","","","FDI stock (share of GDP)","False","False","","a4ede074-5957-46ab-a6e6-341e291f2080","%","%","%","01ceed6f-d4e2-492d-926b-176b9c7cb3b6","Increase","زيادة","increase","1d67db34-e759-4b18-ad15-0820d1e99791","Numeric","رقمية","numeric","52d753bd-6120-4bd3-8806-026f90a4e659","UNCTAD","مؤتمر الأمم المتحدة للتجارة والتنمية","unctad","d4fcceee-b555-4b9f-b78f-027d74f0dd16","None","لا شيء","none","086235a4-0f6b-48d1-8de3-11218bbbf1fd","Data Warehouse","مستودع البيانات","dwh","2/17/2026 12:17:23 PM",""
"d6136c19-701a-4e98-c16e-08de737b95b6","11aea444-88e7-4169-c0fb-08de737b95b1","851bbd2f-019b-49b4-ad04-4cdf78030fb9","True","Share of Private Banks' Credit to SMEs","حصة الائتمان المقدم للشركات الصغيرة والمتوسطة","-","-","Share of Private Banks' Credit to SMEs","حصة الائتمان المقدم للشركات الصغيرة والمتوسطة","0","4.8","2020","7.5","2030","","False","False","","a4ede074-5957-46ab-a6e6-341e291f2080","%","%","%","01ceed6f-d4e2-492d-926b-176b9c7cb3b6","Increase","زيادة","increase","1d67db34-e759-4b18-ad15-0820d1e99791","Numeric","رقمية","numeric","715a432f-ca97-42dc-a3ab-b2a1dcee2b2a","Qatar Development Bank","بنك قطر للتنمية","qdb","d4fcceee-b555-4b9f-b78f-027d74f0dd16","None","لا شيء","none","4bf72625-9589-4588-913c-f36d5c7b2423","Manual","يدوياً","manual","2/26/2026 1:07:57 PM",""
"f52a8461-8066-4ff4-7081-08de7446bf5c","e8b7aa3b-38aa-47b8-fe79-08de7446bf51","946d8127-aec5-4024-8e06-ee4cf011ecfd","True","US Tariff","التعريفة الجمركية - الأمريكية","<p>-</p>","<p>-</p>","US Tariff","التعريفة الجمركية الأمريكية","0.0","","","","","","False","False","","a4ede074-5957-46ab-a6e6-341e291f2080","%","%","%","01ceed6f-d4e2-492d-926b-176b9c7cb3b6","Increase","زيادة","increase","1d67db34-e759-4b18-ad15-0820d1e99791","Numeric","رقمية","numeric","52d753bd-6120-4bd3-8806-026f90a4e659","UNCTAD","مؤتمر الأمم المتحدة للتجارة والتنمية","unctad","7cf442e4-1792-4837-a26c-2b99be6cb3e3","Sum","مجموع","sum","4bf72625-9589-4588-913c-f36d5c7b2423","Manual","يدوياً","manual","2/26/2026 1:53:12 PM",""
"99d78879-ebc5-44fc-6d8d-08de8e443779","bc9e6227-a2fa-4f6d-ac77-08de8e443777","dcab2b83-194d-419c-8801-ac45d9cb7bc3","True","Sector Exports","صادرات القطاع","Sector Exports refers to the value of goods and services exported from a specific sector of the economy. It represents the share of exports generated by industries like manufacturing, agriculture, or services, contributing to a country's overall trade balance. This indicator helps assess the global competitiveness and economic health of specific sectors, as well as the diversification of export activities within an economy","يقيس مؤشر صادرات القطاع قيمة الإجمالية للسلع والخدمات التي يتم تصديرها من قطاع اقتصادي معين. ويعكس هذا المؤشر حصة الصادرات التي تحققها القطاعات المختلفة مثل التصنيع والزراعة والخدمات                                                ، بما يسهم في الميزان التجاري للدولة. كما يساعد على تقييم القدرة التنافسية العالمية للقطاعات المختلفة صحتها الاقتصادية                                                ، وقياس مدى تنوع الأنشطة التصديرية داخل الدولة","Sector Exports","صادرات القطاع","0.0","4","2021","10","2030","","False","False","","1c948c21-21b6-426d-8aa0-b1fb90f3c1f9","bn QAR","مليار رق","bn QAR","01ceed6f-d4e2-492d-926b-176b9c7cb3b6","Increase","زيادة","increase","1d67db34-e759-4b18-ad15-0820d1e99791","Numeric","رقمية","numeric","603b0af1-70bf-4257-8f57-4861e33ae17c","National Planning Council","المجلس الوطني للتخطيط","npc","d4fcceee-b555-4b9f-b78f-027d74f0dd16","None","لا شيء","none","4bf72625-9589-4588-913c-f36d5c7b2423","Manual","يدوياً","manual","3/31/2026 6:10:05 PM",""
"be4c8429-d128-400d-67d6-08de92db4621","f92c25a2-5177-4677-9613-08de92db461f","02433173-aa8e-4cf3-8dae-35dab4e944a3","True","AuM managed from Qatar","حجم الأصول المدارة من دولة قطر","-","-","AuM managed from Qatar","حجم الأصول المدارة من دولة قطر","0","4","2022","10","2030","","False","False","","1c948c21-21b6-426d-8aa0-b1fb90f3c1f9","bn QAR","مليار رق","bn QAR","01ceed6f-d4e2-492d-926b-176b9c7cb3b6","Increase","زيادة","increase","1d67db34-e759-4b18-ad15-0820d1e99791","Numeric","رقمية","numeric","147da856-dcc2-4e84-b8ae-dfaf95efb2aa","Qatar Central Bank","مصرف قطر المركزي","qcb","d4fcceee-b555-4b9f-b78f-027d74f0dd16","None","لا شيء","none","4bf72625-9589-4588-913c-f36d5c7b2423","Manual","يدوياً","manual","4/5/2026 9:19:20 AM",""
"88e12df6-ffab-458e-cd97-08de9e04ed9e","d9eed3fe-a269-4d96-6897-08de9e04ed95","e2ed493e-468e-43ae-f4f7-08dd8ca67e32","True","Air Transport Freight","حجم النقل الجوي          ، الشحن","Air Transport Freight is the volume of freight, express, and diplomatic bags carried on each flight stage (operation of an aircraft from takeoff to its next landing), measured in metric tons times kilometers traveled","يشير الشحن الجوي إلى حجم البضائع          ، والطرود السريعة          ، والحقائب الدبلوماسية التي يتم نقلها في كل مرحلة من مراحل الرحلة (من بداية تشغيل الطائرة في الإقلاع إلى نقطة الهبوط التالية)          ، وتُقاس جميعها بالطن المتري مضروبًا في المسافة المقطوعة بالكيلومترات","Air Transport Freight","حجم النقل الجوي          ، الشحن","0.0","15862","2021","35000","2030","Air Transport Freight","False","False","","9cb4fbc2-44c0-4be7-a815-7d204918c930","million ton-km","مليون طن-كيلومتر","milliontonkm","01ceed6f-d4e2-492d-926b-176b9c7cb3b6","Increase","زيادة","increase","1d67db34-e759-4b18-ad15-0820d1e99791","Numeric","رقمية","numeric","7e05a934-023e-4dce-9e97-f38b98f2b55d","World Bank","البنك الدولي","worldbank","d4fcceee-b555-4b9f-b78f-027d74f0dd16","None","لا شيء","none","086235a4-0f6b-48d1-8de3-11218bbbf1fd","Data Warehouse","مستودع البيانات","dwh","4/20/2026 12:11:55 PM",""
"160100bc-528f-4622-bc88-08de9e09a558","ed390c3c-ac6f-470e-7a74-08de9e09a550","2664aba3-fea3-4b7f-a8c8-7f7ecd5ae25e","True","Total Population","عدد السكان","<p>Total Population refers to the entire number of individuals living in a specific geographic area, such as a country, region, or city, at a given time. It includes all age groups, both citizens and non-citizens, and encompasses those who are active in the workforce as well as those who are not, such as children, retirees, and non-working adults.</p>","<p>يُشير مؤشر عدد السكان إلى العدد الكلي للأفراد الذين يعيشون في منطقة جغرافية محددة                                   ، مثل دولة أو إقليم أو مدينة                                   ، خلال فترة زمنية معينة                                   ، ويشمل جميع الفئات العمرية من مواطنين ووافدين                                   ، ويغطي الأفراد العاملين وغير والعملين                                   ، مثل الأطفال                                   ، والمتقاعدين.</p>","Total Population","عدد السكان","0.00","2.76","2019","4","2030","Total Population","False","False","","7e29dc70-a806-4347-94a5-2069dc0cb086","m","مليون","m","01ceed6f-d4e2-492d-926b-176b9c7cb3b6","Increase","زيادة","increase","1d67db34-e759-4b18-ad15-0820d1e99791","Numeric","رقمية","numeric","603b0af1-70bf-4257-8f57-4861e33ae17c","National Planning Council","المجلس الوطني للتخطيط","npc","e389a8df-ca73-45c6-843a-a9624f54b150","Max","أقصى","max","4bf72625-9589-4588-913c-f36d5c7b2423","Manual","يدوياً","manual","4/23/2026 12:31:41 PM",""
"a8296f0b-92c0-4275-bc89-08de9e09a558","9b07fcb5-2cff-44c4-7a75-08de9e09a550","abaa21a5-146e-4ced-bcbf-de9fcf075d84","True","Non-Hydrocarbon Real GDP","الناتج المحلي الإجمالي غير الهيدروكربوني","<p>Non-Hydrocarbon Real GDP measures the economic output of sectors not related to oil and gas, such as manufacturing, agriculture, and services, adjusted for inflation.</p>","<p>يقيس الناتج المحلي الإجمالي الحقيقي غير الهيدروكربوني الإنتاج الاقتصادي للقطاعات غير مرتبطة بالنفط أو الغاز مثل التصنيع والزراعة والخدمات الاجتماعية               ، ويتم تعديله وفقًا للتضخم.</p>","Non-Hydrocarbon Real GDP","الناتج المحلي الإجمالي غير الهيدروكربوني","bn0.0","408.4","2021","581.2805","2030","Non-Hydrocarbon Real GDP","False","False","","06b275ce-19b8-4d37-96bd-c0d58533add9","QAR","ر.ق","qar","01ceed6f-d4e2-492d-926b-176b9c7cb3b6","Increase","زيادة","increase","1d67db34-e759-4b18-ad15-0820d1e99791","Numeric","رقمية","numeric","603b0af1-70bf-4257-8f57-4861e33ae17c","National Planning Council","المجلس الوطني للتخطيط","npc","d4fcceee-b555-4b9f-b78f-027d74f0dd16","None","لا شيء","none","4bf72625-9589-4588-913c-f36d5c7b2423","Manual","يدوياً","manual","4/23/2026 12:35:18 PM",""
"c4a4da88-830d-4098-87d8-08dea2214fb6","fbb1dabc-773e-4855-742f-08dea2214fb2","3f3cabbe-f377-4a4f-93ac-505939d82c38","True","Sector Contribution To GDP","مساهمة القطاع في الناتج المحلي الإجمالي (التعليم)","<p>The Sector Contribution to GDP in Education refers to the portion of a country's economic output generated by education services, including primary, secondary, and tertiary education, as well as vocational training and educational support services. This measure helps assess the role of education in economic development and highlights the importance of investing in human capital for future growth and innovation</p>","<p>يقيس مؤشر مساهمة القطاع في الناتج المحلي الإجمالي حصة قطاع التعليم من الناتج المحلي الإجمالي للاقتصاد الدولة                        ، بما في ذلك التعليم المرحلة الابتدائية                        ، والثانوية                        ، والتعليم العالي                        ، بالإضافة إلى التدريب المهني وخدمات الدعم التعليمية. يعكس هذا المؤشر دور التعليم في التنمية الاقتصادية ويبرز أهمية الاستثمار في رأس المال البشري لتحقيق النمو والابتكار المستقبلي</p>","Sector Contribution To GDP (Education)","مساهمة القطاع في الناتج المحلي الإجمالي (التعليم)","bn0.00","","","","","Sector Contribution To GDP (Education)","False","False","","06b275ce-19b8-4d37-96bd-c0d58533add9","QAR","ر.ق","qar","01ceed6f-d4e2-492d-926b-176b9c7cb3b6","Increase","زيادة","increase","1d67db34-e759-4b18-ad15-0820d1e99791","Numeric","رقمية","numeric","603b0af1-70bf-4257-8f57-4861e33ae17c","National Planning Council","المجلس الوطني للتخطيط","npc","7cf442e4-1792-4837-a26c-2b99be6cb3e3","Sum","مجموع","sum","086235a4-0f6b-48d1-8de3-11218bbbf1fd","Data Warehouse","مستودع البيانات","dwh","4/27/2026 12:27:04 PM",""
"7fb2296d-87a4-4954-6a2d-08dea2389ab1","0f5632ff-e60a-4b83-f10a-08dea2389aaf","42de99b1-ee11-4b9f-f4fe-08dd8ca67e32","True","Economic Complexity Index Rank","ترتيب دولة قطر في مؤشر التعقيد الاقتصادي العالمي","<p><span style=""font-size:11.0pt;"">The Economic Complexity Index (ECI) ranks countries based on the diversity and sophistication of their export basket, rather than export value alone. Countries that export a wide range of less common, knowledge-intensive products tend to score higher, reflecting deeper productive knowledge and capabilities within the economy.</span></p>","<p><span style=""font-size:11.0pt;"">يقيس مؤشر التعقيد الاقتصادي درجة تعقيد الاقتصادات من خلال تنوع سلة صادراتها ومستوى تعقيدها        ، وليس على أساس قيمة الصادرات فقط. وتميل الدول التي تُصدّر طيفًا واسعًا من المنتجات الأقل شيوعًا والأكثر كثافةً معرفية إلى تسجيل مراتب أعلى        ، بما يعكس عمق المعرفة والقدرات الإنتاجية المتراكمة في الاقتصاد.</span></p>","Economic Complexity Index Ranking","ترتيب دولة قطر في مؤشر التعقيد الاقتصادي","00","86","2019","65","2030","Economic Complexity Index Rank","False","False","","8bff6dcb-b878-4602-8580-62f9f223958a","Rank","الترتيب","rank","6b8715ba-be56-493a-8b21-28c104b71b6d","Decrease","انخفاض","decrease","1d67db34-e759-4b18-ad15-0820d1e99791","Numeric","رقمية","numeric","7ee53b89-bb5a-40f8-93e3-b36b1476e921","Harvard Growth Lab","مختبر النمو في جامعة هارفارد","hgl","d4fcceee-b555-4b9f-b78f-027d74f0dd16","None","لا شيء","none","086235a4-0f6b-48d1-8de3-11218bbbf1fd","Data Warehouse","مستودع البيانات","dwh","5/3/2026 9:40:23 AM",""
"f3de8791-b7fd-4135-6a2f-08dea2389ab1","48906d7c-2b2c-42bd-f10c-08dea2389aaf","6f5ed4ba-5ea1-4b95-85a3-922d50412cd5","False","Non-Hydrocarbon","القطاع غير الهيدروكربوني","Real Gross Domestic Product (Real GDP) measures the value of domestic production at constant prices over a specific period, excluding the effects of inflation or deflation, and is used to compare economic growth.","الناتج المحلي الإجمالي الحقيقي يقيس قيمة الإنتاج داخل الدولة خلال فترة زمنية محددة بأسعار ثابتة                                                                              ، مستبعدًا أثر التضخم أو الانكماش                                                                              ، ويُستخدم لمقارنة النمو الاقتصادي عبر الزمن أو بين الدول.","Non-Hydrocarbon","القطاع غير الهيدروكربوني","bn0.0","","","","","Real GDP - Non-Hydrocarbon","False","False","","06b275ce-19b8-4d37-96bd-c0d58533add9","QAR","ر.ق","qar","01ceed6f-d4e2-492d-926b-176b9c7cb3b6","Increase","زيادة","increase","1d67db34-e759-4b18-ad15-0820d1e99791","Numeric","رقمية","numeric","603b0af1-70bf-4257-8f57-4861e33ae17c","National Planning Council","المجلس الوطني للتخطيط","npc","7cf442e4-1792-4837-a26c-2b99be6cb3e3","Sum","مجموع","sum","086235a4-0f6b-48d1-8de3-11218bbbf1fd","Data Warehouse","مستودع البيانات","dwh","5/3/2026 9:47:36 AM",""
"fc6dccb5-e101-48bd-6a30-08dea2389ab1","48906d7c-2b2c-42bd-f10c-08dea2389aaf","2b915419-0ecd-4c64-96cd-506acae3d6cd","True","Real GDP","الناتج المحلي الإجمالي الحقيقي","Real Gross Domestic Product (Real GDP) measures the value of domestic production at constant prices over a specific period, excluding the effects of inflation or deflation, and is used to compare economic growth.","الناتج المحلي الإجمالي الحقيقي يقيس قيمة الإنتاج داخل الدولة خلال فترة زمنية محددة بأسعار ثابتة                                                                              ، مستبعدًا أثر التضخم أو الانكماش                                                                              ، ويُستخدم لمقارنة النمو الاقتصادي عبر الزمن أو بين الدول.","Real GDP","الناتج المحلي الإجمالي الحقيقي","bn0.0","658.34","2021","937.02","2030","Real GDP","False","False","","06b275ce-19b8-4d37-96bd-c0d58533add9","QAR","ر.ق","qar","01ceed6f-d4e2-492d-926b-176b9c7cb3b6","Increase","زيادة","increase","1d67db34-e759-4b18-ad15-0820d1e99791","Numeric","رقمية","numeric","603b0af1-70bf-4257-8f57-4861e33ae17c","National Planning Council","المجلس الوطني للتخطيط","npc","7cf442e4-1792-4837-a26c-2b99be6cb3e3","Sum","مجموع","sum","086235a4-0f6b-48d1-8de3-11218bbbf1fd","Data Warehouse","مستودع البيانات","dwh","5/3/2026 9:47:36 AM",""
"23ea61b5-45d1-48e0-6a31-08dea2389ab1","48906d7c-2b2c-42bd-f10c-08dea2389aaf","fdb4f859-5648-4ac1-95cd-91a254a598ad","False","Hydrocarbon","القطاع الهيدروكربوني","Real Gross Domestic Product (Real GDP) measures the value of domestic production at constant prices over a specific period, excluding the effects of inflation or deflation, and is used to compare economic growth.","الناتج المحلي الإجمالي الحقيقي يقيس قيمة الإنتاج داخل الدولة خلال فترة زمنية محددة بأسعار ثابتة                                                                              ، مستبعدًا أثر التضخم أو الانكماش                                                                              ، ويُستخدم لمقارنة النمو الاقتصادي عبر الزمن أو بين الدول.","Hydrocarbon","القطاع الهيدروكربوني","bn0.0","","","","","Real GDP - Hydrocarbon","False","False","","06b275ce-19b8-4d37-96bd-c0d58533add9","QAR","ر.ق","qar","01ceed6f-d4e2-492d-926b-176b9c7cb3b6","Increase","زيادة","increase","1d67db34-e759-4b18-ad15-0820d1e99791","Numeric","رقمية","numeric","603b0af1-70bf-4257-8f57-4861e33ae17c","National Planning Council","المجلس الوطني للتخطيط","npc","7cf442e4-1792-4837-a26c-2b99be6cb3e3","Sum","مجموع","sum","086235a4-0f6b-48d1-8de3-11218bbbf1fd","Data Warehouse","مستودع البيانات","dwh","5/3/2026 9:47:36 AM",""
"617e08ea-9571-42d0-6a65-08dea2389ab1","8c915ebe-4dc5-4900-f117-08dea2389aaf","332ec482-464c-4ee6-9786-2973e258c35e","True","Liner Shipping Connectivity Index Rank","ترتيب دولة قطر في مؤشر وصولية خطوط النقل البحري المنتظم","Qatar maintained the same ranking in the third and fourth quarters of 2024, holding the 49th position in the Liner Shipping Connectivity Index (LSCI). The increase and decrease of this indicator are based on key components such as the number of shipping lines serving a country and the size of the largest vessel used in these services.","حافظت دولة قطر على الترتيب ذاته خلال الربعين الثالث والرابع من العام 2024 لتحتل المرتبة 49 في مؤشر درجة وصولية خطوط النقل البحري المنتظم. ويعتمد ارتفاع وانخفاض هذا المؤشر على مكونات رئيسية من بينها عدد خطوط الشحن التي تخدم دولة ما                        ، وحجم أكبر سفينة مستخدمة في هذه الخدمات.","Liner Shipping Connectivity Index Rank","ترتيب دولة قطر في مؤشر وصولية خطوط النقل البحري المنتظم","00","41","2021","18","2030","Liner Shipping Connectivity Index Score (out of 100)","False","False","","8bff6dcb-b878-4602-8580-62f9f223958a","Rank","الترتيب","rank","01ceed6f-d4e2-492d-926b-176b9c7cb3b6","Increase","زيادة","increase","1d67db34-e759-4b18-ad15-0820d1e99791","Numeric","رقمية","numeric","52d753bd-6120-4bd3-8806-026f90a4e659","UNCTAD","مؤتمر الأمم المتحدة للتجارة والتنمية","unctad","e389a8df-ca73-45c6-843a-a9624f54b150","Max","أقصى","max","086235a4-0f6b-48d1-8de3-11218bbbf1fd","Data Warehouse","مستودع البيانات","dwh","5/7/2026 8:17:26 AM",""
"cf835ee5-5215-4fdf-6f92-08dea8e8edb6","5391471d-5db8-4e20-8a53-08dea8e8edb0","8685e19d-5334-4334-82c1-c36b82577f5e","True","Sector Contribution to GDP","مساهمة القطاع في الناتج المحلي الإجمالي (السياحة)","<p>-</p>","<p>&nbsp;</p><p>-<br>&nbsp;</p>","Sector Contribution to GDP (Tourism)","مساهمة القطاع في الناتج المحلي الإجمالي (السياحة)","0.0","4.7","2021","12","2030","","False","False","","a4ede074-5957-46ab-a6e6-341e291f2080","%","%","%","01ceed6f-d4e2-492d-926b-176b9c7cb3b6","Increase","زيادة","increase","1d67db34-e759-4b18-ad15-0820d1e99791","Numeric","رقمية","numeric","6923fe2e-03f2-459b-817c-a1b94d592f95","Qatar Tourism","قطر للسياحة","qt","975bdfd8-8684-4f20-94da-205cc1e6f8f9","Average","متوسط","average","4bf72625-9589-4588-913c-f36d5c7b2423","Manual","يدوياً","manual","5/5/2026 10:28:47 AM",""
"9a086cc2-dd2d-492c-6fa1-08dea8e8edb6","912b46af-dd55-4296-8a56-08dea8e8edb0","b47d27b2-94ed-42fd-8fe4-3295388ce64f","True","Program for International Student Assessment (PISA) Rank","ترتيب دولة قطر في مؤشر الاختبارات الدولية (PISA)","Qatar’s PISA rankings advanced from 59th in 2018 to 48th in 2022, with improvements noted in reading and science scores.","ارتفع تصنيف دولة قطر من المركز 59 في العام 2018 إلى المركز 48 في العام 2022 في مؤشر الاختبارات الدولية (PISA)     ، وهو المؤشر الذي يقيس مستوى أداء الطلاب في سن 15 عامًا في مجالات الرياضيات والقراءة والعلوم.","Program for International Student Assessment (PISA) Rank","ترتيب دولة قطر في مؤشر الاختبارات الدولية (PISA)","0","59","2018","35","2030","","False","False","","8bff6dcb-b878-4602-8580-62f9f223958a","Rank","الترتيب","rank","6b8715ba-be56-493a-8b21-28c104b71b6d","Decrease","انخفاض","decrease","1d67db34-e759-4b18-ad15-0820d1e99791","Numeric","رقمية","numeric","c90452f0-b141-48ed-aa46-044ec3eafe65","Organisation For Economic Co-operation And Development","منظمة التعاون والتنمية الاقتصادية","oecd","d4fcceee-b555-4b9f-b78f-027d74f0dd16","None","لا شيء","none","4bf72625-9589-4588-913c-f36d5c7b2423","Manual","يدوياً","manual","5/6/2026 11:02:35 AM",""
"0effbea5-a853-4a90-6fd0-08dea8e8edb6","38bb0719-b784-4ccb-8a62-08dea8e8edb0","597173ce-53ad-4461-9c6f-2c1724ccb95d","True","Non-Hydrocarbon Exports (share of total exports)","الصادرات غير الهيدروكربونية","Non-Hydrocarbon Exports (share of total exports) refers to the share of exports that come from non-hydrocarbon sectors (such as manufacturing, agriculture, and services) compared to the total value of all exports from a country. It measures the extent to which a nation's export activities are diversified away from the oil and gas sector, providing insight into economic diversification efforts","يُشير مصطلح الصادرات غير الهيدروكربونات إلى نسبة الصادرات التي تأتي من القطاعات غير المرتبطة بالنفط والغاز (مثل التصنيع والزراعة والخدمات الاجتماعية) مقارنةً بالقيمة الإجمالية لجميع الصادرات من الدولة. وهي تقيس مدى تنوع الأنشطة التصديرية للدولة بعيدًا عن قطاع النفط والغاز مما يبرز جهود التنوع الاقتصادي","Non-Hydrocarbon Exports (share of total exports)","الصادرات غير الهيدروكربونية","0.0","32.04","2019","","2030","Non-Hydrocarbon Exports (share of total exports)","False","False","","a4ede074-5957-46ab-a6e6-341e291f2080","%","%","%","01ceed6f-d4e2-492d-926b-176b9c7cb3b6","Increase","زيادة","increase","1d67db34-e759-4b18-ad15-0820d1e99791","Numeric","رقمية","numeric","603b0af1-70bf-4257-8f57-4861e33ae17c","National Planning Council","المجلس الوطني للتخطيط","npc","d4fcceee-b555-4b9f-b78f-027d74f0dd16","None","لا شيء","none","4bf72625-9589-4588-913c-f36d5c7b2423","Manual","يدوياً","manual","5/14/2026 8:57:39 AM",""
"f97dd161-6797-44b3-6fd2-08dea8e8edb6","10e4668d-b127-41eb-8a64-08dea8e8edb0","ccbbb991-4a2a-492d-a036-b3f84e9bd12d","True","Non-Hydrocarbon Government Revenue as Share of Non-Hydrocarbon GDP","نسبة الإيرادات الحكومية غير الهيدروكربونية من إجمالي الناتج المحلي غير الهيدروكربوني","<p><span style=""font-size:11.0pt;"">Non-Hydrocarbon Government Revenue as Share of Non-Hydrocarbon GDP is the percentage of government revenue raised from non-hydrocarbon sources divided by nominal non-hydrocarbon GDP.</span></p>","<p><span style=""font-size:11.0pt;"">تتمثل الإيرادات الحكومية غير الهيدروكربونية كنسبة من الناتج المحلي الإجمالي غير الهيدروكربوني النسبة المئوية للإيرادات التي تحصلها الحكومة من مصادر غير هيدروكربونية             ، محسوبةً بقسمة هذه الإيرادات على الناتج المحلي الإجمالي غير الهيدروكربوني بالأسعار الجارية (الاسمي).</span></p>","Non-Hydrocarbon","غير الهيدروكربونية","0.00","9.2","2021","11","2030","","False","False","","a4ede074-5957-46ab-a6e6-341e291f2080","%","%","%","01ceed6f-d4e2-492d-926b-176b9c7cb3b6","Increase","زيادة","increase","1d67db34-e759-4b18-ad15-0820d1e99791","Numeric","رقمية","numeric","603b0af1-70bf-4257-8f57-4861e33ae17c","National Planning Council","المجلس الوطني للتخطيط","npc","d4fcceee-b555-4b9f-b78f-027d74f0dd16","None","لا شيء","none","4bf72625-9589-4588-913c-f36d5c7b2423","Manual","يدوياً","manual","5/14/2026 9:41:17 AM",""
"a08d961b-cfd0-4fcf-aead-08deb3df601c","d7b556c3-8765-45ae-e336-08deb3df601a","dfd60c08-b40a-4fdc-b67b-62d664df4ba3","True","Sector Contribution To GDP","مساهمة القطاع في الناتج المحلي الإجمالي (الصناعات التحويلية)","<p>Sector Contribution to GDP in Manufacturing refers to the percentage of a country's total economic output generated by the manufacturing industry. This includes the production of goods such as machinery, chemicals, electronics, textiles, and food products. The manufacturing sector plays a vital role in economic growth by creating jobs, promoting technological advancements, and increasing exports.&nbsp;</p>","<p>يقيس مؤشر مساهمة القطاع في الناتج المحلي الإجمالي حصة قطاع الصناعات التحويلية من الناتج المحلي الإجمالي لاقتصاد الدولة                              ، ويشمل ذلك إنتاج السلع مثل الآلات                              ، والمواد الكيميائية                              ، والإلكترونيات                              ، والمنسوجات                              ، والمنتجات الغذائية. يلعب قطاع التصنيع دورًا حيويًا في النمو الاقتصادي من خلال توفير فرص عمل                              ، وتعزيز التقدم التكنولوجي                              ، وزيادة الصادرات                              ، كما يعكس مستوى التصنيع وتنويع الاقتصاد داخل الدولة.</p>","Sector Contribution To GDP (Manufacturing)","مساهمة القطاع في الناتج المحلي الإجمالي (الصناعات التحويلية)","bn0.00","52.35","2021","70.5","2030","Sector Contribution To GDP (Manufacturing)","False","False","","06b275ce-19b8-4d37-96bd-c0d58533add9","QAR","ر.ق","qar","01ceed6f-d4e2-492d-926b-176b9c7cb3b6","Increase","زيادة","increase","1d67db34-e759-4b18-ad15-0820d1e99791","Numeric","رقمية","numeric","603b0af1-70bf-4257-8f57-4861e33ae17c","National Planning Council","المجلس الوطني للتخطيط","npc","d4fcceee-b555-4b9f-b78f-027d74f0dd16","None","لا شيء","none","086235a4-0f6b-48d1-8de3-11218bbbf1fd","Data Warehouse","مستودع البيانات","dwh","5/17/2026 9:41:50 AM",""
"5a060c25-e49a-4286-aeaf-08deb3df601c","2a129acb-a3cd-41ea-e338-08deb3df601a","bdfa90ca-8660-4990-9fad-7fa9de60e7fe","True","Crop Yield  - Overall","إنتاجية المحاصيل","-","-","Crop Yield  - Overall","إنتاجية المحاصيل","0","57.39","2020","86.1","2030","","False","False","","e0c82b78-a9c1-484a-b3d0-08703fa5176f","MT/ha","طن متري لكل هكتار","mt/ha","01ceed6f-d4e2-492d-926b-176b9c7cb3b6","Increase","زيادة","increase","1d67db34-e759-4b18-ad15-0820d1e99791","Numeric","رقمية","numeric","603b0af1-70bf-4257-8f57-4861e33ae17c","National Planning Council","المجلس الوطني للتخطيط","npc","d4fcceee-b555-4b9f-b78f-027d74f0dd16","None","لا شيء","none","4bf72625-9589-4588-913c-f36d5c7b2423","Manual","يدوياً","manual","5/17/2026 11:47:11 AM",""
"2ddeceff-7aad-469a-aeb6-08deb3df601c","efaa43e4-e034-4297-e33f-08deb3df601a","c566b959-10e5-4d8c-dc25-08dd8ca6e776","True","Qataris Employed in Private Sector as Share of Total Qataris Employed","نسبة المواطنين القطريين العاملين في القطاع الخاص","Qataris Employed in Private Sector as Share of Total Qataris Employed refers to the percentage of Qatari nationals working in the private sector compared to the total number of employed Qataris. This metric highlights the participation of Qataris in the private workforce, providing insight into employment trends and the country's efforts to diversify its labor market beyond the public sector","يعكس مؤشر نسبة القطريين العاملين في القطاع الخاص مشاركة القطريين من القوى العاملة في القطاع الخاص مقارنةً بإجمالي عدد القطريين العاملين مما يظهر اتجاهات التوظيف وجهود الدولة لتنويع سوق العمل بعيدًا عن القطاع العام","Actual Performance","الأداء الفعلي","0.0","8.5","2019","","2030","Qataris Employed in Private Sector as Share of Total Qataris Employed","False","False","","a4ede074-5957-46ab-a6e6-341e291f2080","%","%","%","01ceed6f-d4e2-492d-926b-176b9c7cb3b6","Increase","زيادة","increase","1d67db34-e759-4b18-ad15-0820d1e99791","Numeric","رقمية","numeric","603b0af1-70bf-4257-8f57-4861e33ae17c","National Planning Council","المجلس الوطني للتخطيط","npc","d4fcceee-b555-4b9f-b78f-027d74f0dd16","None","لا شيء","none","4bf72625-9589-4588-913c-f36d5c7b2423","Manual","يدوياً","manual","5/20/2026 10:37:37 AM",""
"55c0e959-663d-4893-73d1-08deb3ea9adf","88b5dbfb-cfbd-4f0b-d61f-08deb3ea9ad6","1d2d8d03-cc9e-4b15-dc27-08dd8ca6e776","False","High-skilled white collar","الياقات البيضاء - مهارات عالية","The Workforce (Economically Active) refers to individuals within a country's population who are either employed or actively seeking employment. This includes both employed persons and those who are looking for work, typically within a specific age group. It excludes individuals who are not participating in the labor force, such as retirees, students, or those who are not seeking employment","يقيس مؤشر القوى العاملة (النشطون اقتصاديًا) كل الأفراد الذين يعملون أو يبحثون عن عمل في الدولة              ، عادةً ضمن فئة عمرية محددة. ويستثني هذا التصنيف الأفراد الذين لا يشاركون في سوق العمل              ، مثل المتقاعدين              ، والطلاب              ، أو أولئك الذين لا يبحثون عن عمل.","High Skilled White Collar","الياقات البيضاء - مهارات عالية","0.00","","","","","Workforce (Economically Active) - High Skilled White Collar","False","False","","7e29dc70-a806-4347-94a5-2069dc0cb086","m","مليون","m","01ceed6f-d4e2-492d-926b-176b9c7cb3b6","Increase","زيادة","increase","1d67db34-e759-4b18-ad15-0820d1e99791","Numeric","رقمية","numeric","603b0af1-70bf-4257-8f57-4861e33ae17c","National Planning Council","المجلس الوطني للتخطيط","npc","d4fcceee-b555-4b9f-b78f-027d74f0dd16","None","لا شيء","none","4bf72625-9589-4588-913c-f36d5c7b2423","Manual","يدوياً","manual","5/20/2026 1:19:09 PM",""
"f24a340d-c47c-4534-73d2-08deb3ea9adf","88b5dbfb-cfbd-4f0b-d61f-08deb3ea9ad6","0fd612cb-b027-4716-dc28-08dd8ca6e776","False","Low-skilled blue collar","الياقات الزرقاء - مهارات منخفضة","The Workforce (Economically Active) refers to individuals within a country's population who are either employed or actively seeking employment. This includes both employed persons and those who are looking for work, typically within a specific age group. It excludes individuals who are not participating in the labor force, such as retirees, students, or those who are not seeking employment","يقيس مؤشر القوى العاملة (النشطون اقتصاديًا) كل الأفراد الذين يعملون أو يبحثون عن عمل في الدولة              ، عادةً ضمن فئة عمرية محددة. ويستثني هذا التصنيف الأفراد الذين لا يشاركون في سوق العمل              ، مثل المتقاعدين              ، والطلاب              ، أو أولئك الذين لا يبحثون عن عمل.","Low Skilled Blue Collar","الياقات الزرقاء - مهارات منخفضة","0.00","","","","","Workforce (Economically Active) - Low Skilled Blue Collar","False","False","","7e29dc70-a806-4347-94a5-2069dc0cb086","m","مليون","m","01ceed6f-d4e2-492d-926b-176b9c7cb3b6","Increase","زيادة","increase","1d67db34-e759-4b18-ad15-0820d1e99791","Numeric","رقمية","numeric","603b0af1-70bf-4257-8f57-4861e33ae17c","National Planning Council","المجلس الوطني للتخطيط","npc","d4fcceee-b555-4b9f-b78f-027d74f0dd16","None","لا شيء","none","4bf72625-9589-4588-913c-f36d5c7b2423","Manual","يدوياً","manual","5/20/2026 1:19:09 PM",""
"103e9dcb-c6e7-41ad-73d3-08deb3ea9adf","88b5dbfb-cfbd-4f0b-d61f-08deb3ea9ad6","5d44d596-1d70-4237-dc29-08dd8ca6e776","False","Low-skilled white collar","الياقات البيضاء - مهارات منخفضة","The Workforce (Economically Active) refers to individuals within a country's population who are either employed or actively seeking employment. This includes both employed persons and those who are looking for work, typically within a specific age group. It excludes individuals who are not participating in the labor force, such as retirees, students, or those who are not seeking employment","يقيس مؤشر القوى العاملة (النشطون اقتصاديًا) كل الأفراد الذين يعملون أو يبحثون عن عمل في الدولة              ، عادةً ضمن فئة عمرية محددة. ويستثني هذا التصنيف الأفراد الذين لا يشاركون في سوق العمل              ، مثل المتقاعدين              ، والطلاب              ، أو أولئك الذين لا يبحثون عن عمل.","Low Skilled White Collar","الياقات البيضاء - مهارات منخفضة","0.00","","","","","Workforce (Economically Active) - Low Skilled White Collar","False","False","","7e29dc70-a806-4347-94a5-2069dc0cb086","m","مليون","m","01ceed6f-d4e2-492d-926b-176b9c7cb3b6","Increase","زيادة","increase","1d67db34-e759-4b18-ad15-0820d1e99791","Numeric","رقمية","numeric","603b0af1-70bf-4257-8f57-4861e33ae17c","National Planning Council","المجلس الوطني للتخطيط","npc","d4fcceee-b555-4b9f-b78f-027d74f0dd16","None","لا شيء","none","4bf72625-9589-4588-913c-f36d5c7b2423","Manual","يدوياً","manual","5/20/2026 1:19:09 PM",""
"40c1b96c-a490-412d-73d4-08deb3ea9adf","88b5dbfb-cfbd-4f0b-d61f-08deb3ea9ad6","0be53476-d5c0-4bdd-dc26-08dd8ca6e776","True","High Skilled Blue Collar","الياقات الزرقاء - مهارات عالية","The Workforce (Economically Active) refers to individuals within a country's population who are either employed or actively seeking employment. This includes both employed persons and those who are looking for work, typically within a specific age group. It excludes individuals who are not participating in the labor force, such as retirees, students, or those who are not seeking employment","<p>يقيس مؤشر القوى العاملة (النشيطون اقتصاديًا) كل الأفراد الذين يعملون أو يبحثون عن عمل في الدولة         ، عادةً ضمن فئة عمرية محددة. ويستثني هذا التصنيف الأفراد الذين لا يشاركون في سوق العمل         ، مثل المتقاعدين         ، والطلاب         ، أو أولئك الذين لا يبحثون عن عمل.</p>","High Skilled Blue Collar","الياقات الزرقاء - مهارات عالية","0.00","2.1","2018","","2030","Workforce (Economically Active) - High Skilled Blue Collar","False","False","","7e29dc70-a806-4347-94a5-2069dc0cb086","m","مليون","m","01ceed6f-d4e2-492d-926b-176b9c7cb3b6","Increase","زيادة","increase","1d67db34-e759-4b18-ad15-0820d1e99791","Numeric","رقمية","numeric","603b0af1-70bf-4257-8f57-4861e33ae17c","National Planning Council","المجلس الوطني للتخطيط","npc","d4fcceee-b555-4b9f-b78f-027d74f0dd16","None","لا شيء","none","4bf72625-9589-4588-913c-f36d5c7b2423","Manual","يدوياً","manual","5/20/2026 1:19:09 PM",""
"1af5b85d-8e0e-4d9d-a4a7-08deb9658cc1","696c81d9-3d16-419d-23c8-08deb9658cc0","a267fff9-a02e-4a6d-a0f7-ecd2e649658c","False","United States of America","الولايات المتحدة الأمريكية","<p>United States of America</p>","<p>الولايات المتحدة الأمريكية</p>","United States of America","الولايات المتحدة الأمريكية","0.00","","","","","","False","False","","b4689657-7066-4e3c-a609-fa59fb68104c","m QAR","مليون ريال قطري","m QAR","01ceed6f-d4e2-492d-926b-176b9c7cb3b6","Increase","زيادة","increase","1d67db34-e759-4b18-ad15-0820d1e99791","Numeric","رقمية","numeric","603b0af1-70bf-4257-8f57-4861e33ae17c","National Planning Council","المجلس الوطني للتخطيط","npc","7cf442e4-1792-4837-a26c-2b99be6cb3e3","Sum","مجموع","sum","4bf72625-9589-4588-913c-f36d5c7b2423","Manual","يدوياً","manual","5/24/2026 10:36:35 AM",""
"46b7993e-b31a-4633-a4a8-08deb9658cc1","696c81d9-3d16-419d-23c8-08deb9658cc0","c8c30830-c2b8-4dcb-8156-0ceaa4b7c310","False","Others","آخرون","<p>Others</p>","<p>آخرون</p>","Others","آخرون","0.00","","","","","","False","False","","b4689657-7066-4e3c-a609-fa59fb68104c","m QAR","مليون ريال قطري","m QAR","01ceed6f-d4e2-492d-926b-176b9c7cb3b6","Increase","زيادة","increase","1d67db34-e759-4b18-ad15-0820d1e99791","Numeric","رقمية","numeric","603b0af1-70bf-4257-8f57-4861e33ae17c","National Planning Council","المجلس الوطني للتخطيط","npc","7cf442e4-1792-4837-a26c-2b99be6cb3e3","Sum","مجموع","sum","4bf72625-9589-4588-913c-f36d5c7b2423","Manual","يدوياً","manual","5/24/2026 10:36:35 AM",""
"ff73cf13-e5cb-442f-a4a9-08deb9658cc1","696c81d9-3d16-419d-23c8-08deb9658cc0","84bfc386-e94f-49df-b8b0-3aef32208df1","False","Switzerland","سويسرا","<p>Switzerland</p>","<p>سويسرا</p>","Switzerland","سويسرا","0.00","","","","","","False","False","","b4689657-7066-4e3c-a609-fa59fb68104c","m QAR","مليون ريال قطري","m QAR","01ceed6f-d4e2-492d-926b-176b9c7cb3b6","Increase","زيادة","increase","1d67db34-e759-4b18-ad15-0820d1e99791","Numeric","رقمية","numeric","603b0af1-70bf-4257-8f57-4861e33ae17c","National Planning Council","المجلس الوطني للتخطيط","npc","7cf442e4-1792-4837-a26c-2b99be6cb3e3","Sum","مجموع","sum","4bf72625-9589-4588-913c-f36d5c7b2423","Manual","يدوياً","manual","5/24/2026 10:36:35 AM",""
"69a24838-9d3d-4af2-a4aa-08deb9658cc1","696c81d9-3d16-419d-23c8-08deb9658cc0","d3195299-0b0f-43fd-98eb-d78d08e58113","True","Qatar Fertilizer and Ammonia Exports","صادرات الأسمدة والأمونيا القطرية","<p>Qatar Fertilizer and Ammonia Exports represent the total quantity or value of fertilizer products and ammonia exported by Qatar over a given period, , classified under HS codes 3101–3105 and 2814. This indicator serves as a strategic gauge of Qatar’s downstream industrial export performance, its role in global agricultural input and chemical supply chains, and its exposure to logistics constraints and regional geopolitical disruption, particularly around the Strait of Hormuz.</p>","<p>تمثل صادرات الأسمدة والأمونيا القطرية إجمالي كمية أو قيمة منتجات الأسمدة والأمونيا التي تصدرها قطر خلال فترة زمنية معينة  ، استنادًا إلى رموز HS 3101–3105 و2814. ويعمل هذا المؤشر كمقياس استراتيجي لأداء قطر في الصادرات الصناعية التحويلية  ، ودورها في سلاسل الإمداد العالمية للمنتجات الزراعية والكيماويات  ، وعرضتها للقيود اللوجستية والاضطرابات الجيوسياسية الإقليمية  ، خاصة حول مضيق هرمز.</p>","Qatar Fertilizer and Ammonia Exports","صادرات الأسمدة والأمونيا القطرية","0.00","","","","","","False","False","","b4689657-7066-4e3c-a609-fa59fb68104c","m QAR","مليون ريال قطري","m QAR","01ceed6f-d4e2-492d-926b-176b9c7cb3b6","Increase","زيادة","increase","1d67db34-e759-4b18-ad15-0820d1e99791","Numeric","رقمية","numeric","603b0af1-70bf-4257-8f57-4861e33ae17c","National Planning Council","المجلس الوطني للتخطيط","npc","7cf442e4-1792-4837-a26c-2b99be6cb3e3","Sum","مجموع","sum","4bf72625-9589-4588-913c-f36d5c7b2423","Manual","يدوياً","manual","5/24/2026 10:36:35 AM",""
"ca2c9082-2fac-4c35-a4ab-08deb9658cc1","696c81d9-3d16-419d-23c8-08deb9658cc0","dac23a4a-a7d2-4f7c-8cb2-90885081a09c","False","Singapore","سنغافورة","<p>Singapore</p>","<p>سنغافورة</p>","Singapore","سنغافورة","0.00","","","","","","False","False","","b4689657-7066-4e3c-a609-fa59fb68104c","m QAR","مليون ريال قطري","m QAR","01ceed6f-d4e2-492d-926b-176b9c7cb3b6","Increase","زيادة","increase","1d67db34-e759-4b18-ad15-0820d1e99791","Numeric","رقمية","numeric","603b0af1-70bf-4257-8f57-4861e33ae17c","National Planning Council","المجلس الوطني للتخطيط","npc","7cf442e4-1792-4837-a26c-2b99be6cb3e3","Sum","مجموع","sum","4bf72625-9589-4588-913c-f36d5c7b2423","Manual","يدوياً","manual","5/24/2026 10:36:35 AM",""
"f999c736-6d10-4ba7-a4ac-08deb9658cc1","696c81d9-3d16-419d-23c8-08deb9658cc0","52583379-4899-46b4-b7a2-d0dfb9bbdc71","False","India","الهند","<p>India</p>","<p>الهند</p>","India","الهند","0.00","","","","","","False","False","","b4689657-7066-4e3c-a609-fa59fb68104c","m QAR","مليون ريال قطري","m QAR","01ceed6f-d4e2-492d-926b-176b9c7cb3b6","Increase","زيادة","increase","1d67db34-e759-4b18-ad15-0820d1e99791","Numeric","رقمية","numeric","603b0af1-70bf-4257-8f57-4861e33ae17c","National Planning Council","المجلس الوطني للتخطيط","npc","7cf442e4-1792-4837-a26c-2b99be6cb3e3","Sum","مجموع","sum","4bf72625-9589-4588-913c-f36d5c7b2423","Manual","يدوياً","manual","5/24/2026 10:36:35 AM",""
"b140cdd5-342f-4bc3-a4ad-08deb9658cc1","696c81d9-3d16-419d-23c8-08deb9658cc0","c9acf74f-eea4-485a-9542-ef5eff5e9092","False","Japan","اليابان","<p>Japan</p>","<p>اليابان</p>","Japan","اليابان","","","","","","","False","False","","b4689657-7066-4e3c-a609-fa59fb68104c","m QAR","مليون ريال قطري","m QAR","01ceed6f-d4e2-492d-926b-176b9c7cb3b6","Increase","زيادة","increase","1d67db34-e759-4b18-ad15-0820d1e99791","Numeric","رقمية","numeric","603b0af1-70bf-4257-8f57-4861e33ae17c","National Planning Council","المجلس الوطني للتخطيط","npc","7cf442e4-1792-4837-a26c-2b99be6cb3e3","Sum","مجموع","sum","4bf72625-9589-4588-913c-f36d5c7b2423","Manual","يدوياً","manual","5/24/2026 10:36:35 AM",""
"f33f5a9e-d43e-4b3b-a4b6-08deb9658cc1","7d9f00cc-54cf-48cc-23ca-08deb9658cc0","26f56b44-539e-49e6-9bbe-be98bd26ea05","False","Refined Oil","النفط المكرر","<p>Refined Oil</p>","<p>النفط المكرر</p>","Refined Oil","النفط المكرر","0.00","","","","","","False","False","","a4ede074-5957-46ab-a6e6-341e291f2080","%","%","%","01ceed6f-d4e2-492d-926b-176b9c7cb3b6","Increase","زيادة","increase","1d67db34-e759-4b18-ad15-0820d1e99791","Numeric","رقمية","numeric","d8ae597a-c31d-4ff6-9ea3-9fd9fe40cdb5","Comtrade","كومتريد","comt","7cf442e4-1792-4837-a26c-2b99be6cb3e3","Sum","مجموع","sum","4bf72625-9589-4588-913c-f36d5c7b2423","Manual","يدوياً","manual","5/24/2026 10:41:44 AM",""
"e5260da5-562a-46b4-a4b7-08deb9658cc1","7d9f00cc-54cf-48cc-23ca-08deb9658cc0","e77832fc-75b2-4551-b5f7-d66df726d84a","True","Liquified Natural Gas (LNG)","الغاز الطبيعي المسال (LNG)","<p>This indicator measures Qatar’s contribution to the global supply of strategic commodities, including liquefied natural gas (LNG), polymers, fertilizers, aluminum, helium and rare gases, condensates, and sulfur. It highlights Qatar’s geoeconomic importance in global energy, industrial, and food security markets, as well as the potential impact of disruptions in the Strait of Hormuz on global trade and supply chains.</p>","<p>يقيس هذا المؤشر الحصة المقدرة لدولة قطر في الإمدادات العالمية للسلع الاستراتيجية    ، بما في ذلك الغاز الطبيعي المسال    ، والبوليمرات    ، والأسمدة    ، والألمنيوم    ، والهيليوم/الغازات النادرة    ، والنفط الخام المكثف    ، والكبريت    ، بهدف تقييم المكانة الجيو-اقتصادية لدولة قطر في أسواق الطاقة والصناعة والأمن الغذائي    ، وتأثير أي اضطرابات في مضيق هرمز على سلاسل الإمداد والتجارة العالمية.</p>","Liquified Natural Gas (LNG)","الغاز الطبيعي المسال (LNG)","","","","","","","False","False","","a4ede074-5957-46ab-a6e6-341e291f2080","%","%","%","01ceed6f-d4e2-492d-926b-176b9c7cb3b6","Increase","زيادة","increase","1d67db34-e759-4b18-ad15-0820d1e99791","Numeric","رقمية","numeric","d8ae597a-c31d-4ff6-9ea3-9fd9fe40cdb5","Comtrade","كومتريد","comt","7cf442e4-1792-4837-a26c-2b99be6cb3e3","Sum","مجموع","sum","4bf72625-9589-4588-913c-f36d5c7b2423","Manual","يدوياً","manual","5/24/2026 10:41:44 AM",""
"59cb2bbe-9fe1-4b5e-a4b8-08deb9658cc1","7d9f00cc-54cf-48cc-23ca-08deb9658cc0","969d93d1-cca1-4570-aa8e-bfc5e4005ba9","False","Polymers","البوليمرات","<p>Polymers</p>","<p>البوليمرات</p>","Polymers","البوليمرات","0.00","","","","","","False","False","","a4ede074-5957-46ab-a6e6-341e291f2080","%","%","%","01ceed6f-d4e2-492d-926b-176b9c7cb3b6","Increase","زيادة","increase","1d67db34-e759-4b18-ad15-0820d1e99791","Numeric","رقمية","numeric","d8ae597a-c31d-4ff6-9ea3-9fd9fe40cdb5","Comtrade","كومتريد","comt","d4fcceee-b555-4b9f-b78f-027d74f0dd16","None","لا شيء","none","4bf72625-9589-4588-913c-f36d5c7b2423","Manual","يدوياً","manual","5/24/2026 10:41:44 AM",""
"c4b735cd-726d-45b3-a4b9-08deb9658cc1","7d9f00cc-54cf-48cc-23ca-08deb9658cc0","b6dc6def-2dd6-41e7-9e97-ed3dfffd1f01","False","Aluminium","الألمنيوم","<p>Aluminium</p>","<p>الألمنيوم</p>","Aluminium","الألمنيوم","0.00","","","","","","False","False","","a4ede074-5957-46ab-a6e6-341e291f2080","%","%","%","01ceed6f-d4e2-492d-926b-176b9c7cb3b6","Increase","زيادة","increase","1d67db34-e759-4b18-ad15-0820d1e99791","Numeric","رقمية","numeric","d8ae597a-c31d-4ff6-9ea3-9fd9fe40cdb5","Comtrade","كومتريد","comt","7cf442e4-1792-4837-a26c-2b99be6cb3e3","Sum","مجموع","sum","4bf72625-9589-4588-913c-f36d5c7b2423","Manual","يدوياً","manual","5/24/2026 10:41:44 AM",""
"5f765bbc-ecc9-4e07-a4ba-08deb9658cc1","7d9f00cc-54cf-48cc-23ca-08deb9658cc0","d63c9e4c-a48a-4e51-be34-a02e222e0e28","False","Helium/Rare Gases","الهيليوم/الغازات النادرة","<p>Helium/Rare Gases</p>","<p>الهيليوم/الغازات النادرة</p>","Helium/Rare Gases","الهيليوم/الغازات النادرة","","","","","","","False","False","","a4ede074-5957-46ab-a6e6-341e291f2080","%","%","%","01ceed6f-d4e2-492d-926b-176b9c7cb3b6","Increase","زيادة","increase","1d67db34-e759-4b18-ad15-0820d1e99791","Numeric","رقمية","numeric","d8ae597a-c31d-4ff6-9ea3-9fd9fe40cdb5","Comtrade","كومتريد","comt","7cf442e4-1792-4837-a26c-2b99be6cb3e3","Sum","مجموع","sum","4bf72625-9589-4588-913c-f36d5c7b2423","Manual","يدوياً","manual","5/24/2026 10:41:44 AM",""
"0b82f35e-5ee2-4790-a4bb-08deb9658cc1","7d9f00cc-54cf-48cc-23ca-08deb9658cc0","c38b4cb8-7428-4941-b480-5c42105745e6","False","Crude Oil (Condensate)","النفط الخام (المكثف)","<p>Crude Oil (Condensate)</p>","<p>النفط الخام (المكثف)</p>","Crude Oil (Condensate)","النفط الخام (المكثف)","0.00","","","","","","False","False","","a4ede074-5957-46ab-a6e6-341e291f2080","%","%","%","01ceed6f-d4e2-492d-926b-176b9c7cb3b6","Increase","زيادة","increase","1d67db34-e759-4b18-ad15-0820d1e99791","Numeric","رقمية","numeric","d8ae597a-c31d-4ff6-9ea3-9fd9fe40cdb5","Comtrade","كومتريد","comt","d4fcceee-b555-4b9f-b78f-027d74f0dd16","None","لا شيء","none","4bf72625-9589-4588-913c-f36d5c7b2423","Manual","يدوياً","manual","5/24/2026 10:41:44 AM",""
"e978fbe2-b2c3-42bc-a4bc-08deb9658cc1","7d9f00cc-54cf-48cc-23ca-08deb9658cc0","b03e4b07-f06b-4e2d-9dd1-ac2955887084","False","Fertilizers","الأسمدة","<p>Fertilizers</p>","<p>الأسمدة</p>","Fertilizers","الأسمدة","0.00","","","","","","False","False","","a4ede074-5957-46ab-a6e6-341e291f2080","%","%","%","01ceed6f-d4e2-492d-926b-176b9c7cb3b6","Increase","زيادة","increase","1d67db34-e759-4b18-ad15-0820d1e99791","Numeric","رقمية","numeric","d8ae597a-c31d-4ff6-9ea3-9fd9fe40cdb5","Comtrade","كومتريد","comt","d4fcceee-b555-4b9f-b78f-027d74f0dd16","None","لا شيء","none","4bf72625-9589-4588-913c-f36d5c7b2423","Manual","يدوياً","manual","5/24/2026 10:41:44 AM",""
"12e1e92b-8ccd-4b25-a4bd-08deb9658cc1","7d9f00cc-54cf-48cc-23ca-08deb9658cc0","120014bb-bab1-45bf-861b-fc26ca1ec16d","False","Sulfur","الكبريت","<p>Sulfur</p>","<p>الكبريت</p>","Sulfur","الكبريت","0.00","","","","","","False","False","","a4ede074-5957-46ab-a6e6-341e291f2080","%","%","%","01ceed6f-d4e2-492d-926b-176b9c7cb3b6","Increase","زيادة","increase","1d67db34-e759-4b18-ad15-0820d1e99791","Numeric","رقمية","numeric","d8ae597a-c31d-4ff6-9ea3-9fd9fe40cdb5","Comtrade","كومتريد","comt","7cf442e4-1792-4837-a26c-2b99be6cb3e3","Sum","مجموع","sum","4bf72625-9589-4588-913c-f36d5c7b2423","Manual","يدوياً","manual","5/24/2026 10:41:44 AM",""
"bd747a05-6630-4ca1-a4be-08deb9658cc1","8a3ddcb1-c262-4cea-23cb-08deb9658cc0","d7c84da8-edc8-427f-9bbd-818e0a812337","False","Tanker","ناقلات","<p>Tanker</p>","<p>ناقلات</p>","Tanker","ناقلات","","","","","","","False","False","","3d027509-2bb6-4915-b218-63311478fc3a","NA","غير متاح","NA","01ceed6f-d4e2-492d-926b-176b9c7cb3b6","Increase","زيادة","increase","1d67db34-e759-4b18-ad15-0820d1e99791","Numeric","رقمية","numeric","f1ddbcf5-b142-406a-9f50-f7663f044e8d","International Monetary Fund","صندوق النقد الدولي","","7cf442e4-1792-4837-a26c-2b99be6cb3e3","Sum","مجموع","sum","4bf72625-9589-4588-913c-f36d5c7b2423","Manual","يدوياً","manual","5/24/2026 10:52:21 AM",""
"65b87b3c-f6db-4812-a4bf-08deb9658cc1","8a3ddcb1-c262-4cea-23cb-08deb9658cc0","36dc53d5-6a00-4509-8958-0645333d8e88","False","Container","سفن الحاويات","<p>Container</p>","<p>الحاوية</p>","Container","سفن الحاويات","","","","","","","False","False","","3d027509-2bb6-4915-b218-63311478fc3a","NA","غير متاح","NA","01ceed6f-d4e2-492d-926b-176b9c7cb3b6","Increase","زيادة","increase","1d67db34-e759-4b18-ad15-0820d1e99791","Numeric","رقمية","numeric","f1ddbcf5-b142-406a-9f50-f7663f044e8d","International Monetary Fund","صندوق النقد الدولي","","7cf442e4-1792-4837-a26c-2b99be6cb3e3","Sum","مجموع","sum","4bf72625-9589-4588-913c-f36d5c7b2423","Manual","يدوياً","manual","5/24/2026 10:52:21 AM",""
"a1c96503-5cdc-452d-a4c0-08deb9658cc1","8a3ddcb1-c262-4cea-23cb-08deb9658cc0","c40a8888-9ab9-462a-86f8-8a357f104a9f","False","General Cargo","سفن البضائع العامة","<p>General Cargo</p>","<p>البضائع العامة</p>","General Cargo","سفن البضائع العامة","","","","","","","False","False","","3d027509-2bb6-4915-b218-63311478fc3a","NA","غير متاح","NA","01ceed6f-d4e2-492d-926b-176b9c7cb3b6","Increase","زيادة","increase","1d67db34-e759-4b18-ad15-0820d1e99791","Numeric","رقمية","numeric","f1ddbcf5-b142-406a-9f50-f7663f044e8d","International Monetary Fund","صندوق النقد الدولي","","7cf442e4-1792-4837-a26c-2b99be6cb3e3","Sum","مجموع","sum","4bf72625-9589-4588-913c-f36d5c7b2423","Manual","يدوياً","manual","5/24/2026 10:52:21 AM",""
"d98a0ed2-6b2d-4c1b-a4c1-08deb9658cc1","8a3ddcb1-c262-4cea-23cb-08deb9658cc0","4998a5c8-088c-4a35-adcb-5a20956a689e","False","Dry Bulk","سفن البضائع السائبة الجافة","<p>Dry Bulk</p>","<p>سفن البضائع السائبة الجافة</p>","Dry Bulk","سفن البضائع السائبة الجافة","","","","","","","False","False","","3d027509-2bb6-4915-b218-63311478fc3a","NA","غير متاح","NA","01ceed6f-d4e2-492d-926b-176b9c7cb3b6","Increase","زيادة","increase","1d67db34-e759-4b18-ad15-0820d1e99791","Numeric","رقمية","numeric","f1ddbcf5-b142-406a-9f50-f7663f044e8d","International Monetary Fund","صندوق النقد الدولي","","7cf442e4-1792-4837-a26c-2b99be6cb3e3","Sum","مجموع","sum","4bf72625-9589-4588-913c-f36d5c7b2423","Manual","يدوياً","manual","5/24/2026 10:52:21 AM",""
"9f425457-f86a-49b1-a4c2-08deb9658cc1","8a3ddcb1-c262-4cea-23cb-08deb9658cc0","3cb78938-1044-4e33-818c-3030218f3291","False","Roll-on/Roll-off","سفن ""رورو""","<p>Roll-on/Roll-off</p>","<p>رول-أون/رول-أوف</p>","Roll-on/Roll-off","سفن ""رورو""","","","","","","","False","False","","3d027509-2bb6-4915-b218-63311478fc3a","NA","غير متاح","NA","01ceed6f-d4e2-492d-926b-176b9c7cb3b6","Increase","زيادة","increase","1d67db34-e759-4b18-ad15-0820d1e99791","Numeric","رقمية","numeric","f1ddbcf5-b142-406a-9f50-f7663f044e8d","International Monetary Fund","صندوق النقد الدولي","","7cf442e4-1792-4837-a26c-2b99be6cb3e3","Sum","مجموع","sum","4bf72625-9589-4588-913c-f36d5c7b2423","Manual","يدوياً","manual","5/24/2026 10:52:21 AM",""
"ef6b946e-2975-41d2-a4c3-08deb9658cc1","8a3ddcb1-c262-4cea-23cb-08deb9658cc0","3012b24f-db07-4218-b701-208890589363","True","Total Vessels","إجمالي السفن","<p>The index measures the monthly number of ship arrivals or transit calls through the Strait of Hormuz, disaggregated by vessel type. The indicator tracks the intensity of maritime traffic through the chokepoint and helps identify disruptions in shipping activity.<br><strong>Tanker vessels</strong> are the most strategically important for Qatar, as they transport most of the country’s energy and liquid/gaseous export flows, including LNG-related cargoes, petroleum products, and chemical shipments.<br><strong>Dry bulk vessels</strong> are also important for Qatar’s industrial and food-security-related exports, particularly Sulphur and fertilizer cargoes. Container and general cargo vessels capture more diversified trade flows, including industrial inputs, polymers, aluminum products, equipment, and specialized cargo.<br><strong>Roll-on/roll-off (Ro-Ro) vessels </strong>primarily reflect vehicle and heavy-equipment transport and are less directly linked to Qatar’s core export commodities.<br>&nbsp;</p>","<p>يقيس المؤشر العدد الشهري لوصول السفن أو عمليات العبور عبر مضيق هرمز    ، مصنفًا وفقًا لنوع السفن. ويُستخدم المؤشر لتتبع كثافة حركة الملاحة البحرية عبر هذا الممر البحري الحيوي    ، والمساعدة في تحديد الاضطرابات التي تؤثر على نشاط الشحن البحري.<br>وتُعد <strong>ناقلات النفط</strong> الأكثر أهمية من الناحية الاستراتيجية بالنسبة لدولة قطر    ، نظرًا لأنها تنقل الجزء الأكبر من صادرات الدولة من الطاقة والشحنات السائلة والغازية    ، بما في ذلك شحنات الغاز الطبيعي المسال    ، والمنتجات البترولية    ، والمواد الكيميائية.<br>كما تكتسب <strong>سفن البضائع السائبة الجافة</strong> أهمية بالنسبة للصادرات القطرية المرتبطة بالقطاع الصناعي والأمن الغذائي    ، لا سيما شحنات الكبريت والأسمدة. أما سفن الحاويات وسفن البضائع العامة    ، فتعكس تدفقات تجارية أكثر تنوعًا تشمل المدخلات الصناعية    ، والبوليمرات    ، ومنتجات الألومنيوم    ، والمعدات    ، والشحنات المتخصصة.<br>في المقابل    ، ترتبط<strong> سفن نقل المركبات والمعدات ""رورو""</strong> بصورة رئيسية بنقل المركبات والمعدات الثقيلة    ، وتُعد أقل ارتباطًا بالصادرات القطرية الأساسية.<br>&nbsp;</p>","Total Vessels","إجمالي السفن","","","","","","","False","False","","3d027509-2bb6-4915-b218-63311478fc3a","NA","غير متاح","NA","01ceed6f-d4e2-492d-926b-176b9c7cb3b6","Increase","زيادة","increase","1d67db34-e759-4b18-ad15-0820d1e99791","Numeric","رقمية","numeric","f1ddbcf5-b142-406a-9f50-f7663f044e8d","International Monetary Fund","صندوق النقد الدولي","","7cf442e4-1792-4837-a26c-2b99be6cb3e3","Sum","مجموع","sum","4bf72625-9589-4588-913c-f36d5c7b2423","Manual","يدوياً","manual","5/24/2026 10:52:21 AM",""
"44b0dd66-7273-4df6-a4c4-08deb9658cc1","3e141fda-3e1d-4355-23cc-08deb9658cc0","6a49cc99-eb75-4522-b4e6-f7681ce2bd8b","False","South Korea","كوريا الجنوبية","<p>South Korea</p>","<p>كوريا الجنوبية</p>","South Korea","كوريا الجنوبية","0.00","","","","","","False","False","","1c948c21-21b6-426d-8aa0-b1fb90f3c1f9","bn QAR","مليار رق","bn QAR","01ceed6f-d4e2-492d-926b-176b9c7cb3b6","Increase","زيادة","increase","1d67db34-e759-4b18-ad15-0820d1e99791","Numeric","رقمية","numeric","603b0af1-70bf-4257-8f57-4861e33ae17c","National Planning Council","المجلس الوطني للتخطيط","npc","7cf442e4-1792-4837-a26c-2b99be6cb3e3","Sum","مجموع","sum","4bf72625-9589-4588-913c-f36d5c7b2423","Manual","يدوياً","manual","5/24/2026 11:00:31 AM",""
"4ac404e0-b97e-4a53-a4c5-08deb9658cc1","3e141fda-3e1d-4355-23cc-08deb9658cc0","3fe5592c-1151-450f-a32e-0d153c3ea0e4","False","Pakistan","باكستان","<p>Pakistan</p>","<p>باكستان</p>","Pakistan","باكستان","0.00","","","","","","False","False","","1c948c21-21b6-426d-8aa0-b1fb90f3c1f9","bn QAR","مليار رق","bn QAR","01ceed6f-d4e2-492d-926b-176b9c7cb3b6","Increase","زيادة","increase","1d67db34-e759-4b18-ad15-0820d1e99791","Numeric","رقمية","numeric","603b0af1-70bf-4257-8f57-4861e33ae17c","National Planning Council","المجلس الوطني للتخطيط","npc","d4fcceee-b555-4b9f-b78f-027d74f0dd16","None","لا شيء","none","4bf72625-9589-4588-913c-f36d5c7b2423","Manual","يدوياً","manual","5/24/2026 11:00:31 AM",""
"b9ff33fc-f61f-477e-a4c6-08deb9658cc1","3e141fda-3e1d-4355-23cc-08deb9658cc0","c1e4eba9-3ced-44c3-bf23-da5c7af617d8","False","India","الهند","<p>India</p>","<p>الهند</p>","India","الهند","0.00","","","","","","False","False","","1c948c21-21b6-426d-8aa0-b1fb90f3c1f9","bn QAR","مليار رق","bn QAR","01ceed6f-d4e2-492d-926b-176b9c7cb3b6","Increase","زيادة","increase","1d67db34-e759-4b18-ad15-0820d1e99791","Numeric","رقمية","numeric","603b0af1-70bf-4257-8f57-4861e33ae17c","National Planning Council","المجلس الوطني للتخطيط","npc","7cf442e4-1792-4837-a26c-2b99be6cb3e3","Sum","مجموع","sum","4bf72625-9589-4588-913c-f36d5c7b2423","Manual","يدوياً","manual","5/24/2026 11:00:31 AM",""
"c206b104-5756-42ba-a4c7-08deb9658cc1","3e141fda-3e1d-4355-23cc-08deb9658cc0","93db8d28-13c9-406f-9fb3-02ba8dfedb7a","False","China","الصين","<p>China</p>","<p>الصين</p>","China","الصين","0.00","","","","","","False","False","","1c948c21-21b6-426d-8aa0-b1fb90f3c1f9","bn QAR","مليار رق","bn QAR","01ceed6f-d4e2-492d-926b-176b9c7cb3b6","Increase","زيادة","increase","1d67db34-e759-4b18-ad15-0820d1e99791","Numeric","رقمية","numeric","603b0af1-70bf-4257-8f57-4861e33ae17c","National Planning Council","المجلس الوطني للتخطيط","npc","7cf442e4-1792-4837-a26c-2b99be6cb3e3","Sum","مجموع","sum","4bf72625-9589-4588-913c-f36d5c7b2423","Manual","يدوياً","manual","5/24/2026 11:00:31 AM",""
"b178ced0-62e4-4a39-a4c8-08deb9658cc1","3e141fda-3e1d-4355-23cc-08deb9658cc0","2a3c6334-4107-4bec-8dab-229cb0be7772","False","Italy","إيطاليا","<p>Italy</p>","<p>إيطاليا</p>","Italy","إيطاليا","0.00","","","","","","False","False","","1c948c21-21b6-426d-8aa0-b1fb90f3c1f9","bn QAR","مليار رق","bn QAR","01ceed6f-d4e2-492d-926b-176b9c7cb3b6","Increase","زيادة","increase","1d67db34-e759-4b18-ad15-0820d1e99791","Numeric","رقمية","numeric","603b0af1-70bf-4257-8f57-4861e33ae17c","National Planning Council","المجلس الوطني للتخطيط","npc","7cf442e4-1792-4837-a26c-2b99be6cb3e3","Sum","مجموع","sum","4bf72625-9589-4588-913c-f36d5c7b2423","Manual","يدوياً","manual","5/24/2026 11:00:31 AM",""
"b2bf51e2-de9d-4ae1-a4c9-08deb9658cc1","3e141fda-3e1d-4355-23cc-08deb9658cc0","1706dd14-f71f-4995-bf8c-4b83c9656701","False","Others","آخرون","<p>Others</p>","<p>آخرون</p>","Others","آخرون","0.00","","","","","","False","False","","1c948c21-21b6-426d-8aa0-b1fb90f3c1f9","bn QAR","مليار رق","bn QAR","01ceed6f-d4e2-492d-926b-176b9c7cb3b6","Increase","زيادة","increase","1d67db34-e759-4b18-ad15-0820d1e99791","Numeric","رقمية","numeric","603b0af1-70bf-4257-8f57-4861e33ae17c","National Planning Council","المجلس الوطني للتخطيط","npc","7cf442e4-1792-4837-a26c-2b99be6cb3e3","Sum","مجموع","sum","4bf72625-9589-4588-913c-f36d5c7b2423","Manual","يدوياً","manual","5/24/2026 11:00:31 AM",""
"c0019c73-2b34-4fd1-a4ca-08deb9658cc1","3e141fda-3e1d-4355-23cc-08deb9658cc0","ffa01522-0459-403d-9b34-ba4b0f1bc28a","True","Total LNG Exports","إجمالي صادرات الغاز الطبيعي المسال","<p>Qatar LNG Exports measures the total volume or value of liquefied natural gas exported from Qatar over a given period. It reflects Qatar’s performance in the global LNG market, its role in supporting to international gas supply, and its exposure to disruption risks affecting LNG export and shipping routes.&nbsp;</p>","<p>تقيس صادرات قطر من الغاز الطبيعي المسال إجمالي حجم أو قيمة الغاز الطبيعي المسال الذي تصدّره دولة قطر خلال فترة زمنية محددة. ويعكس هذا المؤشر أداء قطر في سوق الغاز الطبيعي المسال العالمي    ، ودور هذه الصادرات في دعم الإمدادات الدولية من الغاز    ، ومدى تعرضها لمخاطر الاضطرابات التي قد تؤثر على مسارات تصدير وشحن الغاز الطبيعي المسال.</p>","Total LNG Exports","إجمالي صادرات الغاز الطبيعي المسال","0.00","","","","","","False","False","","1c948c21-21b6-426d-8aa0-b1fb90f3c1f9","bn QAR","مليار رق","bn QAR","01ceed6f-d4e2-492d-926b-176b9c7cb3b6","Increase","زيادة","increase","1d67db34-e759-4b18-ad15-0820d1e99791","Numeric","رقمية","numeric","603b0af1-70bf-4257-8f57-4861e33ae17c","National Planning Council","المجلس الوطني للتخطيط","npc","7cf442e4-1792-4837-a26c-2b99be6cb3e3","Sum","مجموع","sum","4bf72625-9589-4588-913c-f36d5c7b2423","Manual","يدوياً","manual","5/24/2026 11:00:31 AM",""
"f635ceca-cf1f-4fb6-a4cb-08deb9658cc1","3e141fda-3e1d-4355-23cc-08deb9658cc0","84af68d0-cc34-42a6-99db-ef918901e0e7","False","Japan","اليابان","<p>Japan</p>","<p>اليابان</p>","Japan","اليابان","0.00","","","","","","False","False","","1c948c21-21b6-426d-8aa0-b1fb90f3c1f9","bn QAR","مليار رق","bn QAR","01ceed6f-d4e2-492d-926b-176b9c7cb3b6","Increase","زيادة","increase","1d67db34-e759-4b18-ad15-0820d1e99791","Numeric","رقمية","numeric","603b0af1-70bf-4257-8f57-4861e33ae17c","National Planning Council","المجلس الوطني للتخطيط","npc","7cf442e4-1792-4837-a26c-2b99be6cb3e3","Sum","مجموع","sum","4bf72625-9589-4588-913c-f36d5c7b2423","Manual","يدوياً","manual","5/24/2026 11:00:31 AM",""
"5a12426a-eb2e-4ab3-a4cd-08deb9658cc1","bc645899-8766-4c2c-23ce-08deb9658cc0","2aecae85-7518-4393-8686-25ab543a60d0","False","Agriculture","الزراعة","<p>&nbsp;Agriculture</p>","<p>الزراعة</p>","Agriculture","الزراعة",".00","","","","","","False","False","","c1907401-bfdb-41f3-7251-08deb96881bd","Index Points","نقطة مؤشر","indexpoints","01ceed6f-d4e2-492d-926b-176b9c7cb3b6","Increase","زيادة","increase","1d67db34-e759-4b18-ad15-0820d1e99791","Numeric","رقمية","numeric","7e05a934-023e-4dce-9e97-f38b98f2b55d","World Bank","البنك الدولي","worldbank","7cf442e4-1792-4837-a26c-2b99be6cb3e3","Sum","مجموع","sum","4bf72625-9589-4588-913c-f36d5c7b2423","Manual","يدوياً","manual","5/24/2026 11:26:41 AM",""
"c6412533-7bb9-47ed-a4ce-08deb9658cc1","bc645899-8766-4c2c-23ce-08deb9658cc0","b878a86f-50a7-4557-99ae-81f7032616df","False","Metals","المعادن","<p>Metals</p>","<p>معادن</p>","Metals","المعادن",".44","","","","","","False","False","","c1907401-bfdb-41f3-7251-08deb96881bd","Index Points","نقطة مؤشر","indexpoints","01ceed6f-d4e2-492d-926b-176b9c7cb3b6","Increase","زيادة","increase","1d67db34-e759-4b18-ad15-0820d1e99791","Numeric","رقمية","numeric","7e05a934-023e-4dce-9e97-f38b98f2b55d","World Bank","البنك الدولي","worldbank","7cf442e4-1792-4837-a26c-2b99be6cb3e3","Sum","مجموع","sum","4bf72625-9589-4588-913c-f36d5c7b2423","Manual","يدوياً","manual","5/24/2026 11:26:41 AM",""
"af8c0fc0-10de-4459-a4cf-08deb9658cc1","bc645899-8766-4c2c-23ce-08deb9658cc0","ddb15d7f-d0be-43c6-ac69-79e18b065fdc","True","Energy","الطاقة","<p>Commodity Price Index (US$, 2010 = 100) measures changes over time in the prices of selected commodity groups, expressed as an index in nominal U.S. dollars, with the average price level in 2010 set at 100.</p>","<p>يقيس مؤشر أسعار السلع ""بالدولار الأمريكي   ، 2010 = 100"" التغيرات بمرور الوقت في أسعار مجموعات مختارة من السلع   ، ويتم التعبير عنها كمؤشر بالدولار الأمريكي الاسمي   ، مع اعتبار متوسط مستوى الأسعار في العام 2010 مساويًا لـ100.</p>","Energy","الطاقة",".00","","","","","","False","False","","c1907401-bfdb-41f3-7251-08deb96881bd","Index Points","نقطة مؤشر","indexpoints","01ceed6f-d4e2-492d-926b-176b9c7cb3b6","Increase","زيادة","increase","1d67db34-e759-4b18-ad15-0820d1e99791","Numeric","رقمية","numeric","7e05a934-023e-4dce-9e97-f38b98f2b55d","World Bank","البنك الدولي","worldbank","7cf442e4-1792-4837-a26c-2b99be6cb3e3","Sum","مجموع","sum","4bf72625-9589-4588-913c-f36d5c7b2423","Manual","يدوياً","manual","5/24/2026 11:26:41 AM",""
"2f326c46-ac3d-42a8-a4d0-08deb9658cc1","5e2b1deb-f90b-4d8a-23cf-08deb9658cc0","f7d53339-e511-4934-a233-d0a0c01528df","False","Cost of Living - Others","تكلفة المعيشة - السلع والخدمات الأخرى","A statistical measure of changes in the prices of a fixed market basket consists of goods and services","يُعد مؤشر تكلفة المعيشة مقياس إحصائي للتغيرات في أسعار سلة أسهم السوق من السلع والخدمات","Others","السلع والخدمات الأخرى","0.00","","","","","Cost of Living - Others","False","False","","3d027509-2bb6-4915-b218-63311478fc3a","NA","غير متاح","NA","01ceed6f-d4e2-492d-926b-176b9c7cb3b6","Increase","زيادة","increase","1d67db34-e759-4b18-ad15-0820d1e99791","Numeric","رقمية","numeric","603b0af1-70bf-4257-8f57-4861e33ae17c","National Planning Council","المجلس الوطني للتخطيط","npc","e389a8df-ca73-45c6-843a-a9624f54b150","Max","أقصى","max","4bf72625-9589-4588-913c-f36d5c7b2423","Manual","يدوياً","manual","5/24/2026 1:56:34 PM",""
"f29bc176-82b1-46b0-a4d1-08deb9658cc1","5e2b1deb-f90b-4d8a-23cf-08deb9658cc0","f01e4a46-b167-4faa-81af-fa30b17eda47","False","Cost of Living - Food and Beverages","تكلفة المعيشة - الغذاء والمشروبات","A statistical measure of changes in the prices of a fixed market basket consists of goods and services","يُعد مؤشر تكلفة المعيشة مقياس إحصائي للتغيرات في أسعار سلة أسهم السوق من السلع والخدمات","Food and Beverages","الغذاء والمشروبات","0.00","","","","","Cost of Living - Food and Beverages","False","False","","3d027509-2bb6-4915-b218-63311478fc3a","NA","غير متاح","NA","01ceed6f-d4e2-492d-926b-176b9c7cb3b6","Increase","زيادة","increase","1d67db34-e759-4b18-ad15-0820d1e99791","Numeric","رقمية","numeric","603b0af1-70bf-4257-8f57-4861e33ae17c","National Planning Council","المجلس الوطني للتخطيط","npc","e389a8df-ca73-45c6-843a-a9624f54b150","Max","أقصى","max","4bf72625-9589-4588-913c-f36d5c7b2423","Manual","يدوياً","manual","5/24/2026 1:56:34 PM",""
"4a02258e-79c1-4911-a4d2-08deb9658cc1","5e2b1deb-f90b-4d8a-23cf-08deb9658cc0","adb4e2e9-6166-4a75-876e-c43d3501eff5","False","Cost of Living - Transport","تكلفة المعيشة - النقل","A statistical measure of changes in the prices of a fixed market basket consists of goods and services","يُعد مؤشر تكلفة المعيشة مقياس إحصائي للتغيرات في أسعار سلة أسهم السوق من السلع والخدمات","Transport","النقل","0.00","","","","","Cost of Living - Transport","False","False","","3d027509-2bb6-4915-b218-63311478fc3a","NA","غير متاح","NA","01ceed6f-d4e2-492d-926b-176b9c7cb3b6","Increase","زيادة","increase","1d67db34-e759-4b18-ad15-0820d1e99791","Numeric","رقمية","numeric","603b0af1-70bf-4257-8f57-4861e33ae17c","National Planning Council","المجلس الوطني للتخطيط","npc","e389a8df-ca73-45c6-843a-a9624f54b150","Max","أقصى","max","4bf72625-9589-4588-913c-f36d5c7b2423","Manual","يدوياً","manual","5/24/2026 1:56:34 PM",""
"8f8a357c-0c04-47c9-a4d3-08deb9658cc1","5e2b1deb-f90b-4d8a-23cf-08deb9658cc0","020d8c70-3540-4898-9a96-bdd3501cbab1","False","Cost of Living - Recreation and Culture","تكلفة المعيشة - الترفيه والثقافة","A statistical measure of changes in the prices of a fixed market basket consists of goods and services","يُعد مؤشر تكلفة المعيشة مقياس إحصائي للتغيرات في أسعار سلة أسهم السوق من السلع والخدمات","Recreation and Culture","الترفيه والثقافة","0.00","","","","","Cost of Living - Recreation and Culture","False","False","","3d027509-2bb6-4915-b218-63311478fc3a","NA","غير متاح","NA","01ceed6f-d4e2-492d-926b-176b9c7cb3b6","Increase","زيادة","increase","1d67db34-e759-4b18-ad15-0820d1e99791","Numeric","رقمية","numeric","603b0af1-70bf-4257-8f57-4861e33ae17c","National Planning Council","المجلس الوطني للتخطيط","npc","e389a8df-ca73-45c6-843a-a9624f54b150","Max","أقصى","max","4bf72625-9589-4588-913c-f36d5c7b2423","Manual","يدوياً","manual","5/24/2026 1:56:34 PM",""
"5fc80a2a-3ba5-4303-a4d4-08deb9658cc1","5e2b1deb-f90b-4d8a-23cf-08deb9658cc0","bc49d2ec-70db-47b9-a72f-c78bf1844633","False","Cost of Living - Furniture and Household Equipment","تكلفة المعيشة - الأثاث والأجهزة المنزلية","A statistical measure of changes in the prices of a fixed market basket consists of goods and services","يُعد مؤشر تكلفة المعيشة مقياس إحصائي للتغيرات في أسعار سلة أسهم السوق من السلع والخدمات","Furnishings, Houshold Equipment","الأثاث والأجهزة المنزلية","0.00","","","","","Cost of Living - Furnishings, Houshold Equipment","False","False","","3d027509-2bb6-4915-b218-63311478fc3a","NA","غير متاح","NA","01ceed6f-d4e2-492d-926b-176b9c7cb3b6","Increase","زيادة","increase","1d67db34-e759-4b18-ad15-0820d1e99791","Numeric","رقمية","numeric","603b0af1-70bf-4257-8f57-4861e33ae17c","National Planning Council","المجلس الوطني للتخطيط","npc","e389a8df-ca73-45c6-843a-a9624f54b150","Max","أقصى","max","4bf72625-9589-4588-913c-f36d5c7b2423","Manual","يدوياً","manual","5/24/2026 1:56:34 PM",""
"f003d8db-8721-41e7-a4d5-08deb9658cc1","5e2b1deb-f90b-4d8a-23cf-08deb9658cc0","2a8d888f-1ad6-47f6-bf72-260e10c0c29a","True","Cost of Living - Housing and Utilities","تكلفة المعيشة - السكن والمرافق","<p>A statistical measure of changes in the prices of a fixed market basket consists of goods and services</p>","<p>يُعد مؤشر تكلفة المعيشة مقياس إحصائي للتغيرات في أسعار سلة أسهم السوق من السلع والخدمات</p>","Housing and Utilities","السكن والمياه والكهرباء والغاز وأنواع الوقود الأخرى","0.00","96.04","2020","97.9608","2030","Cost of Living - Housing and Utilities","False","False","","3d027509-2bb6-4915-b218-63311478fc3a","NA","غير متاح","NA","01ceed6f-d4e2-492d-926b-176b9c7cb3b6","Increase","زيادة","increase","1d67db34-e759-4b18-ad15-0820d1e99791","Numeric","رقمية","numeric","603b0af1-70bf-4257-8f57-4861e33ae17c","National Planning Council","المجلس الوطني للتخطيط","npc","e389a8df-ca73-45c6-843a-a9624f54b150","Max","أقصى","max","4bf72625-9589-4588-913c-f36d5c7b2423","Manual","يدوياً","manual","5/24/2026 1:56:34 PM",""
"70955736-838f-4949-8b84-08deb9669260","86b1f4d0-454c-460b-ff6e-08deb966925e","ff26e752-8028-4eaa-a210-4658e7533f3a","False","Roll-on/Roll-off","سفن ""رورو""","<p>Roll-on/Roll-off</p>","<p>سفن ""رورو""&nbsp;</p>","Roll-on/Roll-off","سفن ""رورو""","","","","","","","False","False","","9cb4fbc2-44c0-4be7-a815-7d204918c930","million ton-km","مليون طن-كيلومتر","milliontonkm","01ceed6f-d4e2-492d-926b-176b9c7cb3b6","Increase","زيادة","increase","1d67db34-e759-4b18-ad15-0820d1e99791","Numeric","رقمية","numeric","f1ddbcf5-b142-406a-9f50-f7663f044e8d","International Monetary Fund","صندوق النقد الدولي","","7cf442e4-1792-4837-a26c-2b99be6cb3e3","Sum","مجموع","sum","4bf72625-9589-4588-913c-f36d5c7b2423","Manual","يدوياً","manual","5/24/2026 10:57:09 AM",""
"ee18a944-4692-412d-8b85-08deb9669260","86b1f4d0-454c-460b-ff6e-08deb966925e","f8c0cc58-5b85-41ea-b890-4607650edf49","True","Total Volume","الحجم الكلي","<p>The index measures the estimated monthly cargo volume, in million tonnes, transiting through the Strait of Hormuz by vessel type. It captures the physical scale of trade flows passing through the chokepoint, including tankers, container vessels, dry bulk vessels, general cargo vessels, and roll-on/roll-off vessels.</p>","<p>يقيس المؤشر الحجم التقديري الشهري للشحنات العابرة عبر مضيق هرمز   ، بالمليون طن   ، وفقًا لنوع السفن. ويعكس المؤشر الحجم الفعلي للتدفقات التجارية المارة عبر هذا الممر البحري الحيوي   ، بما يشمل ناقلات النفط   ، وسفن الحاويات   ، وسفن البضائع السائبة الجافة   ، وسفن البضائع العامة   ، وسفن نقل المركبات والمعدات.</p>","Total Volume","الحجم الكلي","","","","","","","False","False","","9cb4fbc2-44c0-4be7-a815-7d204918c930","million ton-km","مليون طن-كيلومتر","milliontonkm","01ceed6f-d4e2-492d-926b-176b9c7cb3b6","Increase","زيادة","increase","1d67db34-e759-4b18-ad15-0820d1e99791","Numeric","رقمية","numeric","f1ddbcf5-b142-406a-9f50-f7663f044e8d","International Monetary Fund","صندوق النقد الدولي","","7cf442e4-1792-4837-a26c-2b99be6cb3e3","Sum","مجموع","sum","4bf72625-9589-4588-913c-f36d5c7b2423","Manual","يدوياً","manual","5/24/2026 10:57:09 AM",""
"ac5700f9-1c20-4a3b-8b86-08deb9669260","86b1f4d0-454c-460b-ff6e-08deb966925e","5ef7bc77-f33e-4dd4-87fd-b39b5699dcbb","False","General Cargo","سفن البضائع العامة","<p>General Cargo</p>","<p>سفن البضائع العامة</p>","General Cargo","سفن البضائع العامة","","","","","","","False","False","","9cb4fbc2-44c0-4be7-a815-7d204918c930","million ton-km","مليون طن-كيلومتر","milliontonkm","01ceed6f-d4e2-492d-926b-176b9c7cb3b6","Increase","زيادة","increase","1d67db34-e759-4b18-ad15-0820d1e99791","Numeric","رقمية","numeric","f1ddbcf5-b142-406a-9f50-f7663f044e8d","International Monetary Fund","صندوق النقد الدولي","","7cf442e4-1792-4837-a26c-2b99be6cb3e3","Sum","مجموع","sum","4bf72625-9589-4588-913c-f36d5c7b2423","Manual","يدوياً","manual","5/24/2026 10:57:09 AM",""
"40dbd7f4-b84f-4b89-8b87-08deb9669260","86b1f4d0-454c-460b-ff6e-08deb966925e","1b83941b-03bb-4d4f-8ccb-238c37092a1f","False","Tanker","ناقلات","<p>Tanker</p>","<p>ناقلات</p>","Tanker","ناقلات","","","","","","","False","False","","9cb4fbc2-44c0-4be7-a815-7d204918c930","million ton-km","مليون طن-كيلومتر","milliontonkm","01ceed6f-d4e2-492d-926b-176b9c7cb3b6","Increase","زيادة","increase","1d67db34-e759-4b18-ad15-0820d1e99791","Numeric","رقمية","numeric","f1ddbcf5-b142-406a-9f50-f7663f044e8d","International Monetary Fund","صندوق النقد الدولي","","7cf442e4-1792-4837-a26c-2b99be6cb3e3","Sum","مجموع","sum","4bf72625-9589-4588-913c-f36d5c7b2423","Manual","يدوياً","manual","5/24/2026 10:57:09 AM",""
"3f427a5a-752c-4c6a-8b88-08deb9669260","86b1f4d0-454c-460b-ff6e-08deb966925e","bad70983-9d6a-4bc6-9fe8-27c001cc8c35","False","Container","سفن الحاويات","<p>Container</p>","<p>سفن الحاويات</p>","Container","سفن الحاويات","","","","","","","False","False","","9cb4fbc2-44c0-4be7-a815-7d204918c930","million ton-km","مليون طن-كيلومتر","milliontonkm","01ceed6f-d4e2-492d-926b-176b9c7cb3b6","Increase","زيادة","increase","1d67db34-e759-4b18-ad15-0820d1e99791","Numeric","رقمية","numeric","f1ddbcf5-b142-406a-9f50-f7663f044e8d","International Monetary Fund","صندوق النقد الدولي","","7cf442e4-1792-4837-a26c-2b99be6cb3e3","Sum","مجموع","sum","4bf72625-9589-4588-913c-f36d5c7b2423","Manual","يدوياً","manual","5/24/2026 10:57:09 AM",""
"392121e6-1699-4a56-8b89-08deb9669260","86b1f4d0-454c-460b-ff6e-08deb966925e","6abbd321-1d19-49ec-acc7-5030ec64bc98","False","Dry Bulk","سفن البضائع السائبة الجافة","<p>Dry Bulk</p>","<p>سفن البضائع السائبة الجافة</p>","Dry Bulk","سفن البضائع السائبة الجافة","","","","","","","False","False","","9cb4fbc2-44c0-4be7-a815-7d204918c930","million ton-km","مليون طن-كيلومتر","milliontonkm","01ceed6f-d4e2-492d-926b-176b9c7cb3b6","Increase","زيادة","increase","1d67db34-e759-4b18-ad15-0820d1e99791","Numeric","رقمية","numeric","f1ddbcf5-b142-406a-9f50-f7663f044e8d","International Monetary Fund","صندوق النقد الدولي","","7cf442e4-1792-4837-a26c-2b99be6cb3e3","Sum","مجموع","sum","4bf72625-9589-4588-913c-f36d5c7b2423","Manual","يدوياً","manual","5/24/2026 10:57:09 AM",""
"71edf568-fe8d-4eeb-8b8a-08deb9669260","abcf9092-a2e6-4b5b-ff6f-08deb966925e","c47daa1c-386f-4788-ab40-7c144499c690","False","China","الصين","<p>China</p>","<p>الصين</p>","China","الصين","0.0","","","","","","False","False","","b4689657-7066-4e3c-a609-fa59fb68104c","m QAR","مليون ريال قطري","m QAR","01ceed6f-d4e2-492d-926b-176b9c7cb3b6","Increase","زيادة","increase","1d67db34-e759-4b18-ad15-0820d1e99791","Numeric","رقمية","numeric","603b0af1-70bf-4257-8f57-4861e33ae17c","National Planning Council","المجلس الوطني للتخطيط","npc","7cf442e4-1792-4837-a26c-2b99be6cb3e3","Sum","مجموع","sum","4bf72625-9589-4588-913c-f36d5c7b2423","Manual","يدوياً","manual","5/24/2026 11:02:22 AM",""
"26975cca-e3a4-4f80-8b8b-08deb9669260","abcf9092-a2e6-4b5b-ff6f-08deb966925e","239907f2-6d71-40d2-bbce-565055decedc","False","Japan","اليابان","<p>Japan</p>","<p>اليابان</p>","Japan","اليابان","0.0","","","","","","False","False","","b4689657-7066-4e3c-a609-fa59fb68104c","m QAR","مليون ريال قطري","m QAR","01ceed6f-d4e2-492d-926b-176b9c7cb3b6","Increase","زيادة","increase","1d67db34-e759-4b18-ad15-0820d1e99791","Numeric","رقمية","numeric","603b0af1-70bf-4257-8f57-4861e33ae17c","National Planning Council","المجلس الوطني للتخطيط","npc","7cf442e4-1792-4837-a26c-2b99be6cb3e3","Sum","مجموع","sum","4bf72625-9589-4588-913c-f36d5c7b2423","Manual","يدوياً","manual","5/24/2026 11:02:22 AM",""
"125a4faf-9af0-4c4e-8b8c-08deb9669260","abcf9092-a2e6-4b5b-ff6f-08deb966925e","5f896104-6449-4588-b2f2-bceca7b42eb9","False","Others","آخرون","<p>Others</p>","<p>آخرون</p>","Others","آخرون","0.0","","","","","","False","False","","b4689657-7066-4e3c-a609-fa59fb68104c","m QAR","مليون ريال قطري","m QAR","01ceed6f-d4e2-492d-926b-176b9c7cb3b6","Increase","زيادة","increase","1d67db34-e759-4b18-ad15-0820d1e99791","Numeric","رقمية","numeric","603b0af1-70bf-4257-8f57-4861e33ae17c","National Planning Council","المجلس الوطني للتخطيط","npc","7cf442e4-1792-4837-a26c-2b99be6cb3e3","Sum","مجموع","sum","4bf72625-9589-4588-913c-f36d5c7b2423","Manual","يدوياً","manual","5/24/2026 11:02:22 AM",""
"0e07d1dd-367c-4a39-8b8d-08deb9669260","abcf9092-a2e6-4b5b-ff6f-08deb966925e","3560dca4-c2ec-418c-8412-36b03a68f52b","False","Germany","ألمانيا","<p>Germany</p>","<p>ألمانيا</p>","Germany","ألمانيا","0.0","","","","","","False","False","","b4689657-7066-4e3c-a609-fa59fb68104c","m QAR","مليون ريال قطري","m QAR","01ceed6f-d4e2-492d-926b-176b9c7cb3b6","Increase","زيادة","increase","1d67db34-e759-4b18-ad15-0820d1e99791","Numeric","رقمية","numeric","603b0af1-70bf-4257-8f57-4861e33ae17c","National Planning Council","المجلس الوطني للتخطيط","npc","7cf442e4-1792-4837-a26c-2b99be6cb3e3","Sum","مجموع","sum","4bf72625-9589-4588-913c-f36d5c7b2423","Manual","يدوياً","manual","5/24/2026 11:02:22 AM",""
"ba030477-caf3-4c21-8b8e-08deb9669260","abcf9092-a2e6-4b5b-ff6f-08deb966925e","20a6a83d-2553-43bc-8817-93e07ce1f9bd","True","Total Helium Exports","إجمالي صادرات الهيليوم","<p>Qatar Helium / Rare Gases Exports by Destination measures the monthly value of Qatar’s exports under HS 2804 to key destination countries. The indicator illustrates Qatar’s role in supplying strategic industrial gases to global markets and highlights the concentration of demand across advanced industrial and technology-linked economies.</p>","<p>يرصد هذا المؤشر ويقيس القيمة الشهرية لصادرات قطر المُدرَجة تحت البند الجمركي HS 2804 إلى أبرز الدول المستوردة. ويُجسِّد هذا المؤشّر دور دولة قطر في تزويد الأسواق العالمية بالغازات الصناعية الاستراتيجية    ، ويُبرز تركّز الطلب في الاقتصادات الصناعية المتقدّمة والمرتبطة بالقطاعات التكنولوجية.</p>","Total Helium Exports","إجمالي صادرات الهيليوم","0.0","","","","","","False","False","","b4689657-7066-4e3c-a609-fa59fb68104c","m QAR","مليون ريال قطري","m QAR","01ceed6f-d4e2-492d-926b-176b9c7cb3b6","Increase","زيادة","increase","1d67db34-e759-4b18-ad15-0820d1e99791","Numeric","رقمية","numeric","603b0af1-70bf-4257-8f57-4861e33ae17c","National Planning Council","المجلس الوطني للتخطيط","npc","7cf442e4-1792-4837-a26c-2b99be6cb3e3","Sum","مجموع","sum","4bf72625-9589-4588-913c-f36d5c7b2423","Manual","يدوياً","manual","5/24/2026 11:02:22 AM",""
"a3b8080f-a97b-46ee-8b8f-08deb9669260","abcf9092-a2e6-4b5b-ff6f-08deb966925e","8463b3c7-8e2a-4dcc-816d-63e0420e1ace","False","USA","الولايات المتحدة الأمريكية","<p>USA</p>","<p>الولايات المتحدة الأمريكية</p>","USA","الولايات المتحدة الأمريكية","0.0","","","","","","False","False","","b4689657-7066-4e3c-a609-fa59fb68104c","m QAR","مليون ريال قطري","m QAR","01ceed6f-d4e2-492d-926b-176b9c7cb3b6","Increase","زيادة","increase","1d67db34-e759-4b18-ad15-0820d1e99791","Numeric","رقمية","numeric","603b0af1-70bf-4257-8f57-4861e33ae17c","National Planning Council","المجلس الوطني للتخطيط","npc","7cf442e4-1792-4837-a26c-2b99be6cb3e3","Sum","مجموع","sum","4bf72625-9589-4588-913c-f36d5c7b2423","Manual","يدوياً","manual","5/24/2026 11:02:22 AM",""
"7a5e47bd-9486-4005-8b90-08deb9669260","abcf9092-a2e6-4b5b-ff6f-08deb966925e","e05b6feb-951a-4f71-bb9b-919203a88b22","False","France","فرنسا","<p>France</p>","<p>فرنسا</p>","France","فرنسا","0.0","","","","","","False","False","","b4689657-7066-4e3c-a609-fa59fb68104c","m QAR","مليون ريال قطري","m QAR","01ceed6f-d4e2-492d-926b-176b9c7cb3b6","Increase","زيادة","increase","1d67db34-e759-4b18-ad15-0820d1e99791","Numeric","رقمية","numeric","603b0af1-70bf-4257-8f57-4861e33ae17c","National Planning Council","المجلس الوطني للتخطيط","npc","7cf442e4-1792-4837-a26c-2b99be6cb3e3","Sum","مجموع","sum","4bf72625-9589-4588-913c-f36d5c7b2423","Manual","يدوياً","manual","5/24/2026 11:02:22 AM",""
"bad6d404-03b4-49cf-8b91-08deb9669260","abcf9092-a2e6-4b5b-ff6f-08deb966925e","8590951e-88a8-49c5-8587-c9bfbfbbf0cc","False","UAE","الإمارات العربية المتحدة","<p>UAE</p>","<p>الإمارات العربية المتحدة</p>","UAE","الإمارات العربية المتحدة","0.0","","","","","","False","False","","b4689657-7066-4e3c-a609-fa59fb68104c","m QAR","مليون ريال قطري","m QAR","01ceed6f-d4e2-492d-926b-176b9c7cb3b6","Increase","زيادة","increase","1d67db34-e759-4b18-ad15-0820d1e99791","Numeric","رقمية","numeric","603b0af1-70bf-4257-8f57-4861e33ae17c","National Planning Council","المجلس الوطني للتخطيط","npc","7cf442e4-1792-4837-a26c-2b99be6cb3e3","Sum","مجموع","sum","4bf72625-9589-4588-913c-f36d5c7b2423","Manual","يدوياً","manual","5/24/2026 11:02:22 AM",""
"d11b1e63-a2d2-453f-8b92-08deb9669260","2edd52f8-2cf0-492a-ff70-08deb966925e","b5021bc3-ff87-4964-8f0d-7e68d8c31343","False","Agriculture","الزراعة","<p>Agriculture</p>","<p>الزراعة</p>","Agriculture","الزراعة","0.00","","","","","","False","False","","c1907401-bfdb-41f3-7251-08deb96881bd","Index Points","نقطة مؤشر","indexpoints","01ceed6f-d4e2-492d-926b-176b9c7cb3b6","Increase","زيادة","increase","1d67db34-e759-4b18-ad15-0820d1e99791","Numeric","رقمية","numeric","7e05a934-023e-4dce-9e97-f38b98f2b55d","World Bank","البنك الدولي","worldbank","7cf442e4-1792-4837-a26c-2b99be6cb3e3","Sum","مجموع","sum","4bf72625-9589-4588-913c-f36d5c7b2423","Manual","يدوياً","manual","5/24/2026 11:08:24 AM",""
"eb9ac09f-2d08-4a7c-8b93-08deb9669260","2edd52f8-2cf0-492a-ff70-08deb966925e","c03416c4-0833-4a21-a1bc-349a29846756","False","Non-energy","السلع غير الطاقية","<p>Non-energy</p>","<p>السلع غير الطاقية</p>","Non-energy","السلع غير الطاقية","0.00","","","","","","False","False","","c1907401-bfdb-41f3-7251-08deb96881bd","Index Points","نقطة مؤشر","indexpoints","01ceed6f-d4e2-492d-926b-176b9c7cb3b6","Increase","زيادة","increase","1d67db34-e759-4b18-ad15-0820d1e99791","Numeric","رقمية","numeric","7e05a934-023e-4dce-9e97-f38b98f2b55d","World Bank","البنك الدولي","worldbank","7cf442e4-1792-4837-a26c-2b99be6cb3e3","Sum","مجموع","sum","4bf72625-9589-4588-913c-f36d5c7b2423","Manual","يدوياً","manual","5/24/2026 11:08:24 AM",""
"f451a1ff-c489-42d7-8b94-08deb9669260","2edd52f8-2cf0-492a-ff70-08deb966925e","25f851fe-3493-48f0-a8fc-657965a01b62","True","Monthly Change in Nominal Price Index","التغير الشهري في مؤشر الأسعار الاسمي","<p>This indicator measures the monthly change in global price indices at current (nominal) prices, reflecting percentage changes in prices as measured without excluding the effect of inflation. It captures actual movements in the prices of commodities, energy, food, agriculture, and production inputs. The indicator is influenced by factors such as supply chain disruptions, energy price volatility, geopolitical tensions, shipping costs, and global demand. It is particularly sensitive to fluctuations affecting strategic trade routes such as the Strait of Hormuz.</p>","<p>يقيس هذا المؤشر التغير الشهري في مؤشرات الأسعار العالمية بالأسعار الجارية (الإسمية)    ، أي التغيرات المئوية في الأسعار كما تُقاس بالأسعار الحالية دون استبعاد أثر التضخم. ويعكس المؤشر التحركات الفعلية في أسعار السلع الأساسية والطاقة والغذاء والزراعة ومدخلات الإنتاج    ، كما يتأثر بعوامل مثل اضطرابات سلاسل الإمداد    ، وتقلبات أسعار الطاقة    ، والتوترات الجيوسياسية    ، وتكاليف الشحن    ، والطلب العالمي. ويتأثر هذا المؤشر بشكل خاص بالتقلبات التي تشهدها الممرات التجارية الاستراتيجية على غرار مضيق هرمز.</p>","Energy","الطاقة","0.00","100","2010","","","","False","False","","c1907401-bfdb-41f3-7251-08deb96881bd","Index Points","نقطة مؤشر","indexpoints","01ceed6f-d4e2-492d-926b-176b9c7cb3b6","Increase","زيادة","increase","1d67db34-e759-4b18-ad15-0820d1e99791","Numeric","رقمية","numeric","7e05a934-023e-4dce-9e97-f38b98f2b55d","World Bank","البنك الدولي","worldbank","7cf442e4-1792-4837-a26c-2b99be6cb3e3","Sum","مجموع","sum","4bf72625-9589-4588-913c-f36d5c7b2423","Manual","يدوياً","manual","5/24/2026 11:08:24 AM",""
"0fed25b6-f1f8-40e0-8b95-08deb9669260","2edd52f8-2cf0-492a-ff70-08deb966925e","75a27662-796a-4bb1-9dc2-70466cb4c6a0","False","Fertilizers","الأسمدة","<p>Fertilizers</p>","<p>الأسمدة</p>","Fertilizers","الأسمدة","0.00","","","","","","False","False","","c1907401-bfdb-41f3-7251-08deb96881bd","Index Points","نقطة مؤشر","indexpoints","01ceed6f-d4e2-492d-926b-176b9c7cb3b6","Increase","زيادة","increase","1d67db34-e759-4b18-ad15-0820d1e99791","Numeric","رقمية","numeric","7e05a934-023e-4dce-9e97-f38b98f2b55d","World Bank","البنك الدولي","worldbank","7cf442e4-1792-4837-a26c-2b99be6cb3e3","Sum","مجموع","sum","4bf72625-9589-4588-913c-f36d5c7b2423","Manual","يدوياً","manual","5/24/2026 11:08:24 AM",""
"9facb8b5-a605-4cc8-8b96-08deb9669260","2edd52f8-2cf0-492a-ff70-08deb966925e","93e3cd75-869b-47a2-9574-34d1fdd68ad5","False","Food","الغذاء","<p>Food</p>","<p>الغذاء&nbsp;</p>","Food","الغذاء","0.00","","","","","","False","False","","c1907401-bfdb-41f3-7251-08deb96881bd","Index Points","نقطة مؤشر","indexpoints","01ceed6f-d4e2-492d-926b-176b9c7cb3b6","Increase","زيادة","increase","1d67db34-e759-4b18-ad15-0820d1e99791","Numeric","رقمية","numeric","7e05a934-023e-4dce-9e97-f38b98f2b55d","World Bank","البنك الدولي","worldbank","7cf442e4-1792-4837-a26c-2b99be6cb3e3","Sum","مجموع","sum","4bf72625-9589-4588-913c-f36d5c7b2423","Manual","يدوياً","manual","5/24/2026 11:08:24 AM",""
"4c431629-e3eb-4036-60c3-08debee63662","f10efb73-ea8f-49a8-dfd3-08debee6364f","925c1174-6bac-4d85-9812-28bdf943635f","True","Global Merchandise Trade Growth","النمو السنوي لتجارة السلع","<p>This economic indicator measures the annual change in the volume and value of goods traded globally across international markets. It reflects the performance of global trade activity and supply chains and is influenced by factors such as economic growth, energy prices, geopolitical tensions, shipping costs, and global demand. The indicator is particularly sensitive to disruptions in strategic trade routes such as the Strait of Hormuz. It also shows whether the real flow of traded goods worldwide is growing or slowing, excluding the effect of inflation.</p>","<p>يقيس هذا المؤشر الاقتصادي التغير السنوي في حجم وقيمة السلع المتداولة عالميًا في الأسواق الدولية. ويعكس أداء النشاط التجاري العالمي وسلاسل الإمداد          ، كما يتأثر بعوامل متعددة مثل النمو الاقتصادي          ، وأسعار الطاقة          ، والتوترات الجيوسياسية          ، وتكاليف الشحن          ، والطلب العالمي. ويتأثر هذا المؤشر بشكل خاص بالاضطرابات التي تشهدها الممرات التجارية الاستراتيجية ومن أهمها مضيق هرمز. كما يبين هذا المؤشر النمو أو التباطؤ الذي يشهده التدفق الحقيقي للسلع المتداولة عالميًا باستثناء تأثير التضخم.</p>","Annual Merchandise Trade Growth","النمو السنوي لتجارة السلع",".00","","","","","","False","False","","a4ede074-5957-46ab-a6e6-341e291f2080","%","%","%","01ceed6f-d4e2-492d-926b-176b9c7cb3b6","Increase","زيادة","increase","1d67db34-e759-4b18-ad15-0820d1e99791","Numeric","رقمية","numeric","52d753bd-6120-4bd3-8806-026f90a4e659","UNCTAD","مؤتمر الأمم المتحدة للتجارة والتنمية","unctad","7cf442e4-1792-4837-a26c-2b99be6cb3e3","Sum","مجموع","sum","4bf72625-9589-4588-913c-f36d5c7b2423","Manual","يدوياً","manual","5/31/2026 11:38:15 AM",""
"6c2ec1e3-860f-4b3f-60c6-08debee63662","c65e0835-1de9-41f1-dfd6-08debee6364f","89e4b51e-2864-4a8f-f4a3-08dd8c9b779d","True","Global Food Security Index (GFSI) Rank","ترتيب دولة قطر في مؤشر الأمن الغذائي العالمي","Qatar’s ranking in the Global Food Security Index 2022 fell from 24th in 2021 to 30th in 2022. This decline was due to a drop in the sub-indices “Access to Agricultural Technology, Education, and Resources,” and “Agricultural Water Risk – Quality”.","تراجع ترتيب دولة قطر في مؤشر الأمن الغذائي العالمي 2022 من المرتبة 24 في العام 2021 إلى المرتبة 30 في العام 2022. يُعزى هذا الانخفاض إلى تراجع مجموع نقاط قطر في المؤشرين الفرعيين ""إمكانية الوصول إلى التكنولوجيا الزراعية والتعليم والموارد المستخدمة"" و""مخاطر المياه – الجودة"".","Global Food Security Index (GFSI) Rank","ترتيب دولة قطر في مؤشر الأمن الغذائي العالمي","00","30","2022","15","2030","Global Food Security Index (GFSI) Rank","False","False","","8bff6dcb-b878-4602-8580-62f9f223958a","Rank","الترتيب","rank","6b8715ba-be56-493a-8b21-28c104b71b6d","Decrease","انخفاض","decrease","1d67db34-e759-4b18-ad15-0820d1e99791","Numeric","رقمية","numeric","2c7c6b76-08d4-4c16-8335-eb9d788352cc","Economist Impact","إيكونيميست إمباكت","ei","d4fcceee-b555-4b9f-b78f-027d74f0dd16","None","لا شيء","none","086235a4-0f6b-48d1-8de3-11218bbbf1fd","Data Warehouse","مستودع البيانات","dwh","6/2/2026 1:27:00 PM",""
"8a047c16-e933-48cd-60c9-08debee63662","26384945-9579-4e96-dfd9-08debee6364f","9c9fa8a6-a63b-499c-b472-f65a6537b4eb","True","Number of licensed FinTech & InsurTech players","عدد شركات التكنولوجيات المالية وتكنولوجيات التأمين المرخصة","<p>Number of Licensed FinTech &amp; InsurTech Players</p>","<p>عدد شركات التكنولوجيات المالية وتكنولوجيات التأمين المرخصة</p>","Number of licensed FinTech & InsurTech players","عدد شركات التكنولوجيات المالية وتكنولوجيات التأمين المرخصة","0","6","2023","35","2030","","False","False","","6666d77f-957a-4a59-92d4-ba482e3b9ecc","Count","العدد","count","01ceed6f-d4e2-492d-926b-176b9c7cb3b6","Increase","زيادة","increase","1d67db34-e759-4b18-ad15-0820d1e99791","Numeric","رقمية","numeric","147da856-dcc2-4e84-b8ae-dfaf95efb2aa","Qatar Central Bank","مصرف قطر المركزي","qcb","d4fcceee-b555-4b9f-b78f-027d74f0dd16","None","لا شيء","none","4bf72625-9589-4588-913c-f36d5c7b2423","Manual","يدوياً","manual","6/4/2026 7:57:08 AM",""
"70e23b54-5476-492a-7a4a-08dec461c23d","edde655f-0d43-4a62-980c-08dec461c232","21275e14-0111-4ac8-942c-9eac4ad7d172","True","Sector Contribution To GDP","مساهمة القطاع في الناتج المحلي الإجمالي","<p>Sector Contribution to GDP in Agriculture and Livestock reflects the share of national economic output generated from farming, crop production, and animal husbandry. This sector is vital for food supply, raw materials, and rural employment. Tracking its contribution helps assess its role in economic development, especially for countries seeking diversification and stronger food security.</p>","<p>يقيس مؤشر مساهمة القطاع في الناتج المحلي الإجمالي حصة قطاع الزراعة والإنتاج الحيواني والسمكي وأنشطة الزراعة                             ، مثل إنتاج المحاصيل                             ، تربية الماشية                             ، ورعاية الحيوان من الناتج المحلي الإجمالي للاقتصاد الدولة. يلعب هذا القطاع دورًا حيويًا في توفير الغذاء                             ، والمواد الخام                             ، ودعم فرص التوظيف في المناطق الريفية. يساعد المؤشر على فهم دور صناعة القطاع في التنمية الاقتصادية                             ، لا سيما في الدول التي تهدف إلى تنويع اقتصاداتها وتعزيز أمنها الغذائي</p>","Sector Contribution To GDP (Agriculture & Livestock)","مساهمة القطاع في الناتج المحلي الإجمالي (الزراعة والإنتاج الحيواني والسمكي)","bn0.00","","","","","Sector Contribution To GDP (Agriculture & Livestock)","False","False","","06b275ce-19b8-4d37-96bd-c0d58533add9","QAR","ر.ق","qar","01ceed6f-d4e2-492d-926b-176b9c7cb3b6","Increase","زيادة","increase","1d67db34-e759-4b18-ad15-0820d1e99791","Numeric","رقمية","numeric","603b0af1-70bf-4257-8f57-4861e33ae17c","National Planning Council","المجلس الوطني للتخطيط","npc","7cf442e4-1792-4837-a26c-2b99be6cb3e3","Sum","مجموع","sum","086235a4-0f6b-48d1-8de3-11218bbbf1fd","Data Warehouse","مستودع البيانات","dwh","6/7/2026 9:55:28 AM",""
"6d594200-9f01-445c-7a4b-08dec461c23d","56334e27-e32b-4163-980d-08dec461c232","af28efd4-addd-4298-f4a4-08dd8c9b779d","True","Crop Yield  - Vegetables, Greenhouses","إنتاجية المحاصيل - الخضراوات               ، البيوت المحمية","The term Crop Yield  - Vegetables, Greenhouses refers to the quantity of vegetables produced per unit area within a greenhouse environment. Greenhouses provide controlled conditions that can enhance plant growth, leading to higher yields compared to traditional open-field cultivation. This method allows for year-round production, efficient use of space, and protection from adverse weather conditions","يُشير مصطلح ""إنتاجية المحاصيل - الخضروات               ، البيوت المحمية"" إلى كمية الخضروات المنتجة لكل وحدة مساحة في البيوت المحمية. توفر البيوت الزجاجية ظروفًا محكمة تعزز من نمو النباتات               ، مما يؤدي إلى تحقيق إنتاجية أعلى مقارنة بالزراعة التقليدية في الحقول المفتوحة. تتيح هذه الطريقة استمرار الإنتاج على مدار العام               ، والاستخدام الفعّال للمساحة               ، والحماية من تقلبات المناخ السيئة.","Crop Yield  - Vegetables, Greenhouses","إنتاجية المحاصيل - الخضراوات               ، البيوت المحمية","0.0","100.9","2021","135","2030","Crop Yield  - Vegetables, Greenhouses","False","False","","e0c82b78-a9c1-484a-b3d0-08703fa5176f","MT/ha","طن متري لكل هكتار","mt/ha","01ceed6f-d4e2-492d-926b-176b9c7cb3b6","Increase","زيادة","increase","1d67db34-e759-4b18-ad15-0820d1e99791","Numeric","رقمية","numeric","603b0af1-70bf-4257-8f57-4861e33ae17c","National Planning Council","المجلس الوطني للتخطيط","npc","d4fcceee-b555-4b9f-b78f-027d74f0dd16","None","لا شيء","none","086235a4-0f6b-48d1-8de3-11218bbbf1fd","Data Warehouse","مستودع البيانات","dwh","6/7/2026 9:56:43 AM",""
"47c56938-ded8-4e8e-7a4c-08dec461c23d","e2f78287-077e-48ee-980e-08dec461c232","bf09099b-364e-4ca9-bd38-253580268da9","True","Cost per Student (K-12 Public Schools)","تكلفة الطالب في المدارس الحكومية (رياض الأطفال – المرحلة الثانوية)","-","-","Cost per Student (K-12 Public Schools)","تكلفة الطالب في المدارس الحكومية (رياض الأطفال – المرحلة الثانوية)","0","104.023","2021","","2024","","False","False","","bfdad8d6-b479-4214-b5f1-0d7c8cc27c0d","k QAR","ألف ريال قطري","k QAR","6b8715ba-be56-493a-8b21-28c104b71b6d","Decrease","انخفاض","decrease","1d67db34-e759-4b18-ad15-0820d1e99791","Numeric","رقمية","numeric","0be7cb31-3121-4ca0-a0bc-bd2425fc643f","Ministry Of Education And Higher Education","وزارة التربية والتعليم العالي","mehe","d4fcceee-b555-4b9f-b78f-027d74f0dd16","None","لا شيء","none","4bf72625-9589-4588-913c-f36d5c7b2423","Manual","يدوياً","manual","6/7/2026 10:49:19 AM",""
"b59d0271-29c2-4189-7a4e-08dec461c23d","6bb667c0-4287-4db5-9810-08dec461c232","60d62d52-0d35-45f8-8afa-d1f005d9d16e","True","Share of Qataris enrolled in Government Schools out of the Total Number of Qataris in State Schools (Public and Private)","نسبة القطريين الملتحقين بالمدارس الحكومية من مجموع القطريين في مدارس الدولة (الحكومية والخاصة)","-","-","Share of Qataris enrolled in Government Schools out of the Total Number of Qataris in State Schools (Public and Private)","نسبة القطريين الملتحقين بالمدارس الحكومية من مجموع القطريين في مدارس الدولة (الحكومية والخاصة)","0","59","2021","","2024","","False","False","","a4ede074-5957-46ab-a6e6-341e291f2080","%","%","%","01ceed6f-d4e2-492d-926b-176b9c7cb3b6","Increase","زيادة","increase","1d67db34-e759-4b18-ad15-0820d1e99791","Numeric","رقمية","numeric","0be7cb31-3121-4ca0-a0bc-bd2425fc643f","Ministry Of Education And Higher Education","وزارة التربية والتعليم العالي","mehe","d4fcceee-b555-4b9f-b78f-027d74f0dd16","None","لا شيء","none","4bf72625-9589-4588-913c-f36d5c7b2423","Manual","يدوياً","manual","6/11/2026 1:27:50 PM",""
"d6e8d713-37fd-4a6f-7a4f-08dec461c23d","6ed25ef1-d1c4-4c93-9811-08dec461c232","6f1bc5e6-3bd7-4bae-9cfd-4b9660af2b3c","True","Number of Teachers per Admins Staff (K-12 Public Schools), Overall","نسبة المعلمين إلى الإداريين في المدارس الحكومية (رياض الأطفال – المرحلة الثانوية)","-","-","Number of Teachers per Admins Staff (K-12 Public Schools), Overall","نسبة المعلمين إلى الإداريين في المدارس الحكومية (رياض الأطفال – المرحلة الثانوية)","0","1.3","2020","","2024","","False","False","","3d027509-2bb6-4915-b218-63311478fc3a","NA","غير متاح","NA","01ceed6f-d4e2-492d-926b-176b9c7cb3b6","Increase","زيادة","increase","1d67db34-e759-4b18-ad15-0820d1e99791","Numeric","رقمية","numeric","0be7cb31-3121-4ca0-a0bc-bd2425fc643f","Ministry Of Education And Higher Education","وزارة التربية والتعليم العالي","mehe","d4fcceee-b555-4b9f-b78f-027d74f0dd16","None","لا شيء","none","4bf72625-9589-4588-913c-f36d5c7b2423","Manual","يدوياً","manual","6/15/2026 11:51:47 AM",""
"d33516d6-6fa8-4f81-7a7c-08dec461c23d","e6478631-ea19-49ce-9819-08dec461c232","aba4b94a-3271-445f-88d5-b3ab35110369","False","Number of Sector Jobs - Qatari","عدد الوظائف في القطاع - القطريين","<p>Number of Sector Jobs - Qatari</p>","<p>عدد الوظائف في القطاع - القطريين</p>","Number of Sector Jobs - Qatari","عدد الوظائف في القطاع - القطريين","0.0","","","","","","False","False","","2e7c1cb7-7616-4f76-b5ae-0f7a4d681c0b","k","ألف","k","01ceed6f-d4e2-492d-926b-176b9c7cb3b6","Increase","زيادة","increase","1d67db34-e759-4b18-ad15-0820d1e99791","Numeric","رقمية","numeric","603b0af1-70bf-4257-8f57-4861e33ae17c","National Planning Council","المجلس الوطني للتخطيط","npc","7cf442e4-1792-4837-a26c-2b99be6cb3e3","Sum","مجموع","sum","4bf72625-9589-4588-913c-f36d5c7b2423","Manual","يدوياً","manual","6/22/2026 10:57:18 AM",""
"72ae0895-6ed2-4e86-7a7d-08dec461c23d","e6478631-ea19-49ce-9819-08dec461c232","8e34a05b-96f1-467c-a9c3-8a65ec6ba41d","False","Number of Sector Jobs - Non-Qataris","عدد الوظائف في القطاع - غير القطريين","<p>Number of Sector Jobs - Non-Qataris</p>","<p>عدد الوظائف في القطاع - غير القطريين</p>","Number of Sector Jobs - Non-Qataris","عدد الوظائف في القطاع - غير القطريين","0.0","","","","","","False","False","","2e7c1cb7-7616-4f76-b5ae-0f7a4d681c0b","k","ألف","k","01ceed6f-d4e2-492d-926b-176b9c7cb3b6","Increase","زيادة","increase","1d67db34-e759-4b18-ad15-0820d1e99791","Numeric","رقمية","numeric","603b0af1-70bf-4257-8f57-4861e33ae17c","National Planning Council","المجلس الوطني للتخطيط","npc","7cf442e4-1792-4837-a26c-2b99be6cb3e3","Sum","مجموع","sum","4bf72625-9589-4588-913c-f36d5c7b2423","Manual","يدوياً","manual","6/22/2026 10:57:18 AM",""
"f623f0e1-cc8f-4fbf-7a7e-08dec461c23d","e6478631-ea19-49ce-9819-08dec461c232","b65d3ee2-cd29-49ae-3fab-08dd8f9441f4","True","Number of Jobs in the Sector","عدد الوظائف في القطاع","The Number of Jobs refers to the total employment within industries involved in the movement, storage, and distribution of goods and services. This includes jobs in logistics, warehousing, air, sea, rail, and road transport services. Monitoring job numbers in this sector helps evaluate its contribution to employment, economic activity, and the broader workforce's skill development","<p>يُشير مؤشر عدد الوظائف في إلى إجمالي الوظائف داخل الصناعات المعنية بحركة وتخزين وتوزيع السلع والخدمات   ، ويشمل ذلك الوظائف في اللوجستيات   ، والتخزين   ، وخدمات النقل الجوي   ، والبحري   ، والسكك الحديدية   ، والنقل البري. يساعد تتبع أعداد الوظائف في هذا القطاع في تقييم مساهمته في التوظيف في الدولة   ، والنشاط الاقتصادي   ، وتطوير مهارات القوى العاملة بشكل عام</p>","Number of Jobs in the Sector","عدد الوظائف في القطاع","0.0","5.19","2020","14","2030","","False","False","","2e7c1cb7-7616-4f76-b5ae-0f7a4d681c0b","k","ألف","k","01ceed6f-d4e2-492d-926b-176b9c7cb3b6","Increase","زيادة","increase","1d67db34-e759-4b18-ad15-0820d1e99791","Numeric","رقمية","numeric","603b0af1-70bf-4257-8f57-4861e33ae17c","National Planning Council","المجلس الوطني للتخطيط","npc","d4fcceee-b555-4b9f-b78f-027d74f0dd16","None","لا شيء","none","4bf72625-9589-4588-913c-f36d5c7b2423","Manual","يدوياً","manual","6/22/2026 10:57:18 AM",""
"44a7f5b5-ce35-41ff-7a7f-08dec461c23d","db70b0f9-0325-44f2-981a-08dec461c232","3613399a-476c-4363-a53e-df21b03e4c23","False","Education","التعليم","<p>Education</p>","<p>التعليم</p>","Education","التعليم",".0","","","","","","False","False","","1c948c21-21b6-426d-8aa0-b1fb90f3c1f9","bn QAR","مليار رق","bn QAR","01ceed6f-d4e2-492d-926b-176b9c7cb3b6","Increase","زيادة","increase","1d67db34-e759-4b18-ad15-0820d1e99791","Numeric","رقمية","numeric","b415883c-04c1-427f-828b-671b4587c8ac","Ministry Of Finance","وزارة المالية","mof","7cf442e4-1792-4837-a26c-2b99be6cb3e3","Sum","مجموع","sum","4bf72625-9589-4588-913c-f36d5c7b2423","Manual","يدوياً","manual","6/23/2026 9:55:03 AM",""
"76ce73ac-b3d1-410d-7a80-08dec461c23d","db70b0f9-0325-44f2-981a-08dec461c232","b609fada-4d1c-4af6-87f8-88418a54a296","False","Commercial Affairs","الشؤون التجارية","<p>Commercial Affairs</p>","<p>الشؤون التجارية</p>","Commercial Affairs","الشؤون التجارية",".1","","","","","","False","False","","1c948c21-21b6-426d-8aa0-b1fb90f3c1f9","bn QAR","مليار رق","bn QAR","01ceed6f-d4e2-492d-926b-176b9c7cb3b6","Increase","زيادة","increase","1d67db34-e759-4b18-ad15-0820d1e99791","Numeric","رقمية","numeric","b415883c-04c1-427f-828b-671b4587c8ac","Ministry Of Finance","وزارة المالية","mof","7cf442e4-1792-4837-a26c-2b99be6cb3e3","Sum","مجموع","sum","4bf72625-9589-4588-913c-f36d5c7b2423","Manual","يدوياً","manual","6/23/2026 9:55:03 AM",""
"838cf4bd-f9af-458c-7a81-08dec461c23d","db70b0f9-0325-44f2-981a-08dec461c232","5f0d44b8-02ac-46b0-b3f2-ce11b4402d89","False","Social Services","الخدمات الاجتماعية","<p>Social Services</p>","<p>الخدمات الاجتماعية</p>","Social Services","الخدمات الاجتماعية",".1","","","","","","False","False","","1c948c21-21b6-426d-8aa0-b1fb90f3c1f9","bn QAR","مليار رق","bn QAR","01ceed6f-d4e2-492d-926b-176b9c7cb3b6","Increase","زيادة","increase","1d67db34-e759-4b18-ad15-0820d1e99791","Numeric","رقمية","numeric","b415883c-04c1-427f-828b-671b4587c8ac","Ministry Of Finance","وزارة المالية","mof","7cf442e4-1792-4837-a26c-2b99be6cb3e3","Sum","مجموع","sum","4bf72625-9589-4588-913c-f36d5c7b2423","Manual","يدوياً","manual","6/23/2026 9:55:03 AM",""
"3a8acea5-a173-4c87-7a82-08dec461c23d","db70b0f9-0325-44f2-981a-08dec461c232","3a9f1368-eadd-4074-ba98-57c9f32d3aa8","False","Telecommunications","الاتصالات","<p>Telecommunications</p>","<p>الاتصالات</p>","Telecommunications","الاتصالات","","","","","","","False","False","","1c948c21-21b6-426d-8aa0-b1fb90f3c1f9","bn QAR","مليار رق","bn QAR","01ceed6f-d4e2-492d-926b-176b9c7cb3b6","Increase","زيادة","increase","1d67db34-e759-4b18-ad15-0820d1e99791","Numeric","رقمية","numeric","b415883c-04c1-427f-828b-671b4587c8ac","Ministry Of Finance","وزارة المالية","mof","7cf442e4-1792-4837-a26c-2b99be6cb3e3","Sum","مجموع","sum","4bf72625-9589-4588-913c-f36d5c7b2423","Manual","يدوياً","manual","6/23/2026 9:55:03 AM",""
"5b8af3cc-5fe4-4b8e-7a83-08dec461c23d","db70b0f9-0325-44f2-981a-08dec461c232","a1ef0f50-5178-4e3f-95ce-d14fe0905888","False","Tourism & Culture","السياحة والثقافة","<p>Tourism &amp; Culture</p>","<p>السياحة والثقافة</p>","Tourism & Culture","السياحة والثقافة",".1","","","","","","False","False","","1c948c21-21b6-426d-8aa0-b1fb90f3c1f9","bn QAR","مليار رق","bn QAR","01ceed6f-d4e2-492d-926b-176b9c7cb3b6","Increase","زيادة","increase","1d67db34-e759-4b18-ad15-0820d1e99791","Numeric","رقمية","numeric","b415883c-04c1-427f-828b-671b4587c8ac","Ministry Of Finance","وزارة المالية","mof","7cf442e4-1792-4837-a26c-2b99be6cb3e3","Sum","مجموع","sum","4bf72625-9589-4588-913c-f36d5c7b2423","Manual","يدوياً","manual","6/23/2026 9:55:03 AM",""
"f6758c9a-f149-4e82-7a84-08dec461c23d","db70b0f9-0325-44f2-981a-08dec461c232","71150473-dc67-4e35-86a8-4cc30f15dd8b","False","Transportation","النقل","<p>Transportation</p>","<p>النقل</p>","Transportation","النقل","","","","","","","False","False","","1c948c21-21b6-426d-8aa0-b1fb90f3c1f9","bn QAR","مليار رق","bn QAR","01ceed6f-d4e2-492d-926b-176b9c7cb3b6","Increase","زيادة","increase","1d67db34-e759-4b18-ad15-0820d1e99791","Numeric","رقمية","numeric","b415883c-04c1-427f-828b-671b4587c8ac","Ministry Of Finance","وزارة المالية","mof","7cf442e4-1792-4837-a26c-2b99be6cb3e3","Sum","مجموع","sum","4bf72625-9589-4588-913c-f36d5c7b2423","Manual","يدوياً","manual","6/23/2026 9:55:03 AM",""
"354c530a-b694-4f7e-7a85-08dec461c23d","db70b0f9-0325-44f2-981a-08dec461c232","b2eb3095-34fa-4a26-b924-23d9b3b65ded","True","Total Budget","إجمالي الموازنة","<p style=""text-align:justify;"">This indicator shows how the total approved government budget is distributed across key spending sectors — Health, Social Services, Transportation, Telecommunications, and Research &amp; Development and Innovation — alongside the aggregate total. It reveals the government's strategic investment priorities and whether public resources are directed toward sectors that support long-term development and economic diversification. Measured in QR Billion annually, with the 2026 total at QR 220.8 billion.</p>","<p style=""text-align:justify;"">يظهر هذا المؤشر كيف يتم توزيع إجمالي الميزانية الحكومية المعتمدة على قطاعات الإنفاق الرئيسية — الصحة     ، الخدمات الاجتماعية     ، النقل     ، الاتصالات     ، البحث والتطوير والابتكار — إلى جانب الإجمالي الإجمالي. يكشف عن أولويات الحكومة الاستراتيجية الاستثمارية وما إذا كانت الموارد العامة موجهة نحو قطاعات تدعم التنمية طويلة الأمد والتنويع الاقتصادي. يقاس بمليار ريال قطري سنويا     ، مع إجمالي 220.8 مليار ريال قطري لعام 2026.</p>","Total Budget","إجمالي الموازنة",".1","","","","","","False","False","","1c948c21-21b6-426d-8aa0-b1fb90f3c1f9","bn QAR","مليار رق","bn QAR","01ceed6f-d4e2-492d-926b-176b9c7cb3b6","Increase","زيادة","increase","1d67db34-e759-4b18-ad15-0820d1e99791","Numeric","رقمية","numeric","b415883c-04c1-427f-828b-671b4587c8ac","Ministry Of Finance","وزارة المالية","mof","7cf442e4-1792-4837-a26c-2b99be6cb3e3","Sum","مجموع","sum","4bf72625-9589-4588-913c-f36d5c7b2423","Manual","يدوياً","manual","6/23/2026 9:55:03 AM",""
"be2e1d18-a882-4454-7a86-08dec461c23d","db70b0f9-0325-44f2-981a-08dec461c232","3192c45b-2f46-4344-ba43-5de333950c6b","False","Sports & Youth","الرياضة والشباب","<p>Sports &amp; Youth</p>","<p>الرياضة والشباب</p>","Sports & Youth","الرياضة والشباب",".1","","","","","","False","False","","1c948c21-21b6-426d-8aa0-b1fb90f3c1f9","bn QAR","مليار رق","bn QAR","01ceed6f-d4e2-492d-926b-176b9c7cb3b6","Increase","زيادة","increase","1d67db34-e759-4b18-ad15-0820d1e99791","Numeric","رقمية","numeric","b415883c-04c1-427f-828b-671b4587c8ac","Ministry Of Finance","وزارة المالية","mof","7cf442e4-1792-4837-a26c-2b99be6cb3e3","Sum","مجموع","sum","4bf72625-9589-4588-913c-f36d5c7b2423","Manual","يدوياً","manual","6/23/2026 9:55:03 AM",""
"1da4cc95-ba5b-4e81-7a87-08dec461c23d","db70b0f9-0325-44f2-981a-08dec461c232","8f48a8a5-5efb-4916-8d86-8c4c1093c251","False","Health","الصحة","<p>Health</p>","<p>الصحة</p>","Health","الصحة",".1","","","","","","False","False","","1c948c21-21b6-426d-8aa0-b1fb90f3c1f9","bn QAR","مليار رق","bn QAR","01ceed6f-d4e2-492d-926b-176b9c7cb3b6","Increase","زيادة","increase","1d67db34-e759-4b18-ad15-0820d1e99791","Numeric","رقمية","numeric","b415883c-04c1-427f-828b-671b4587c8ac","Ministry Of Finance","وزارة المالية","mof","7cf442e4-1792-4837-a26c-2b99be6cb3e3","Sum","مجموع","sum","4bf72625-9589-4588-913c-f36d5c7b2423","Manual","يدوياً","manual","6/23/2026 9:55:03 AM",""
"30f4fca5-52cf-4205-7a88-08dec461c23d","db70b0f9-0325-44f2-981a-08dec461c232","71aab551-6406-4858-8bf7-728559c0f306","False","R&D & Innovation","البحث والتطوير والابتكار","<p>R&amp;D &amp; Innovation</p>","<p>البحث والتطوير والابتكار</p>","R&D & Innovation","البحث والتطوير والابتكار",".1","","","","","","False","False","","1c948c21-21b6-426d-8aa0-b1fb90f3c1f9","bn QAR","مليار رق","bn QAR","01ceed6f-d4e2-492d-926b-176b9c7cb3b6","Increase","زيادة","increase","1d67db34-e759-4b18-ad15-0820d1e99791","Numeric","رقمية","numeric","b415883c-04c1-427f-828b-671b4587c8ac","Ministry Of Finance","وزارة المالية","mof","7cf442e4-1792-4837-a26c-2b99be6cb3e3","Sum","مجموع","sum","4bf72625-9589-4588-913c-f36d5c7b2423","Manual","يدوياً","manual","6/23/2026 9:55:03 AM",""
"0379a74a-41da-40d9-7a89-08dec461c23d","a575f11f-9184-43d3-981b-08dec461c232","d74e21f3-257c-4ccf-bd66-0f80cfb45220","False","Domestic","البناء","<p>Domestic</p>","<p>البناء</p>","Domestic","البناء",".3","","","","","","False","False","","1c948c21-21b6-426d-8aa0-b1fb90f3c1f9","bn QAR","مليار رق","bn QAR","01ceed6f-d4e2-492d-926b-176b9c7cb3b6","Increase","زيادة","increase","1d67db34-e759-4b18-ad15-0820d1e99791","Numeric","رقمية","numeric","b415883c-04c1-427f-828b-671b4587c8ac","Ministry Of Finance","وزارة المالية","mof","7cf442e4-1792-4837-a26c-2b99be6cb3e3","Sum","مجموع","sum","4bf72625-9589-4588-913c-f36d5c7b2423","Manual","يدوياً","manual","6/23/2026 10:20:30 AM",""
"b876956c-e1d8-4b95-7a8a-08dec461c23d","a575f11f-9184-43d3-981b-08dec461c232","91eacb54-ec29-40fc-8179-f7fed08e9b6d","False","External","خارجي","<p>External</p>","<p>خارجي</p>","External","خارجي","","","","","","","False","False","","1c948c21-21b6-426d-8aa0-b1fb90f3c1f9","bn QAR","مليار رق","bn QAR","01ceed6f-d4e2-492d-926b-176b9c7cb3b6","Increase","زيادة","increase","1d67db34-e759-4b18-ad15-0820d1e99791","Numeric","رقمية","numeric","b415883c-04c1-427f-828b-671b4587c8ac","Ministry Of Finance","وزارة المالية","mof","7cf442e4-1792-4837-a26c-2b99be6cb3e3","Sum","مجموع","sum","4bf72625-9589-4588-913c-f36d5c7b2423","Manual","يدوياً","manual","6/23/2026 10:20:30 AM",""
"4d624708-1e86-44a1-7a8b-08dec461c23d","a575f11f-9184-43d3-981b-08dec461c232","88b24096-0c6c-4ff2-8933-267ba912c52a","True","Absolute Debt Level","مستوى الدين المطلق","<p><span style=""font-size:10.0pt;"">This indicator breaks down Qatar's total outstanding public debt into domestic debt — bonds, sukuk, and loans from local markets — and external debt — sovereign bonds and loans from foreign creditors. The split matters because external debt introduces foreign currency exposure, while domestic debt is more insulated from exchange rate risk. A near-even split indicates a broadly balanced portfolio</span></p>","<p><span style=""font-size:10.0pt;"">يقسم هذا المؤشر إجمالي الدين العام القائم لقطر إلى ديون داخلية — سندات  ، صكوك  ، وقروض من الأسواق المحلية — ودين خارجي — سندات سيادية وقروض من دائنين أجانب. الانقسام مهم لأن الدين الخارجي يدخل التعرض للعملة الأجنبية  ، بينما الدين المحلي أكثر حماية من مخاطر سعر الصرف. يشير الانقسام شبه المتساوي إلى محفظة متوازنة بشكل عام</span></p>","Absolute Debt Level","مستوى الدين المطلق",".3","","","","","","False","False","","1c948c21-21b6-426d-8aa0-b1fb90f3c1f9","bn QAR","مليار رق","bn QAR","01ceed6f-d4e2-492d-926b-176b9c7cb3b6","Increase","زيادة","increase","1d67db34-e759-4b18-ad15-0820d1e99791","Numeric","رقمية","numeric","b415883c-04c1-427f-828b-671b4587c8ac","Ministry Of Finance","وزارة المالية","mof","7cf442e4-1792-4837-a26c-2b99be6cb3e3","Sum","مجموع","sum","4bf72625-9589-4588-913c-f36d5c7b2423","Manual","يدوياً","manual","6/23/2026 10:20:30 AM",""
"17560a01-c53e-4bef-7a8c-08dec461c23d","225aa6f6-56e3-497b-981c-08dec461c232","857806b1-77af-44a9-a35f-831830029a89","True","Share of High-Skilled Blue Collar","نسبة الوظائف عالية المهارة من ذوي الياقات الزرقاء","The Share of High-Skilled Blue Collar refers to the percentage of blue-collar workers engaged in skilled labor roles that require specialized training, technical expertise, or advanced qualifications. These workers are involved in fields like skilled trades (e.g., electricians, plumbers, technicians) or advanced manufacturing jobs. The metric helps assess the proportion of skilled manual labor within the workforce, highlighting the importance of technical training and vocational skills in the economy","يقيس مؤشر نسبة الوظائف عالية المهارة من ذوي الياقات الزرقاء إجمالي العمال الذين يشغلون وظائف يدوية تتطلب تدريبًا متخصصًا أو خبرة تقنية أو مؤهلات متقدمة. يشغل هؤلاء العمال وظائف حرفية (مثل عمال الكهرباء            ، السباكة            ، والفنيين) أو وظائف التصنيع المتقدم. يساعد هذا المؤشر في تقييم نسبة العمالة اليدوية الماهرة ضمن القوى العاملة            ، مما يبرز أهمية التدريب الفني والمهني في تعزيز الاقتصاد","Share of High-Skilled Blue Collar","نسبة الوظائف عالية المهارة من ذوي الياقات الزرقاء","0","87","2020","84","2030","","False","False","","a4ede074-5957-46ab-a6e6-341e291f2080","%","%","%","6b8715ba-be56-493a-8b21-28c104b71b6d","Decrease","انخفاض","decrease","1d67db34-e759-4b18-ad15-0820d1e99791","Numeric","رقمية","numeric","603b0af1-70bf-4257-8f57-4861e33ae17c","National Planning Council","المجلس الوطني للتخطيط","npc","d4fcceee-b555-4b9f-b78f-027d74f0dd16","None","لا شيء","none","4bf72625-9589-4588-913c-f36d5c7b2423","Manual","يدوياً","manual","6/23/2026 11:11:56 AM",""
"ce038fdd-faa7-4e26-7a8d-08dec461c23d","774f3591-1aca-43fc-981d-08dec461c232","9ae0170b-9ad1-4530-82a5-1993d1235aa9","True","Investments into the Sector","الاستثمار في القطاع","<p>-</p>","<p>-</p>","Investments into the Sector","الاستثمار في القطاع","0.00","2.1","2021","2.75","2030","","False","False","","1c948c21-21b6-426d-8aa0-b1fb90f3c1f9","bn QAR","مليار رق","bn QAR","01ceed6f-d4e2-492d-926b-176b9c7cb3b6","Increase","زيادة","increase","1d67db34-e759-4b18-ad15-0820d1e99791","Numeric","رقمية","numeric","f953092c-d58a-444a-9a42-a3c697c2d6ea","Ministry Of Commerce And Industry","وزارة التجارة والصناعة","moci","7cf442e4-1792-4837-a26c-2b99be6cb3e3","Sum","مجموع","sum","4bf72625-9589-4588-913c-f36d5c7b2423","Manual","يدوياً","manual","6/25/2026 12:02:26 PM",""
"acd778b1-1d77-4ffa-7a8e-08dec461c23d","3246e1e8-af83-46dd-981e-08dec461c232","1b3ad7ca-fb44-46d6-f4fd-08dd8ca67e32","True","IMD World Competitiveness Ranking","ترتيب دولة قطر في تصنيف التنافسية العالمية","The World Competitiveness Ranking assesses the set of institutions, policies, and factors that determine a country's level of productivity. This productivity level sets the sustainable current and medium-term levels of economic prosperity.","يسهم ترتيب مؤشر التنافسية العالمية بتقييم المؤسسات والسياسات والعوامل التي تحدد مستوى إنتاجية دولة ما. ويحدد هذا المؤشر مدى الازدهار الاقتصادي المستدام في الوقت الحالي وعلى المدى المتوسط","Rank","الترتيب","","17","2021","","","World Competitiveness Ranking","False","False","","8bff6dcb-b878-4602-8580-62f9f223958a","Rank","الترتيب","rank","6b8715ba-be56-493a-8b21-28c104b71b6d","Decrease","انخفاض","decrease","1d67db34-e759-4b18-ad15-0820d1e99791","Numeric","رقمية","numeric","1950fc0f-1d7c-42ea-b990-5263ebfcc89b","International Institute For Management Development (IMD)","المعهد الدولي للتنمية الإدارية","imd","d4fcceee-b555-4b9f-b78f-027d74f0dd16","None","لا شيء","none","086235a4-0f6b-48d1-8de3-11218bbbf1fd","Data Warehouse","مستودع البيانات","dwh","6/28/2026 10:27:43 AM",""
"dc8a5197-d7d7-458f-7a8f-08dec461c23d","ba18197c-7b0a-454a-981f-08dec461c232","1ea420cb-1f13-49c4-f4f6-08dd8ca67e32","True","Number of Jobs in the sector","عدد الوظائف في القطاع","The Number of Jobs in the sector refers to the total employment within industries involved in the movement, storage, and distribution of goods and services. This includes jobs in logistics, warehousing, air, sea, rail, and road transport services. Monitoring job numbers in this sector helps evaluate its contribution to employment, economic activity, and the broader workforce's skill development","يُشير مؤشر عدد الوظائف في قطاع النقل والتخزين إلى إجمالي الوظائف داخل الصناعات المعنية بحركة وتخزين وتوزيع السلع والخدمات  ، ويشمل ذلك الوظائف في اللوجستيات  ، والتخزين  ، وخدمات النقل الجوي  ، والبحري  ، والسكك الحديدية  ، والنقل البري. يساعد تتبع أعداد الوظائف في هذا القطاع في تقييم مساهمته في التوظيف في الدولة  ، والنشاط الاقتصادي  ، وتطوير مهارات القوى العاملة بشكل عام","Number of Jobs in the sector","عدد الوظائف في القطاع","0.0000k","154","2022","250","2030","Number of Jobs in the sector","False","False","","6666d77f-957a-4a59-92d4-ba482e3b9ecc","Count","العدد","count","01ceed6f-d4e2-492d-926b-176b9c7cb3b6","Increase","زيادة","increase","1d67db34-e759-4b18-ad15-0820d1e99791","Numeric","رقمية","numeric","603b0af1-70bf-4257-8f57-4861e33ae17c","National Planning Council","المجلس الوطني للتخطيط","npc","d4fcceee-b555-4b9f-b78f-027d74f0dd16","None","لا شيء","none","086235a4-0f6b-48d1-8de3-11218bbbf1fd","Data Warehouse","مستودع البيانات","dwh","7/2/2026 11:47:08 AM",""
"3af3d4b3-bd50-4bb7-7a90-08dec461c23d","5c9c8cbf-0a81-41fe-9820-08dec461c232","1ae763f5-54fa-43b1-f4f8-08dd8ca67e32","True","Goods Re-export","إعادة تصدير السِّلع","Goods Re-Exports refer to goods that are imported into a country, stored temporarily, and then exported to other countries without significant transformation or value addition. This process is crucial in global trade, as it facilitates the redistribution of goods, often taking advantage of strategic geographic locations, and contributes to the economy by generating trade revenue and supporting logistics and storage industries","يقيس مؤشر إعادة تصدير السلع في قطاع النقل والتخزين السلع التي يتم استيرادها من دولة ما            ، وتخزينها مؤقتًا دون إحداث تغيرات أو إضافة قيمة            ، ثم تصديرها إلى دول أخرى. تُعد هذه العملية أساسية في التجارة العالمية            ، حيث تُسهم في إعادة توزيع السلع            ، وغالبًا ما تستفيد من المواقع الجغرافية الاستراتيجية            ، كما تساهم في الاقتصاد من خلال توليد إيرادات التجارة ودعم صناعات اللوجستيات والتخزين","Goods Re-export","إعادة تصدير السِّلع","bn0.00","10.2","2019","25","2030","Goods Re-export","False","False","","06b275ce-19b8-4d37-96bd-c0d58533add9","QAR","ر.ق","qar","01ceed6f-d4e2-492d-926b-176b9c7cb3b6","Increase","زيادة","increase","1d67db34-e759-4b18-ad15-0820d1e99791","Numeric","رقمية","numeric","603b0af1-70bf-4257-8f57-4861e33ae17c","National Planning Council","المجلس الوطني للتخطيط","npc","7cf442e4-1792-4837-a26c-2b99be6cb3e3","Sum","مجموع","sum","086235a4-0f6b-48d1-8de3-11218bbbf1fd","Data Warehouse","مستودع البيانات","dwh","7/2/2026 12:43:47 PM",""
"6b665023-f437-4902-7a91-08dec461c23d","9877beae-0c69-41b0-9821-08dec461c232","9e3bbc35-773b-4110-b0e3-b440fce574b4","True","Share of Private Sector Beds in Hospitals","نسبة الأسرة في مستشفيات القطاع الخاص","<p>-</p>","<p>-</p>","Share of Private Sector Beds in Hospitals","نسبة الأسرة في مستشفيات القطاع الخاص","0","12.9","2022","30","2030","","False","False","","a4ede074-5957-46ab-a6e6-341e291f2080","%","%","%","01ceed6f-d4e2-492d-926b-176b9c7cb3b6","Increase","زيادة","increase","1d67db34-e759-4b18-ad15-0820d1e99791","Numeric","رقمية","numeric","6f741451-7d19-480b-9493-3653cb304a23","Ministry Of Public Health","وزارة الصحة العامة","moph","d4fcceee-b555-4b9f-b78f-027d74f0dd16","None","لا شيء","none","4bf72625-9589-4588-913c-f36d5c7b2423","Manual","يدوياً","manual","7/5/2026 11:43:02 AM",""
"dc087d3c-3562-44cc-7a93-08dec461c23d","b05f6bd5-256d-4940-9823-08dec461c232","29a9a9da-7d32-46e7-f4f3-08dd8ca67e32","False","Global Cybersecurity Index (GCI) Rank","تصنيف المؤشر العالمي للأمن السيبراني","<p>The Global Cybersecurity Index (GCI) ranks countries based on their commitment to cybersecurity across five pillars: legal measures, technical measures, organizational measures, capacity development, and cooperation. This index aims to enhance awareness, promote international collaboration, and measure global progress in addressing cybersecurity challenges.</p>","<p>يُصنف مؤشر الأمن السيبراني العالمي الصادر عن الاتحاد الدولي للاتصالات وفق مدى التزامها بالأمن السيبراني عن طريق خمسة محاور رئيسية: الأطر القانونية                 ، التدابير التقنية                 ، والإجراءات القانونية                 ، تنمية القدرات                 ، ومدى التعاون. ويهف المؤشر إلى تعزيز الوعي                 ، وتشجيع التعاون الدولي                 ، وقياس التقدم في مواجهة تحديات الأمن السيبراني على مستوى عالمي.</p>","Global Cybersecurity Index (GCI) Rank","تصنيف المؤشر العالمي للأمن السيبراني","00","","","","","Global Cybersecurity Index (GCI) Rank","False","False","","8bff6dcb-b878-4602-8580-62f9f223958a","Rank","الترتيب","rank","01ceed6f-d4e2-492d-926b-176b9c7cb3b6","Increase","زيادة","increase","5834adc0-5ca2-42f1-8023-36b23ef65efc","Text","نصية","text","e6bd4d6b-d35d-4e71-a1e9-d76a78caa099","International Telecommunication Union","الاتحاد الدولي للاتصالات","itu","d4fcceee-b555-4b9f-b78f-027d74f0dd16","None","لا شيء","none","086235a4-0f6b-48d1-8de3-11218bbbf1fd","Data Warehouse","مستودع البيانات","dwh","7/5/2026 12:12:54 PM",""
"dcc40483-0957-4f11-7a94-08dec461c23d","b05f6bd5-256d-4940-9823-08dec461c232","feb47735-62a9-40bf-f4f2-08dd8ca67e32","True","Global Cybersecurity Index (GCI) Rank","ترتيب دولة قطر في مؤشر الأمن السيبراني العالمي","<p>The Global Cybersecurity Index (GCI) ranks countries based on their commitment to cybersecurity across five pillars: legal measures, technical measures, organizational measures, capacity development, and cooperation. This index aims to enhance awareness, promote international collaboration, and measure global progress in addressing cybersecurity challenges.</p>","<p>يُصنف مؤشر الأمن السيبراني العالمي الصادر عن الاتحاد الدولي للاتصالات وفق مدى التزامها بالأمن السيبراني عن طريق خمسة محاور رئيسية: الأطر القانونية                 ، التدابير التقنية                 ، والإجراءات القانونية                 ، تنمية القدرات                 ، ومدى التعاون. ويهف المؤشر إلى تعزيز الوعي                 ، وتشجيع التعاون الدولي                 ، وقياس التقدم في مواجهة تحديات الأمن السيبراني على مستوى عالمي.</p>","Global Cybersecurity Index (GCI)","مؤشر الأمن السيبراني العالمي","0.0","27","2020","10","2030","Global Cybersecurity Index (GCI) Score","False","False","","3d027509-2bb6-4915-b218-63311478fc3a","NA","غير متاح","NA","01ceed6f-d4e2-492d-926b-176b9c7cb3b6","Increase","زيادة","increase","1d67db34-e759-4b18-ad15-0820d1e99791","Numeric","رقمية","numeric","e6bd4d6b-d35d-4e71-a1e9-d76a78caa099","International Telecommunication Union","الاتحاد الدولي للاتصالات","itu","d4fcceee-b555-4b9f-b78f-027d74f0dd16","None","لا شيء","none","086235a4-0f6b-48d1-8de3-11218bbbf1fd","Data Warehouse","مستودع البيانات","dwh","7/5/2026 12:12:54 PM",""
"a094245c-f9ce-456e-7a95-08dec461c23d","3b7d26fa-9bed-4f0c-9824-08dec461c232","a787f64f-4dc1-4c03-ba56-3212a81c5525","True","Exports of Pharmaceuticals, Medical Devices and Consumables","الصادرات من المستحضرات الدوائية و الأجهزة و المواد الاستهلاكية الطبية","<p>-</p>","<p>-</p>","Exports of Pharmaceuticals, Medical Devices and Consumables","الصادرات من المستحضرات الدوائية و الأجهزة و المواد الاستهلاكية الطبية","0.000","0.76","2022","1.75","2030","","False","False","","1c948c21-21b6-426d-8aa0-b1fb90f3c1f9","bn QAR","مليار رق","bn QAR","01ceed6f-d4e2-492d-926b-176b9c7cb3b6","Increase","زيادة","increase","1d67db34-e759-4b18-ad15-0820d1e99791","Numeric","رقمية","numeric","d8ae597a-c31d-4ff6-9ea3-9fd9fe40cdb5","Comtrade","كومتريد","comt","d4fcceee-b555-4b9f-b78f-027d74f0dd16","None","لا شيء","none","4bf72625-9589-4588-913c-f36d5c7b2423","Manual","يدوياً","manual","7/6/2026 10:16:58 AM",""
"d4bfb60c-afc9-440e-7a97-08dec461c23d","4f91e1dd-ba9f-4d46-9826-08dec461c232","70756ba8-2306-40c8-a931-2f8b03c8545c","True","Share of high-skilled labor","نسبة الوظائف عالية المهارة من إجمالي الوظائف في القطاع","-","-","Share of high-skilled labor","نسبة الوظائف عالية المهارة من إجمالي الوظائف في القطاع","0","89","2020","91","2030","","False","False","","a4ede074-5957-46ab-a6e6-341e291f2080","%","%","%","01ceed6f-d4e2-492d-926b-176b9c7cb3b6","Increase","زيادة","increase","1d67db34-e759-4b18-ad15-0820d1e99791","Numeric","رقمية","numeric","603b0af1-70bf-4257-8f57-4861e33ae17c","National Planning Council","المجلس الوطني للتخطيط","npc","d4fcceee-b555-4b9f-b78f-027d74f0dd16","None","لا شيء","none","4bf72625-9589-4588-913c-f36d5c7b2423","Manual","يدوياً","manual","7/21/2026 8:05:12 AM",""
"1f9f4a8c-110f-4122-7a98-08dec461c23d","4156ff1a-bda7-44e7-9827-08dec461c232","c90082e7-c983-4650-b6e5-c987dc0710f5","True","Production in Greenhouses, Overall","الإنتاج في البيوت المحمية","Production in Greenhouses - Overall refers to the total output of crops grown in controlled, indoor environments such as greenhouses. This production method allows for better control over temperature, humidity, and light, often leading to higher yields and the ability to grow crops out of season. It typically includes vegetables, fruits, and herbs, contributing significantly to agriculture by providing a more stable and efficient way of producing food","يقيس مؤشر إنتاجية المحاصيل - الخضراوات                     ، البيوت المحمية إجمالي المحاصيل التي تُزرع في بيئات داخلية خاضعة للرقابة مثل البيوت المحمية. وتتيح هذه الطريقة الزراعية تحكمًا أفضل في درجة الحرارة والرطوبة والضوء                     ، مما يؤدي غالبًا إلى تحقيق إنتاجية أعلى وقدرة على زراعة المحاصيل خارج مواسمها الطبيعية. وتشمل عادةً الخضروات والفواكه والأعشاب                     ، مما يساهم في نمو القطاع الزراعي من خلال توفير وسيلة أكثر استقرارًا وكفاءة لإنتاج الغذاء","Production in Greenhouses, Overall","الإنتاج في البيوت المحمية","0","61000","2020","200000","2030","","False","False","","7eb38c6f-544c-4fb3-99ba-780a7672afa3","MT","طن متري","mt","01ceed6f-d4e2-492d-926b-176b9c7cb3b6","Increase","زيادة","increase","1d67db34-e759-4b18-ad15-0820d1e99791","Numeric","رقمية","numeric","603b0af1-70bf-4257-8f57-4861e33ae17c","National Planning Council","المجلس الوطني للتخطيط","npc","d4fcceee-b555-4b9f-b78f-027d74f0dd16","None","لا شيء","none","4bf72625-9589-4588-913c-f36d5c7b2423","Manual","يدوياً","manual","7/21/2026 8:57:08 AM",""
"1cd26573-709e-4391-7aa2-08dec461c23d","4f9134c3-4745-4447-9831-08dec461c232","4d048509-0a57-49ca-a7f4-0a723e402b01","False","Vegetables","الخضروات","<p>-</p>","<p>-</p>","Vegetables","الخضروات","0.0","{""en"":""46"",""ar"":""46""}","2022","{""en"":""55"",""ar"":""55""}","2030","","False","False","","a4ede074-5957-46ab-a6e6-341e291f2080","%","%","%","01ceed6f-d4e2-492d-926b-176b9c7cb3b6","Increase","زيادة","increase","5834adc0-5ca2-42f1-8023-36b23ef65efc","Text","نصية","text","f2dad1ed-1827-454e-9033-215230a52707","Ministry Of Municipality","وزارة البلدية","mom","d4fcceee-b555-4b9f-b78f-027d74f0dd16","None","لا شيء","none","4bf72625-9589-4588-913c-f36d5c7b2423","Manual","يدوياً","manual","7/23/2026 8:48:34 AM",""
"137dd4c7-beb0-426b-7aa3-08dec461c23d","4f9134c3-4745-4447-9831-08dec461c232","cde154fa-b1a3-48c7-b7b2-d5d4d3ef74c0","True","Milk/Dairy","الحليب والألبان","<p>-</p>","<p>-</p>","Milk/Dairy","الحليب والألبان","0.0","{""en"":""100"",""ar"":""100""}","2022","{""en"":""100"",""ar"":""100""}","2030","","False","False","","a4ede074-5957-46ab-a6e6-341e291f2080","%","%","%","01ceed6f-d4e2-492d-926b-176b9c7cb3b6","Increase","زيادة","increase","5834adc0-5ca2-42f1-8023-36b23ef65efc","Text","نصية","text","f2dad1ed-1827-454e-9033-215230a52707","Ministry Of Municipality","وزارة البلدية","mom","d4fcceee-b555-4b9f-b78f-027d74f0dd16","None","لا شيء","none","4bf72625-9589-4588-913c-f36d5c7b2423","Manual","يدوياً","manual","7/23/2026 8:48:34 AM",""
"3f9092c8-2284-4a5b-7aa4-08dec461c23d","4f9134c3-4745-4447-9831-08dec461c232","e6f06010-3c0e-4f9a-8f34-1142c8282eec","False","Red Meat","اللحوم الحمراء","<p>-</p>","<p>-</p>","Red Meat","اللحوم الحمراء","0.0","{""en"":""18"",""ar"":""18""}","2022","{""en"":""18"",""ar"":""18""}","2030","","False","False","","a4ede074-5957-46ab-a6e6-341e291f2080","%","%","%","01ceed6f-d4e2-492d-926b-176b9c7cb3b6","Increase","زيادة","increase","5834adc0-5ca2-42f1-8023-36b23ef65efc","Text","نصية","text","f2dad1ed-1827-454e-9033-215230a52707","Ministry Of Municipality","وزارة البلدية","mom","d4fcceee-b555-4b9f-b78f-027d74f0dd16","None","لا شيء","none","4bf72625-9589-4588-913c-f36d5c7b2423","Manual","يدوياً","manual","7/23/2026 8:48:34 AM",""
"1acfd15f-410f-49cf-7aa5-08dec461c23d","4f9134c3-4745-4447-9831-08dec461c232","2c104be2-b49f-4fa1-beae-7dfa6b9dac28","False","Fresh Fish","الأسماك الطازجة","<p>-</p>","<p>-</p>","Fresh Fish","الأسماك الطازجة","0.0","{""en"":""77"",""ar"":""77""}","2022","{""en"":""80"",""ar"":""80""}","2030","","False","False","","a4ede074-5957-46ab-a6e6-341e291f2080","%","%","%","01ceed6f-d4e2-492d-926b-176b9c7cb3b6","Increase","زيادة","increase","5834adc0-5ca2-42f1-8023-36b23ef65efc","Text","نصية","text","f2dad1ed-1827-454e-9033-215230a52707","Ministry Of Municipality","وزارة البلدية","mom","d4fcceee-b555-4b9f-b78f-027d74f0dd16","None","لا شيء","none","4bf72625-9589-4588-913c-f36d5c7b2423","Manual","يدوياً","manual","7/23/2026 8:48:34 AM",""
"0be4eed1-0c84-43bb-7aa6-08dec461c23d","4f9134c3-4745-4447-9831-08dec461c232","6772f266-f316-44be-908e-81a96c96f403","False","Eggs","البيض","<p>-</p>","<p>-</p>","Eggs","البيض","0.0","{""en"":""36"",""ar"":""36""}","2022","{""en"":""70"",""ar"":""70""}","2030","","False","False","","a4ede074-5957-46ab-a6e6-341e291f2080","%","%","%","01ceed6f-d4e2-492d-926b-176b9c7cb3b6","Increase","زيادة","increase","5834adc0-5ca2-42f1-8023-36b23ef65efc","Text","نصية","text","f2dad1ed-1827-454e-9033-215230a52707","Ministry Of Municipality","وزارة البلدية","mom","d4fcceee-b555-4b9f-b78f-027d74f0dd16","None","لا شيء","none","4bf72625-9589-4588-913c-f36d5c7b2423","Manual","يدوياً","manual","7/23/2026 8:48:34 AM",""
"0ae87036-f178-4e92-7aa7-08dec461c23d","4f9134c3-4745-4447-9831-08dec461c232","0a922ab8-e890-408b-8f9d-1dd732a5047b","False","Chicken (Fresh & Frozen)","الدواجن - الطازجة و المجمدة","<p>-</p>","<p>-</p>","Chicken (Fresh & Frozen)","الدواجن - الطازجة و المجمدة","0.0","{""en"":""100"",""ar"":""100""}","2023","","","","False","False","","a4ede074-5957-46ab-a6e6-341e291f2080","%","%","%","01ceed6f-d4e2-492d-926b-176b9c7cb3b6","Increase","زيادة","increase","5834adc0-5ca2-42f1-8023-36b23ef65efc","Text","نصية","text","f2dad1ed-1827-454e-9033-215230a52707","Ministry Of Municipality","وزارة البلدية","mom","d4fcceee-b555-4b9f-b78f-027d74f0dd16","None","لا شيء","none","4bf72625-9589-4588-913c-f36d5c7b2423","Manual","يدوياً","manual","7/23/2026 8:48:34 AM",""
"1a2dac3f-af81-476d-7aa8-08dec461c23d","4f9134c3-4745-4447-9831-08dec461c232","b1c2576b-a03d-4016-996c-3eee522f1198","False","Green Fodder","الأعلاف الخضراء","<p>-</p>","<p>-</p>","Green Fodder","الأعلاف الخضراء","0.0","{""en"":""39"",""ar"":""39""}","2022","","","","False","False","","a4ede074-5957-46ab-a6e6-341e291f2080","%","%","%","6b8715ba-be56-493a-8b21-28c104b71b6d","Decrease","انخفاض","decrease","5834adc0-5ca2-42f1-8023-36b23ef65efc","Text","نصية","text","f2dad1ed-1827-454e-9033-215230a52707","Ministry Of Municipality","وزارة البلدية","mom","d4fcceee-b555-4b9f-b78f-027d74f0dd16","None","لا شيء","none","4bf72625-9589-4588-913c-f36d5c7b2423","Manual","يدوياً","manual","7/23/2026 8:48:34 AM",""
"12dd0d02-60f7-47da-7aa9-08dec461c23d","fe118e23-ca38-4822-9832-08dec461c232","f3d9ae61-a4ca-45a7-b9c0-d3c7211cb6fb","True","Crop Yield - Vegetables, Open Field","إنتاجية المحاصيل - الخضراوات         ، الحقول المكشوفة","Crop Yield - Vegetables, Open Field"" refers to the quantity of vegetables produced per unit area in an open field environment, where crops are grown directly in the soil without protective structures like greenhouses. This traditional farming method relies on natural weather conditions and soil fertility, making it susceptible to factors such as climate variability, pests, and diseases. Despite these challenges, open field cultivation remains a common practice for many vegetable crops due to its cost-effectiveness and scalability","يُشير مصطلح ""إنتاجية المحاصيل - الخضراوات         ، الحقول المكشوفة"" إلى كمية الخضروات المنتجة لكل وحدة مساحة مخصصة للزراعة في الحقول المكشوفة         ، حيث تُزرع المحاصيل مباشرة في التربة دون استخدام هياكل حماية كما في البيوت المحمية. تعتمد هذه الطريقة التقليدية على ظروف المناخ  وخصوبة التربة         ، مما يجعلها عرضة لعوامل مثل تقلبات المناخ         ، والآفات الزراعية         ، والأمراض. ورغم هذه التحديات         ، تظل الزراعة في الحقول المكشوفة أساسية في زراعة العديد من أنواع الخضروات نظرًا لتكلفتها المنخفضة وقدرتها على تحسين الإنتاجية","Crop Yield - Vegetables, Open Field","إنتاجية المحاصيل - الخضراوات         ، الحقول المكشوفة","0","16.5","2020","20","2030","","False","False","","e0c82b78-a9c1-484a-b3d0-08703fa5176f","MT/ha","طن متري لكل هكتار","mt/ha","01ceed6f-d4e2-492d-926b-176b9c7cb3b6","Increase","زيادة","increase","1d67db34-e759-4b18-ad15-0820d1e99791","Numeric","رقمية","numeric","f2dad1ed-1827-454e-9033-215230a52707","Ministry Of Municipality","وزارة البلدية","mom","d4fcceee-b555-4b9f-b78f-027d74f0dd16","None","لا شيء","none","4bf72625-9589-4588-913c-f36d5c7b2423","Manual","يدوياً","manual","7/23/2026 8:50:45 AM",""
"a57d6ccf-3a1a-48fa-7aaa-08dec461c23d","0c2adf88-a3ed-4cc0-9833-08dec461c232","79116baa-1295-4275-9d93-875edd81b4fc","True","Port Utilization","نسبة استغلال الموانئ","-","-","Port Utilization","نسبة استغلال الموانئ","0","18","2020","70","2024","","False","False","","a4ede074-5957-46ab-a6e6-341e291f2080","%","%","%","01ceed6f-d4e2-492d-926b-176b9c7cb3b6","Increase","زيادة","increase","1d67db34-e759-4b18-ad15-0820d1e99791","Numeric","رقمية","numeric","3768bdfc-8290-4057-b4d3-46ac5a754688","Mwani","مواني قطر","mwani","d4fcceee-b555-4b9f-b78f-027d74f0dd16","None","لا شيء","none","4bf72625-9589-4588-913c-f36d5c7b2423","Manual","يدوياً","manual","7/23/2026 10:24:45 AM",""
"d8fde3a9-3150-429a-7aac-08dec461c23d","a598da16-09c2-43c4-9835-08dec461c232","f0d64573-686a-4e71-a308-fa7c83d9d155","False","Hydrocarbon","الهيدروكربونية","Exports refer to goods or services produced in one country and sold to another, reflecting global trade activity","تشير الصادرات إلى السلع أو الخدمات المنتجة في دولة ما والمباعة لدولة أخرى مما يعكس النشاط التجاري العالمي.","Hydrocarbon","الهيدروكربونية","bn0.00","335.04","2019","","2023","Exports - Hydrocarbon","False","False","","06b275ce-19b8-4d37-96bd-c0d58533add9","QAR","ر.ق","qar","01ceed6f-d4e2-492d-926b-176b9c7cb3b6","Increase","زيادة","increase","1d67db34-e759-4b18-ad15-0820d1e99791","Numeric","رقمية","numeric","603b0af1-70bf-4257-8f57-4861e33ae17c","National Planning Council","المجلس الوطني للتخطيط","npc","7cf442e4-1792-4837-a26c-2b99be6cb3e3","Sum","مجموع","sum","4bf72625-9589-4588-913c-f36d5c7b2423","Manual","يدوياً","manual","7/26/2026 1:38:28 PM",""
"633a4473-7585-4a42-7aad-08dec461c23d","a598da16-09c2-43c4-9835-08dec461c232","9aaf0fd7-ab3e-4f7f-b966-4767733d0024","True","Total Exports (Goods and Services)","إجمالي الصادرات (السلع والخدمات)","<p>Exports refer to goods or services produced in one country and sold to another, reflecting global trade activity</p>","<p>تشير الصادرات إلى السلع أو الخدمات المنتجة في دولة ما والمباعة لدولة أخرى                                   ، مما يعكس النشاط التجاري العالمي</p>","Total Exports","إجمالي الصادرات","bn0.00","","","","","Exports","False","False","","06b275ce-19b8-4d37-96bd-c0d58533add9","QAR","ر.ق","qar","01ceed6f-d4e2-492d-926b-176b9c7cb3b6","Increase","زيادة","increase","1d67db34-e759-4b18-ad15-0820d1e99791","Numeric","رقمية","numeric","147da856-dcc2-4e84-b8ae-dfaf95efb2aa","Qatar Central Bank","مصرف قطر المركزي","qcb","7cf442e4-1792-4837-a26c-2b99be6cb3e3","Sum","مجموع","sum","086235a4-0f6b-48d1-8de3-11218bbbf1fd","Data Warehouse","مستودع البيانات","dwh","7/26/2026 1:38:28 PM",""
"d2e4c8ca-3833-48a0-7aae-08dec461c23d","a598da16-09c2-43c4-9835-08dec461c232","b38a19d1-0cc6-4630-8cc6-3f127764d695","False","Non-Hydrocarbon","غير الهيدروكربونية","Exports refer to goods or services produced in one country and sold to another, reflecting global trade activity","تشير الصادرات إلى السلع أو الخدمات المنتجة في دولة ما والمباعة لدولة أخرى مما يعكس النشاط التجاري العالمي","Non-Hydrocarbon","غير الهيدروكربونية","bn0.00","","","","","Exports - Non-Hydrocarbon","False","False","","06b275ce-19b8-4d37-96bd-c0d58533add9","QAR","ر.ق","qar","01ceed6f-d4e2-492d-926b-176b9c7cb3b6","Increase","زيادة","increase","1d67db34-e759-4b18-ad15-0820d1e99791","Numeric","رقمية","numeric","603b0af1-70bf-4257-8f57-4861e33ae17c","National Planning Council","المجلس الوطني للتخطيط","npc","7cf442e4-1792-4837-a26c-2b99be6cb3e3","Sum","مجموع","sum","4bf72625-9589-4588-913c-f36d5c7b2423","Manual","يدوياً","manual","7/26/2026 1:38:28 PM",""
"fb801dff-2204-4cbb-7aaf-08dec461c23d","b5ade6c5-419c-4b5f-9836-08dec461c232","dbbf6296-454a-4709-f49c-08dd8c9b779d","True","Gross National Income","الدخل القومي الإجمالي","<p>Gross National Income (GNI) equals the Gross Domestic Product (GDP) plus net primary income from abroad, including investment income and profit transfers received by resident economic entity. An entity is considered resident if it has maintained economic ties with the country for at least one year.</p>","الدخل القومي الإجمالي هو الناتج المحلي الإجمالي مضافًا إليه صافي دخل الاستثمارات وتحويلات الأرباح من الخارج إلى الجهات القائمة في الدولة             ، والتي ترتبط بنشاط اقتصادي داخلي لمدة عام على الأقل.","Gross National Income","الدخل القومي الإجمالي","bn0.0","644.1","2021","","2024","Gross National Income (GNI)","False","False","","06b275ce-19b8-4d37-96bd-c0d58533add9","QAR","ر.ق","qar","01ceed6f-d4e2-492d-926b-176b9c7cb3b6","Increase","زيادة","increase","1d67db34-e759-4b18-ad15-0820d1e99791","Numeric","رقمية","numeric","603b0af1-70bf-4257-8f57-4861e33ae17c","National Planning Council","المجلس الوطني للتخطيط","npc","d4fcceee-b555-4b9f-b78f-027d74f0dd16","None","لا شيء","none","4bf72625-9589-4588-913c-f36d5c7b2423","Manual","يدوياً","manual","7/26/2026 1:59:23 PM",""
"eb07919f-adb5-4e98-7ab0-08dec461c23d","e641b12b-e4d1-47ab-9837-08dec461c232","bb3514e6-9e2b-47e4-b1e7-c07a4733de34","True","Sector Exports - Passenger","صادرات القطاع - الركاب","Sector Exports - Passenger typically refers to the export value of services provided by the passenger transport sector, such as air travel, sea transport, and other forms of passenger movement across borders. These exports involve international transactions where a country provides transport services to non-resident passengers","يشير مؤشر ""صادرات القطاع - الركاب"" إلى قيمة الخدمات المقدمة من قطاع نقل الركاب                     ، مثل النقل الجوي والنقل البحري وأشكال أخرى من النقل. تشمل هذه الصادرات المعاملات الدولية حيث تقدم الدولة خدمات النقل للركاب غير المقيمين","Sector Exports - Passenger","صادرات القطاع - الركاب","bn0.0000","38.5","2021","48.51","2030","Sector Exports - Passenger","False","False","","06b275ce-19b8-4d37-96bd-c0d58533add9","QAR","ر.ق","qar","01ceed6f-d4e2-492d-926b-176b9c7cb3b6","Increase","زيادة","increase","1d67db34-e759-4b18-ad15-0820d1e99791","Numeric","رقمية","numeric","e8901fdc-ee6a-4d68-979e-7a05b06cf6b4","World Trade Organization","منظمة التجارة العالمية","wto","7cf442e4-1792-4837-a26c-2b99be6cb3e3","Sum","مجموع","sum","086235a4-0f6b-48d1-8de3-11218bbbf1fd","Data Warehouse","مستودع البيانات","dwh","7/28/2026 1:00:38 PM",""
"902de7d7-c5ac-444a-7ab1-08dec461c23d","5c5f7cbe-766d-43ec-9838-08dec461c232","f1a3d4ca-a581-49ca-9838-956f8c7fd1bc","True","Sector Exports","صادرات القطاع (النقل والتخزين)","Sector Exports refers to the value of goods and services exported from a specific sector of the economy. It represents the share of exports generated by industries like manufacturing, agriculture, or services, contributing to a country's overall trade balance. This indicator helps assess the global competitiveness and economic health of specific sectors, as well as the diversification of export activities within an economy","يقيس مؤشر صادرات القطاع قيمة الإجمالية للسلع والخدمات التي يتم تصديرها من قطاع اقتصادي معين. ويعكس هذا المؤشر حصة الصادرات التي تحققها القطاعات المختلفة مثل التصنيع والزراعة والخدمات                                 ، بما يسهم في الميزان التجاري للدولة. كما يساعد على تقييم القدرة التنافسية العالمية للقطاعات المختلفة صحتها الاقتصادية                                 ، وقياس مدى تنوع الأنشطة التصديرية داخل الدولة","Sector Exports (Transportation and Storage)","صادرات القطاع (النقل والتخزين)","bn0.00","41.09","2021","51.76","2030","Sector Exports (Transportation and Storage)","False","False","","06b275ce-19b8-4d37-96bd-c0d58533add9","QAR","ر.ق","qar","01ceed6f-d4e2-492d-926b-176b9c7cb3b6","Increase","زيادة","increase","1d67db34-e759-4b18-ad15-0820d1e99791","Numeric","رقمية","numeric","147da856-dcc2-4e84-b8ae-dfaf95efb2aa","Qatar Central Bank","مصرف قطر المركزي","qcb","7cf442e4-1792-4837-a26c-2b99be6cb3e3","Sum","مجموع","sum","086235a4-0f6b-48d1-8de3-11218bbbf1fd","Data Warehouse","مستودع البيانات","dwh","7/28/2026 1:02:31 PM",""
"6836f2fa-f1c8-4023-7ab2-08dec461c23d","df817187-b7f9-4564-9839-08dec461c232","688ca92c-03f7-46a6-b185-1a51d3ccc3c7","True","Greenhouse Gas Emissions","انبعاثات الغازات الدفيئة","<p>Greenhouse Gas Emissions refers to the total emissions of greenhouse gases (GHG), expressed in metric tons (MT) of CO2 equivalent (CO2e). The indicator shall consider the global warming potential (GWP) of the following GHGs: carbon dioxide (CO2), methane (CH4), and nitrous oxide (N2O), perfluorocarbons (PFCs), hydrofluorocarbons (HFCs), sulphur hexafluoride (SF6) and nitrogen trifluoride (NF3).</p>","<p>الانبعاثات الغازية الدفيئة تشير إلى إجمالي انبعاثات غازات الدفيئة        ، ويتم التعبير عنها بوحدة الأطنان المترية من مكافئ ثاني أكسيد الكربون (CO2e). يأخذ هذا المؤشر في الاعتبار القدرة على التسبب في الاحتباس الحراري (GWP) للغازات التالية: ثاني أكسيد الكربون (CO2)        ، الميثان (CH4)        ، أكسيد النيتروز (N2O)        ، مركبات الكربون المشبعة بالفلور (PFCs)        ، مركبات الهيدروفلوروكربون (HFCs)        ، سداسي فلوريد الكبريت (SF6)        ، وثلاثي فلوريد النيتروجين (NF3).</p>","Actual Performance","الأداء الفعلي","0.0","114.8","2019","86.1","2030","","False","False","","7a6949dc-7eb7-4c0d-b2eb-24b56c8fdb76","m MT","مليون طن","mmt","6b8715ba-be56-493a-8b21-28c104b71b6d","Decrease","انخفاض","decrease","1d67db34-e759-4b18-ad15-0820d1e99791","Numeric","رقمية","numeric","f8085557-7c8d-4956-dbe8-08deed5e6b7b","Ministry of Environment and Climate Change","وزارة البيئة والتغير المناخي","ministryofenvironmentandclimatechange","d4fcceee-b555-4b9f-b78f-027d74f0dd16","None","لا شيء","none","4bf72625-9589-4588-913c-f36d5c7b2423","Manual","يدوياً","manual","7/29/2026 1:55:35 PM",""
"7bd4d5a6-a5b9-4a63-7ab3-08dec461c23d","8237bfca-5944-4723-983a-08dec461c232","06e53175-33a1-443e-ae2b-dd743bbedfaf","True","Number of International Visitors","عدد السياح من خارج الدولة","<p>The Number of International Visitors measures the total count of non-resident travelers entering Qatar for various purposes, such as leisure, business, or other activities, over a specific period. This data is part of Qatar Tourism's dashboards, providing monthly insights into tourism trends, including arrivals categorized by source markets and entry ports.</p>","<p>يحدد هذا المؤشر العدد الإجمالي للزوار غير المقيمين الذين يدخلون دولة قطر لأغراض متنوعة مثل السياحة                                             ، أو التجارة                                             ، أو أنشطة أخرى                                             ، وذلك خلال فترة زمنية محددة. وتعتبر هذه البيانات جزءًا من لوحات تحكم قطر للسياحة                                             ، والتي تقدم تقارير شهرية حول اتجاهات السياحة                                             ، بما في ذلك الزوار &nbsp;الدوليين وفق تصنيف البلدان القادمين منها ومنافذ الدخول.</p>","Number of International Visitors","عدد السياح من خارج الدولة","0.000m","2.54","2022","7","2030","Number of International Visitors","False","False","","6666d77f-957a-4a59-92d4-ba482e3b9ecc","Count","العدد","count","01ceed6f-d4e2-492d-926b-176b9c7cb3b6","Increase","زيادة","increase","1d67db34-e759-4b18-ad15-0820d1e99791","Numeric","رقمية","numeric","6923fe2e-03f2-459b-817c-a1b94d592f95","Qatar Tourism","قطر للسياحة","qt","d4fcceee-b555-4b9f-b78f-027d74f0dd16","None","لا شيء","none","086235a4-0f6b-48d1-8de3-11218bbbf1fd","Data Warehouse","مستودع البيانات","dwh","8/2/2026 9:36:58 AM",""
"f0eb3c9f-51ec-486f-7ab4-08dec461c23d","c808315b-a4f3-4f8e-983b-08dec461c232","aa18fa30-3755-4086-a0ea-04265d2633c9","True","Number of Hotel Keys","عدد الغرف الفندقية المتاحة ومعدل نسب الإشغال للفنادق","<p>-</p>","<p>-</p>","Number of Hotel Keys","عدد الغرف الفندقية المتاحة","0.0","29.77","2022","","","","False","False","","2e7c1cb7-7616-4f76-b5ae-0f7a4d681c0b","k","ألف","k","01ceed6f-d4e2-492d-926b-176b9c7cb3b6","Increase","زيادة","increase","1d67db34-e759-4b18-ad15-0820d1e99791","Numeric","رقمية","numeric","6923fe2e-03f2-459b-817c-a1b94d592f95","Qatar Tourism","قطر للسياحة","qt","e389a8df-ca73-45c6-843a-a9624f54b150","Max","أقصى","max","4bf72625-9589-4588-913c-f36d5c7b2423","Manual","يدوياً","manual","8/2/2026 9:47:42 AM",""
"4f2dc17c-83dd-427a-7ab5-08dec461c23d","c808315b-a4f3-4f8e-983b-08dec461c232","3cb5b501-2859-4919-9976-936ab53f17a1","False","Occupancy Rate of Hotels","معدل إشغال الفنادق","-","-","Occupancy Rate of Hotels","معدل إشغال الفنادق","0.0","61","2022","","","","False","False","","a4ede074-5957-46ab-a6e6-341e291f2080","%","%","%","01ceed6f-d4e2-492d-926b-176b9c7cb3b6","Increase","زيادة","increase","1d67db34-e759-4b18-ad15-0820d1e99791","Numeric","رقمية","numeric","6923fe2e-03f2-459b-817c-a1b94d592f95","Qatar Tourism","قطر للسياحة","qt","e389a8df-ca73-45c6-843a-a9624f54b150","Max","أقصى","max","4bf72625-9589-4588-913c-f36d5c7b2423","Manual","يدوياً","manual","8/2/2026 9:47:42 AM",""
"e7aece57-5df6-47d6-7ab6-08dec461c23d","a0089110-7044-43a4-983c-08dec461c232","ff7b7801-fce2-4add-adfd-58212333bd09","True","Number of Room Nights Sold","عدد الليالي الفندقية المباعة","<p>The Number of Room Nights Sold refers to the total number of nights booked and occupied across hotels and accommodation facilities within Qatar. This indicator provides insights into the performance of the hospitality sector and trends in accommodation usage by visitors.</p>","<p style=""text-align:justify;"">يحدد مؤشر عدد الليالي الفندقية المباعة &nbsp;إجمالي عدد الليالي الفندقية التي تم بيعها في الفنادق وأماكن الإقامة في دولة قطر. ويعكس هذا المؤشر أداء قطاع الضيافة وطرق استخدام أماكن الإقامة من قبل الزوار.</p>","Number of Room Nights Sold","عدد الليالي الفندقية المباعة","0.00m","6.55","2022","19","2030","Number of Room Nights Sold","False","False","","6666d77f-957a-4a59-92d4-ba482e3b9ecc","Count","العدد","count","01ceed6f-d4e2-492d-926b-176b9c7cb3b6","Increase","زيادة","increase","1d67db34-e759-4b18-ad15-0820d1e99791","Numeric","رقمية","numeric","6923fe2e-03f2-459b-817c-a1b94d592f95","Qatar Tourism","قطر للسياحة","qt","e389a8df-ca73-45c6-843a-a9624f54b150","Max","أقصى","max","086235a4-0f6b-48d1-8de3-11218bbbf1fd","Data Warehouse","مستودع البيانات","dwh","8/2/2026 9:53:01 AM",""
"5e8b83ee-ab75-42d4-7ab7-08dec461c23d","cfbc3145-b350-480b-983d-08dec461c232","c06a51aa-446e-4f36-dc1c-08dd8ca6e776","True","Private Expenditure on Health as a Percentage of Total Current Health Expenditure","نسبة إنفاق القطاع الخاص في الصحة من الإنفاق الحالي على قطاع الصحة","The Private Expenditure on Health as a Percentage of Total Current Health Expenditure indicator represents the share of revenues from domestic private sources spent on health as a percentage of total current health expenditure","يشير مؤشر نسبة النفقات الصحية الخاصة المحلية (PVT-D) من إجمالي النفقات الصحية الحالية (CHE)"" إلى حصة الإيرادات من المصادر الخاصة المحلية التي تُنفق على الصحة كنسبة من إجمالي النفقات الصحية الحالية","Private Expenditure on Health as a Percentage of Total Current Health Expenditure","نسبة إنفاق القطاع الخاص في الصحة من الإنفاق الحالي على قطاع الصحة","0.0","15","2019","32","2030","Private Expenditure on Health as a Percentage of Total Current Health Expenditure","False","False","","a4ede074-5957-46ab-a6e6-341e291f2080","%","%","%","01ceed6f-d4e2-492d-926b-176b9c7cb3b6","Increase","زيادة","increase","1d67db34-e759-4b18-ad15-0820d1e99791","Numeric","رقمية","numeric","88bd09c0-f20d-41e6-92b9-0d57ddd73bcc","World Health Organization","منظمة الصحة العالمية","who","d4fcceee-b555-4b9f-b78f-027d74f0dd16","None","لا شيء","none","086235a4-0f6b-48d1-8de3-11218bbbf1fd","Data Warehouse","مستودع البيانات","dwh","8/3/2026 8:24:02 AM",""
"475b90c2-8a41-4af4-7ab8-08dec461c23d","86cbbcb4-a2f2-4ae7-983e-08dec461c232","a5ce032f-7153-43d6-9d06-3c8a4cf3c52f","True","Total Value of Corporate Bonds Issued in Qatar","إجمالي قيمة سندات الشركات التي تمّ إصدارها في دولة قطر","-","-","Total Value of Corporate Bonds Issued in Qatar","إجمالي قيمة سندات الشركات التي تمّ إصدارها في دولة قطر","0","2","2023","8","2030","","False","False","","1c948c21-21b6-426d-8aa0-b1fb90f3c1f9","bn QAR","مليار رق","bn QAR","01ceed6f-d4e2-492d-926b-176b9c7cb3b6","Increase","زيادة","increase","1d67db34-e759-4b18-ad15-0820d1e99791","Numeric","رقمية","numeric","147da856-dcc2-4e84-b8ae-dfaf95efb2aa","Qatar Central Bank","مصرف قطر المركزي","qcb","d4fcceee-b555-4b9f-b78f-027d74f0dd16","None","لا شيء","none","4bf72625-9589-4588-913c-f36d5c7b2423","Manual","يدوياً","manual","8/3/2026 8:31:38 AM",""
"e6c456df-8b8e-4619-7ab9-08dec461c23d","94900167-3d2b-4f52-983f-08dec461c232","45740834-bc0f-405b-3faa-08dd8f9441f4","False","Fitch Rating","تصنيف فيتش","-","-","Fitch Rating","تصنيف فيتش","0.0","{""en"":""AA-"",""ar"":""AA-""}","2022","{""en"":""AA+"",""ar"":""AA+""}","2030","","False","False","","3d027509-2bb6-4915-b218-63311478fc3a","NA","غير متاح","NA","01ceed6f-d4e2-492d-926b-176b9c7cb3b6","Increase","زيادة","increase","5834adc0-5ca2-42f1-8023-36b23ef65efc","Text","نصية","text","82a88e10-6833-4ba4-bb85-7a4cd2759f4e","Fitch Rating","موديز، ستاندرد آند بورز، فيتش","fr","d4fcceee-b555-4b9f-b78f-027d74f0dd16","None","لا شيء","none","4bf72625-9589-4588-913c-f36d5c7b2423","Manual","يدوياً","manual","8/3/2026 8:32:43 AM",""
"28b24086-78be-4402-7aba-08dec461c23d","94900167-3d2b-4f52-983f-08dec461c232","c3839297-487c-4737-3fa9-08dd8f9441f4","False","S&P Rating","تصنيف ستاندرد و بورز","-","-","S&P Rating","تصنيف ستاندرد و بورز","0.0","{""en"":""AA"",""ar"":""AA""}","2022","{""en"":""AA+"",""ar"":""AA+""}","2030","","False","False","","3d027509-2bb6-4915-b218-63311478fc3a","NA","غير متاح","NA","01ceed6f-d4e2-492d-926b-176b9c7cb3b6","Increase","زيادة","increase","5834adc0-5ca2-42f1-8023-36b23ef65efc","Text","نصية","text","1ec2c7b9-d67f-40e1-bd55-772b1b05d539","S&P Rating","موديز، ستاندرد آند بورز، فيتش","spr","d4fcceee-b555-4b9f-b78f-027d74f0dd16","None","لا شيء","none","4bf72625-9589-4588-913c-f36d5c7b2423","Manual","يدوياً","manual","8/3/2026 8:32:43 AM",""
"e33f945b-82a3-4eab-7abb-08dec461c23d","94900167-3d2b-4f52-983f-08dec461c232","6e566915-9427-4427-3fa8-08dd8f9441f4","True","Moody's Rating","تصنيف مودي","Moody's credit rating agency has upgraded Qatar's credit rating to AA2 and revised its outlook to stable. Additionally, Qatar’s credit rating has also been elevated by Fitch to (AA) from (-AA). The upgrade reflects the improvement in Qatar's financial metrics from 2021 to 2024.","رفعت وكالة مودي التصنيف الائتماني لدولة قطر إلى (AA2) مع نظرة مستقبلية مستقرة           ، فيما رفعت وكالة فيتش التصنيف الائتماني لدولة قطر من (AA-) إلى (AA). ويعكس هذا التحسن في المقاييس المالية المحققة من 2021 إلى 2024.","Moody's Rating","تصنيف مودي","0.0","{""en"":""Aa3"",""ar"":""Aa3""}","2022","{""en"":""Aa1"",""ar"":""Aa1""}","2030","","False","False","","3d027509-2bb6-4915-b218-63311478fc3a","NA","غير متاح","NA","01ceed6f-d4e2-492d-926b-176b9c7cb3b6","Increase","زيادة","increase","5834adc0-5ca2-42f1-8023-36b23ef65efc","Text","نصية","text","53110e26-68d4-4ee3-812b-d13cf50b0b67","Moody's Rating","موديز، ستاندرد آند بورز، فيتش","mr","d4fcceee-b555-4b9f-b78f-027d74f0dd16","None","لا شيء","none","4bf72625-9589-4588-913c-f36d5c7b2423","Manual","يدوياً","manual","8/3/2026 8:32:43 AM",""
"8801770c-a791-4b1d-7abd-08dec461c23d","77bb033c-e866-42b2-9841-08dec461c232","34b60130-84e7-4fb8-a751-dec2cc37fb5e","True","Number of Qatari Jobs (Financial & Insurance)","عدد الوظائف للقطريين (الأنشطة المالية وأنشطة التأمين)","Number of Qatari Jobs (Financial & Insurance)","عدد الوظائف للقطريين (الأنشطة المالية وأنشطة التأمين)","Number of Qatari Jobs","عدد الوظائف للقطريين","0.0","","","","","","False","False","","3d027509-2bb6-4915-b218-63311478fc3a","NA","غير متاح","NA","01ceed6f-d4e2-492d-926b-176b9c7cb3b6","Increase","زيادة","increase","1d67db34-e759-4b18-ad15-0820d1e99791","Numeric","رقمية","numeric","147da856-dcc2-4e84-b8ae-dfaf95efb2aa","Qatar Central Bank","مصرف قطر المركزي","qcb","975bdfd8-8684-4f20-94da-205cc1e6f8f9","Average","متوسط","average","4bf72625-9589-4588-913c-f36d5c7b2423","Manual","يدوياً","manual","8/4/2026 8:20:21 AM",""
"966b1cac-bff0-4d5a-7abe-08dec461c23d","fef5502f-a93e-4cf8-9842-08dec461c232","13051f83-dc15-4a84-8a5f-f06215768369","True","Number of Hospital Beds","عدد الأسرة في المستشفيات","<p>-</p>","<p>-</p>","Number of Hospital Beds","عدد الأسرة في المستشفيات","0","4211","2022","6250","2030","","False","False","","3d027509-2bb6-4915-b218-63311478fc3a","NA","غير متاح","NA","01ceed6f-d4e2-492d-926b-176b9c7cb3b6","Increase","زيادة","increase","1d67db34-e759-4b18-ad15-0820d1e99791","Numeric","رقمية","numeric","6f741451-7d19-480b-9493-3653cb304a23","Ministry Of Public Health","وزارة الصحة العامة","moph","d4fcceee-b555-4b9f-b78f-027d74f0dd16","None","لا شيء","none","4bf72625-9589-4588-913c-f36d5c7b2423","Manual","يدوياً","manual","8/4/2026 12:21:58 PM",""
"fedf16aa-c8f7-4770-7abf-08dec461c23d","78356970-e976-4aba-9843-08dec461c232","f3bd498c-4647-4689-b2f1-e4dad444bf8d","True","number of medical graduates - Qataris","عدد خريجي الطب من القطريين","<p>The total number of Qatari nationals who have successfully completed their medical education and obtained a medical degree during a specified time period, typically within a calendar year.</p>","<p>قياس إجمالي عدد المواطنين القطريين الذين أتموا دراستهم الطبية بنجاح وحصلوا على شهادات في هذا المجال خلال فترة زمنية محددة                ، وعادةً ما تكون خلال سنة.</p>","number of medical graduates - Qataris","عدد خريجي الطب من القطريين","0.0","16","2020","150","2030","number of medical graduates - Qataris","False","False","","3d027509-2bb6-4915-b218-63311478fc3a","NA","غير متاح","NA","01ceed6f-d4e2-492d-926b-176b9c7cb3b6","Increase","زيادة","increase","1d67db34-e759-4b18-ad15-0820d1e99791","Numeric","رقمية","numeric","603b0af1-70bf-4257-8f57-4861e33ae17c","National Planning Council","المجلس الوطني للتخطيط","npc","d4fcceee-b555-4b9f-b78f-027d74f0dd16","None","لا شيء","none","086235a4-0f6b-48d1-8de3-11218bbbf1fd","Data Warehouse","مستودع البيانات","dwh","8/4/2026 12:36:03 PM",""
"b8b8df76-e924-49c5-7ac0-08dec461c23d","fb62d5b6-f515-40e2-9844-08dec461c232","fae02c26-3bd0-400a-f4ef-08dd8ca67e32","True","Pharmaceuticals, Medical Devices and Consumables Produced in Qatar","الأدوية والأجهزة الطبية والمواد الاستهلاكية المنتجة في قطر","Pharmaceutical, Medical Devices, and Consumables Produced in Qatar refers to the manufacturing of medicines, medical equipment, and healthcare products within the country. This includes the production of drugs, surgical instruments, diagnostic tools, and consumables like bandages, syringes, and gloves. The goal is to enhance local healthcare capabilities, reduce dependency on imports, and support the country's economic diversification efforts","يقيس مؤشر الصادرات من المستحضرات الدوائية و الأجهزة و المواد الاستهلاكية الطبية صناعة الأدوية والمعدات الطبية ومنتجات الرعاية الصحية داخل الدولة        ، ويشمل ذلك إنتاج الأدوية        ، والأدوات الجراحية        ، وأدوات التشخيص        ، والسلع الاستهلاكية مثل الضمادات        ، والإبر        ، والقفازات. يهدف هذا المؤشر إلى تعزيز قدرات الرعاية الصحية المحلية        ، وتقليل الاعتماد على الواردات        ، ودعم جهود تنويع الاقتصاد في الدولة","Pharmaceuticals, Medical Devices and Consumables Produced in Qatar","الأدوية والأجهزة الطبية والمواد الاستهلاكية المنتجة في قطر","bn0.000","0.064","2020","5","2030","Pharmaceuticals, Medical Devices and Consumables Produced in Qatar","False","False","","06b275ce-19b8-4d37-96bd-c0d58533add9","QAR","ر.ق","qar","01ceed6f-d4e2-492d-926b-176b9c7cb3b6","Increase","زيادة","increase","1d67db34-e759-4b18-ad15-0820d1e99791","Numeric","رقمية","numeric","603b0af1-70bf-4257-8f57-4861e33ae17c","National Planning Council","المجلس الوطني للتخطيط","npc","d4fcceee-b555-4b9f-b78f-027d74f0dd16","None","لا شيء","none","086235a4-0f6b-48d1-8de3-11218bbbf1fd","Data Warehouse","مستودع البيانات","dwh","8/4/2026 1:06:13 PM",""
"e4293295-fb43-46b0-7ac5-08dec461c23d","5fad875e-7c72-43d4-9849-08dec461c232","50b11b8c-0a78-49cb-9ebb-9f04c5430ac8","True","Inflation","التضخم","<p>The increase in the general level of prices of goods and services during a specific period. Inflation is also defined as an impairment in the actual value of money (currency) when the general level of prices increases. The goods and services purchased per monetary unit (currency) will diminish.</p>","<p>يُعرف التضخم بالزيادة في المستوى العام لأسعار السلع والخدمات خلال فترة زمنية محددة                  ، ويُعرف أيضًا بتآكل في القيمة الفعلية للنقود (العملة). وبالتالي                  ، تقل القدرة الشرائية للوحدة النقدية                  ، مما يعني أن شراء السلع والخدمات بنفس المبلغ من المال ستقل بالضرورة.</p>","Inflation","معدل التضخم","0.0","-0.7","2019","","","Inflation","False","False","","a4ede074-5957-46ab-a6e6-341e291f2080","%","%","%","6b8715ba-be56-493a-8b21-28c104b71b6d","Decrease","انخفاض","decrease","1d67db34-e759-4b18-ad15-0820d1e99791","Numeric","رقمية","numeric","a04cf0bf-fece-46c0-aa7d-0ad1e7618a8d","Haver Analytics","هافر أناليتكس","haver","d4fcceee-b555-4b9f-b78f-027d74f0dd16","None","لا شيء","none","086235a4-0f6b-48d1-8de3-11218bbbf1fd","Data Warehouse","مستودع البيانات","dwh","8/5/2026 9:16:42 AM",""
"5ddcfb1b-0cfb-4ce8-7acc-08dec461c23d","5fab87f3-d983-46d4-9850-08dec461c232","49cf5ea5-2b7c-45a0-939b-51921316027a","True","Number of Jobs in the Sector (Financial & Insurance Sector)","عدد الوظائف في القطاع (الأنشطة المالية وأنشطة التأمين)","Number of Jobs in the Sector (Financial & Insurance Sector)","عدد الوظائف في القطاع (الأنشطة المالية وأنشطة التأمين)","Number of Jobs in the Sector","عدد الوظائف في القطاع","0.0","","","","","","False","False","","a4ede074-5957-46ab-a6e6-341e291f2080","%","%","%","01ceed6f-d4e2-492d-926b-176b9c7cb3b6","Increase","زيادة","increase","1d67db34-e759-4b18-ad15-0820d1e99791","Numeric","رقمية","numeric","147da856-dcc2-4e84-b8ae-dfaf95efb2aa","Qatar Central Bank","مصرف قطر المركزي","qcb","e389a8df-ca73-45c6-843a-a9624f54b150","Max","أقصى","max","4bf72625-9589-4588-913c-f36d5c7b2423","Manual","يدوياً","manual","8/10/2026 11:27:48 AM",""
"6daa7594-4238-483d-92c5-08dec462e127","f0c369a6-468a-4ebc-00d1-08dec462e11d","2ec9f97d-5c61-42b2-72d5-08dd8c9ae75d","True","Total Production","إجمالي الإنتاج","Total Production in Agriculture and Livestock refers to the overall quantity of crops, livestock, and related products produced in a specific period within a country or region. It includes all agricultural outputs such as grains, vegetables, fruits, and animal products like meat, milk, and eggs. This measure helps gauge the performance of the agricultural and livestock sectors and is crucial for food security, economic planning, and export activities","يقيس مؤشر إنتاجية المحاصيل إجمالي المحاصيل المنتجة لكل وحدة مساحة من الأرض           ، وعادة ما يتم قياسها بالأطنان لكل هكتار أو وحدات أخرى ذات صلة. ويُعد هذا المؤشر عاملًا مهمًا في قياس الإنتاجية الزراعية           ، حيث يعكس كفاءة الأعمال الزراعية           ، وصحة التربة           ، والظروف المناخية           ، والتطورات التكنولوجية. وتُعتبر الإنتاجية العالية للمحاصيل ضرورية لضمان الأمن الغذائي وتعظيم الاستفادة من الأراضي           ، لا سيما في المناطق التي تعاني من محدودية الأراضي الصالحة للزراعة","Total Production","إجمالي الإنتاج","0.00","1.03","2021","2.1","2030","Total Production","False","False","","7a6949dc-7eb7-4c0d-b2eb-24b56c8fdb76","m MT","مليون طن","mmt","01ceed6f-d4e2-492d-926b-176b9c7cb3b6","Increase","زيادة","increase","1d67db34-e759-4b18-ad15-0820d1e99791","Numeric","رقمية","numeric","603b0af1-70bf-4257-8f57-4861e33ae17c","National Planning Council","المجلس الوطني للتخطيط","npc","d4fcceee-b555-4b9f-b78f-027d74f0dd16","None","لا شيء","none","086235a4-0f6b-48d1-8de3-11218bbbf1fd","Data Warehouse","مستودع البيانات","dwh","6/7/2026 10:03:29 AM",""
"beee30c1-b0ee-4b24-92c6-08dec462e127","f8a7c25c-ab6b-4c5d-00d2-08dec462e11d","07015657-de39-4f52-a655-2b2fb17f13b1","True","Number of Students per Teacher in Public Schools (K-12 Public Schools)","نسبة المعلمين الى الطلبة في المدارس الحكومية (رياض الأطفال – المرحلة الثانوية)","-","-","Number of Students per Teacher in Public Schools (K-12 Public Schools)","نسبة المعلمين الى الطلبة في المدارس الحكومية (رياض الأطفال – المرحلة الثانوية)","0","9.2","2021","10","2030","","False","False","","3d027509-2bb6-4915-b218-63311478fc3a","NA","غير متاح","NA","01ceed6f-d4e2-492d-926b-176b9c7cb3b6","Increase","زيادة","increase","1d67db34-e759-4b18-ad15-0820d1e99791","Numeric","رقمية","numeric","0be7cb31-3121-4ca0-a0bc-bd2425fc643f","Ministry Of Education And Higher Education","وزارة التربية والتعليم العالي","mehe","d4fcceee-b555-4b9f-b78f-027d74f0dd16","None","لا شيء","none","4bf72625-9589-4588-913c-f36d5c7b2423","Manual","يدوياً","manual","6/7/2026 10:50:51 AM",""
"07404f32-6713-452b-92c7-08dec462e127","9f8975c5-215a-4533-00d3-08dec462e11d","da78f8dd-30e5-4fee-a14f-390b39238f1e","True","Share of Qatari Students Out of Total Number of Students in Public Schools (K-12)","نسبة الطلبة القطريين من إجمالي عدد الطلاب في المدارس الحكومية (رياض الأطفال – المرحلة الثانوية)","-","-","Share of Qatari Students Out of Total Number of Students in Public Schools (K-12)","نسبة الطلبة القطريين من إجمالي عدد الطلاب في المدارس الحكومية (رياض الأطفال – المرحلة الثانوية)","0","52","2020","","2024","","False","False","","a4ede074-5957-46ab-a6e6-341e291f2080","%","%","%","01ceed6f-d4e2-492d-926b-176b9c7cb3b6","Increase","زيادة","increase","1d67db34-e759-4b18-ad15-0820d1e99791","Numeric","رقمية","numeric","0be7cb31-3121-4ca0-a0bc-bd2425fc643f","Ministry Of Education And Higher Education","وزارة التربية والتعليم العالي","mehe","d4fcceee-b555-4b9f-b78f-027d74f0dd16","None","لا شيء","none","4bf72625-9589-4588-913c-f36d5c7b2423","Manual","يدوياً","manual","6/7/2026 10:51:44 AM",""
"d14eadeb-a8bf-4242-92c8-08dec462e127","2d6acf61-cf68-4f92-00d4-08dec462e11d","3d85d6ee-df7c-4102-a875-04cfb3eb72ad","True","Sector Contribution To GDP","مساهمة القطاع في الناتج المحلي الإجمالي (المعلومات والاتصالات)","<p>The Information Sector Contribution to GDP measures the share of the economy's total output attributed to the information sector, which includes industries such as telecommunications, media, technology, software, and data services. This sector is critical in modern economies, reflecting the increasing importance of digital services and information technology in driving economic growth and development.</p>","<p>يقيس مؤشر مساهمة القطاع في الناتج المحلي الإجمالي حصة قطاع المعلومات والاتصالات من الناتج المحلي الإجمالي لاقتصاد الدولة                             ، ويشمل قطاعات الاتصالات                             ، والإعلام                             ، والتكنولوجيا                             ، والبرمجيات                             ، وخدمات البيانات. يُعتبر هذا القطاع أحد القطاعات الحيوية في الاقتصادات الحديثة                             ، حيث يعكس الأهمية المتزايدة للخدمات الرقمية وتكنولوجيا المعلومات في تحفيز النمو الاقتصادي والتنمية.</p>","Sector Contribution To GDP (ICT)","مساهمة القطاع في الناتج المحلي الإجمالي (المعلومات والاتصالات)","bn0.00","10.97","2021","21.56","2030","Sector Contribution To GDP (ICT)","False","False","","06b275ce-19b8-4d37-96bd-c0d58533add9","QAR","ر.ق","qar","01ceed6f-d4e2-492d-926b-176b9c7cb3b6","Increase","زيادة","increase","1d67db34-e759-4b18-ad15-0820d1e99791","Numeric","رقمية","numeric","603b0af1-70bf-4257-8f57-4861e33ae17c","National Planning Council","المجلس الوطني للتخطيط","npc","d4fcceee-b555-4b9f-b78f-027d74f0dd16","None","لا شيء","none","086235a4-0f6b-48d1-8de3-11218bbbf1fd","Data Warehouse","مستودع البيانات","dwh","6/8/2026 12:39:41 PM",""
"0bb14f2b-72e8-47f3-9052-08decabb6cc4","32bb4d16-587b-4c9a-c6c9-08decabb6cc2","da33cde5-8b69-46cf-be37-1e932618ada8","True","Share of Qatari Teachers","نسبة المعلمين القطريين","<p>-</p>","<p>-</p>","Share of Qatari Teachers","نسبة المعلمين القطريين","0","29","2021","50","2024","","False","False","","a4ede074-5957-46ab-a6e6-341e291f2080","%","%","%","01ceed6f-d4e2-492d-926b-176b9c7cb3b6","Increase","زيادة","increase","1d67db34-e759-4b18-ad15-0820d1e99791","Numeric","رقمية","numeric","0be7cb31-3121-4ca0-a0bc-bd2425fc643f","Ministry Of Education And Higher Education","وزارة التربية والتعليم العالي","mehe","d4fcceee-b555-4b9f-b78f-027d74f0dd16","None","لا شيء","none","4bf72625-9589-4588-913c-f36d5c7b2423","Manual","يدوياً","manual","6/15/2026 11:52:26 AM",""
"cf9fd2b2-0480-42db-f4e4-08decfcf581a","3a1df49d-ed50-444c-16f3-08decfcf5819","a3dfe88c-7609-44f5-b043-411f246e1809","False","Hydrocarbon Revenue","إيرادات الهيدروكربونات","<p>Hydrocarbon Revenue</p>","<p>إيرادات الهيدروكربونات</p>","Hydrocarbon Revenue","إيرادات الهيدروكربونات",".1","","","","","","False","False","","1c948c21-21b6-426d-8aa0-b1fb90f3c1f9","bn QAR","مليار رق","bn QAR","01ceed6f-d4e2-492d-926b-176b9c7cb3b6","Increase","زيادة","increase","1d67db34-e759-4b18-ad15-0820d1e99791","Numeric","رقمية","numeric","b415883c-04c1-427f-828b-671b4587c8ac","Ministry Of Finance","وزارة المالية","mof","7cf442e4-1792-4837-a26c-2b99be6cb3e3","Sum","مجموع","sum","4bf72625-9589-4588-913c-f36d5c7b2423","Manual","يدوياً","manual","6/23/2026 9:22:23 AM",""
"95a585e3-80d5-4a16-f4e5-08decfcf581a","3a1df49d-ed50-444c-16f3-08decfcf5819","e49c36a1-8411-4175-bf76-fb285db10194","False","Salaries","الرواتب","<p>Salaries</p>","<p>الرواتب</p>","Salaries","الرواتب","","","","","","","False","False","","1c948c21-21b6-426d-8aa0-b1fb90f3c1f9","bn QAR","مليار رق","bn QAR","01ceed6f-d4e2-492d-926b-176b9c7cb3b6","Increase","زيادة","increase","1d67db34-e759-4b18-ad15-0820d1e99791","Numeric","رقمية","numeric","b415883c-04c1-427f-828b-671b4587c8ac","Ministry Of Finance","وزارة المالية","mof","7cf442e4-1792-4837-a26c-2b99be6cb3e3","Sum","مجموع","sum","4bf72625-9589-4588-913c-f36d5c7b2423","Manual","يدوياً","manual","6/23/2026 9:22:23 AM",""
"990d2e5e-83a2-4d42-f4e6-08decfcf581a","3a1df49d-ed50-444c-16f3-08decfcf5819","d4b84090-8c20-49d5-9921-c94130b68724","False","Non-Hydrocarbon Revenue","الإيرادات غير الهيدروكربونية","<p>Non-Hydrocarbon Revenue</p>","<p>الإيرادات غير الهيدروكربونية</p>","Non-Hydrocarbon Revenue","الإيرادات غير الهيدروكربونية",".0","","","","","","False","False","","1c948c21-21b6-426d-8aa0-b1fb90f3c1f9","bn QAR","مليار رق","bn QAR","01ceed6f-d4e2-492d-926b-176b9c7cb3b6","Increase","زيادة","increase","1d67db34-e759-4b18-ad15-0820d1e99791","Numeric","رقمية","numeric","b415883c-04c1-427f-828b-671b4587c8ac","Ministry Of Finance","وزارة المالية","mof","7cf442e4-1792-4837-a26c-2b99be6cb3e3","Sum","مجموع","sum","4bf72625-9589-4588-913c-f36d5c7b2423","Manual","يدوياً","manual","6/23/2026 9:22:23 AM",""
"d096b68f-d333-4cad-f4e7-08decfcf581a","3a1df49d-ed50-444c-16f3-08decfcf5819","6b2cdfd5-94cb-4bd8-899d-8f058ff0099b","False","Total Expenditure","إجمالي الإنفاق","<p>Total Expenditure</p>","<p>إجمالي الإنفاق</p>","Total Expenditure","إجمالي الإنفاق","","","","","","","False","False","","1c948c21-21b6-426d-8aa0-b1fb90f3c1f9","bn QAR","مليار رق","bn QAR","01ceed6f-d4e2-492d-926b-176b9c7cb3b6","Increase","زيادة","increase","1d67db34-e759-4b18-ad15-0820d1e99791","Numeric","رقمية","numeric","b415883c-04c1-427f-828b-671b4587c8ac","Ministry Of Finance","وزارة المالية","mof","7cf442e4-1792-4837-a26c-2b99be6cb3e3","Sum","مجموع","sum","4bf72625-9589-4588-913c-f36d5c7b2423","Manual","يدوياً","manual","6/23/2026 9:22:23 AM",""
"2d5b179d-6b42-45b6-f4e8-08decfcf581a","3a1df49d-ed50-444c-16f3-08decfcf5819","e20c6c2b-2bc7-4545-9568-a21838eb8662","False","Budget Deficit/Surplus","العجز/الفائض في الميزانية","<p>Budget Deficit/Surplus</p>","<p>العجز/الفائض في الميزانية</p>","Budget Deficit","العجز/الفائض في الميزانية",".1","","","","","","False","False","","1c948c21-21b6-426d-8aa0-b1fb90f3c1f9","bn QAR","مليار رق","bn QAR","01ceed6f-d4e2-492d-926b-176b9c7cb3b6","Increase","زيادة","increase","1d67db34-e759-4b18-ad15-0820d1e99791","Numeric","رقمية","numeric","b415883c-04c1-427f-828b-671b4587c8ac","Ministry Of Finance","وزارة المالية","mof","7cf442e4-1792-4837-a26c-2b99be6cb3e3","Sum","مجموع","sum","4bf72625-9589-4588-913c-f36d5c7b2423","Manual","يدوياً","manual","6/23/2026 9:22:23 AM",""
"97ba0931-848d-484e-f4e9-08decfcf581a","3a1df49d-ed50-444c-16f3-08decfcf5819","d55a2af9-2b3d-44c2-aaa6-a250feb45a53","True","Total Revenue","إجمالي الإيرادات","<p style=""text-align:justify;"">State Budget Performance tracks the overall fiscal position of Qatar by measuring total revenues from both hydrocarbon and non-hydrocarbon sources against total expenditures across the four budget chapters (Salaries, Current Expenditure, Minor Capex, and Major Capex). The resulting difference is the budget balance: a surplus when revenues exceed expenditure, a deficit when they do not. It is the primary lens through which fiscal health, revenue adequacy, and spending discipline are assessed. A surplus is favourable; a sustained deficit signals a need for either revenue recovery or debt financing.</p>","<p>يرصد مؤشر أداء الموازنة العامة للدولة المركز المالي الكلي من خلال قياس إجمالي الإيرادات — من مصادر هيدروكربونية وغير هيدروكربونية — في مواجهة إجمالي النفقات الموزّعة على أبوابها الأربعة (الرواتب والأجور     ، والنفقات الجارية     ، والإنفاق الرأسمالي الصغير     ، والإنفاق الرأسمالي الكبير). ويُعدّ الفارق بين الرقمَين رصيد الموازنة: فائض حين تتجاوز الإيرادات النفقات     ، وعجز في الحالة المعاكسة. يُقاس بمليار ريال قطري على أساس ربعي     ، وهو المقياس الأساسي للحكم على السلامة المالية وكفاية الإيرادات وانضباط الإنفاق. الفائض مؤشر إيجابي؛ والعجز المستمر يستدعي تعافياً في الإيرادات أو تمويلاً بالدَّين.</p>","Total Revenue","إجمالي الإيرادات","","","","","","","False","False","","1c948c21-21b6-426d-8aa0-b1fb90f3c1f9","bn QAR","مليار رق","bn QAR","01ceed6f-d4e2-492d-926b-176b9c7cb3b6","Increase","زيادة","increase","1d67db34-e759-4b18-ad15-0820d1e99791","Numeric","رقمية","numeric","b415883c-04c1-427f-828b-671b4587c8ac","Ministry Of Finance","وزارة المالية","mof","7cf442e4-1792-4837-a26c-2b99be6cb3e3","Sum","مجموع","sum","4bf72625-9589-4588-913c-f36d5c7b2423","Manual","يدوياً","manual","6/23/2026 9:22:23 AM",""
"813ef69b-0fc0-40d1-f4ea-08decfcf581a","4cc09467-f0d6-435c-16f4-08decfcf5819","3b90c2d2-2258-4693-a845-6c82545e9b9c","False","Expenditure","الإنفاق","<p>Expenditure</p>","<p>الإنفاق</p>","Expenditure","الإنفاق",".1","","","","","","False","False","","1c948c21-21b6-426d-8aa0-b1fb90f3c1f9","bn QAR","مليار رق","bn QAR","01ceed6f-d4e2-492d-926b-176b9c7cb3b6","Increase","زيادة","increase","1d67db34-e759-4b18-ad15-0820d1e99791","Numeric","رقمية","numeric","b415883c-04c1-427f-828b-671b4587c8ac","Ministry Of Finance","وزارة المالية","mof","7cf442e4-1792-4837-a26c-2b99be6cb3e3","Sum","مجموع","sum","4bf72625-9589-4588-913c-f36d5c7b2423","Manual","يدوياً","manual","6/23/2026 9:37:27 AM",""
"3c061c1e-f1ae-49a8-f4eb-08decfcf581a","4cc09467-f0d6-435c-16f4-08decfcf5819","adb47e33-2aa5-4416-a8b5-ba75bb017a96","False","Surplus/Deficit","الفائض/العجز","<p>Surplus/Deficit</p>","<p>الفائض/العجز</p>","Surplus/Deficit","الفائض/العجز",".1","","","","","","False","False","","1c948c21-21b6-426d-8aa0-b1fb90f3c1f9","bn QAR","مليار رق","bn QAR","01ceed6f-d4e2-492d-926b-176b9c7cb3b6","Increase","زيادة","increase","1d67db34-e759-4b18-ad15-0820d1e99791","Numeric","رقمية","numeric","b415883c-04c1-427f-828b-671b4587c8ac","Ministry Of Finance","وزارة المالية","mof","7cf442e4-1792-4837-a26c-2b99be6cb3e3","Sum","مجموع","sum","4bf72625-9589-4588-913c-f36d5c7b2423","Manual","يدوياً","manual","6/23/2026 9:37:27 AM",""
"9a129fae-322e-41a7-f4ec-08decfcf581a","4cc09467-f0d6-435c-16f4-08decfcf5819","24bb59a2-1f93-45f9-b905-bebd157c978e","True","Revenue","الإيرادات","<p style=""text-align:justify;"">This indicator plots total government revenue and total expenditure on the same scale each quarter, with the gap between them showing the budget balance — surplus when revenue exceeds expenditure, deficit when it does not. It is the clearest view of whether the State is living within its means.&nbsp;</p>","<p style=""text-align:justify;"">يرسم هذا المؤشر إجمالي إيرادات الحكومة وإجمالي النفقات على نفس المقياس في كل ربع سنة  ، مع الفجوة بينهما التي تظهر ميزان الميزانية — فائض عندما تتجاوز الإيرادات الإنفاق  ، وعجز عندما لا يتجاوز ذلك. إنها أوضح رؤية حول ما إذا كانت الدولة تعيش ضمن إمكانياتها.&nbsp;</p>","Revenue","الإيرادات",".1","","","","","","False","False","","1c948c21-21b6-426d-8aa0-b1fb90f3c1f9","bn QAR","مليار رق","bn QAR","01ceed6f-d4e2-492d-926b-176b9c7cb3b6","Increase","زيادة","increase","1d67db34-e759-4b18-ad15-0820d1e99791","Numeric","رقمية","numeric","b415883c-04c1-427f-828b-671b4587c8ac","Ministry Of Finance","وزارة المالية","mof","7cf442e4-1792-4837-a26c-2b99be6cb3e3","Sum","مجموع","sum","4bf72625-9589-4588-913c-f36d5c7b2423","Manual","يدوياً","manual","6/23/2026 9:37:27 AM",""
"b775c140-dde0-44e7-f4ed-08decfcf581a","af7b505f-f7e9-43f1-16f5-08decfcf5819","3670a6dc-0929-4a0d-8a5f-ff903bb31030","False","Minor Capex","النفقات الرأسمالية الثانوية","<p>Minor Capex</p>","<p>النفقات الرأسمالية الثانوية</p>","Minor Capex","النفقات الرأسمالية الثانوية",".1","","","","","","False","False","","1c948c21-21b6-426d-8aa0-b1fb90f3c1f9","bn QAR","مليار رق","bn QAR","01ceed6f-d4e2-492d-926b-176b9c7cb3b6","Increase","زيادة","increase","1d67db34-e759-4b18-ad15-0820d1e99791","Numeric","رقمية","numeric","b415883c-04c1-427f-828b-671b4587c8ac","Ministry Of Finance","وزارة المالية","mof","d4fcceee-b555-4b9f-b78f-027d74f0dd16","None","لا شيء","none","4bf72625-9589-4588-913c-f36d5c7b2423","Manual","يدوياً","manual","6/23/2026 10:06:55 AM",""
"30f32351-c16e-4777-f4ee-08decfcf581a","af7b505f-f7e9-43f1-16f5-08decfcf5819","4e6db02d-9698-4f89-881c-5c71bc45ff0b","False","Salaries","الرواتب","<p>Salaries</p>","<p>الرواتب</p>","Salaries","الرواتب",".1","","","","","","False","False","","1c948c21-21b6-426d-8aa0-b1fb90f3c1f9","bn QAR","مليار رق","bn QAR","01ceed6f-d4e2-492d-926b-176b9c7cb3b6","Increase","زيادة","increase","1d67db34-e759-4b18-ad15-0820d1e99791","Numeric","رقمية","numeric","b415883c-04c1-427f-828b-671b4587c8ac","Ministry Of Finance","وزارة المالية","mof","7cf442e4-1792-4837-a26c-2b99be6cb3e3","Sum","مجموع","sum","4bf72625-9589-4588-913c-f36d5c7b2423","Manual","يدوياً","manual","6/23/2026 10:06:55 AM",""
"32a3b554-5c6d-4a02-f4ef-08decfcf581a","af7b505f-f7e9-43f1-16f5-08decfcf5819","5bec9e6f-7427-4527-a519-3fdab55e96c7","True","Total Expenditure","إجمالي الإنفاق","<p style=""text-align:justify;"">This indicator disaggregates total government spending into its four statutory chapters: Chapter I (Salaries and Wages), Chapter II (Current Expenditure — operational costs and services), Chapter III (Minor Capex — equipment and fixed assets), and Chapter IV (Major Capex — large infrastructure and development projects). Understanding the composition of spending reveals where fiscal flexibility exists and which chapters are driving growth. Measured in QR Billion, with the 2026 approved annual budget at QR 220.8 billion.</p>","<p style=""text-align:justify;"">يقسم هذا المؤشر إجمالي الإنفاق الحكومي إلى فصول قانونية أربعة: الفصل الأول (الرواتب والأجور)  ، الفصل الثاني (الإنفاق الجاري — التكاليف التشغيلية والخدمات)  ، الفصل الثالث (النفقات الرأسمالية الصغيرة — المعدات والأصول الثابتة)  ، والفصل الرابع (رأس المال الرئيسي — مشاريع البنية التحتية والتطوير الكبيرة). فهم تركيبة الإنفاق يكشف عن أماكن وجود المرونة المالية وأي الفصول تدفع النمو. يقاس بمليار ريال قطر  ، مع ميزانية سنوية معتمدة لعام 2026 بقيمة 220.8 مليار ريال قطري.</p>","Total Expenditure","إجمالي الإنفاق",".0","","","","","","False","False","","1c948c21-21b6-426d-8aa0-b1fb90f3c1f9","bn QAR","مليار رق","bn QAR","01ceed6f-d4e2-492d-926b-176b9c7cb3b6","Increase","زيادة","increase","1d67db34-e759-4b18-ad15-0820d1e99791","Numeric","رقمية","numeric","b415883c-04c1-427f-828b-671b4587c8ac","Ministry Of Finance","وزارة المالية","mof","7cf442e4-1792-4837-a26c-2b99be6cb3e3","Sum","مجموع","sum","4bf72625-9589-4588-913c-f36d5c7b2423","Manual","يدوياً","manual","6/23/2026 10:06:55 AM",""
"cd981832-b236-43af-f4f0-08decfcf581a","af7b505f-f7e9-43f1-16f5-08decfcf5819","410e9704-ec5d-4099-ba9c-cc7f9a64ba8b","False","Current Expenditure","الإنفاق الجاري","<p>Current Expenditure</p>","<p>الإنفاق الجاري</p>","Current Expenditure","الإنفاق الجاري",".1","","","","","","False","False","","1c948c21-21b6-426d-8aa0-b1fb90f3c1f9","bn QAR","مليار رق","bn QAR","01ceed6f-d4e2-492d-926b-176b9c7cb3b6","Increase","زيادة","increase","1d67db34-e759-4b18-ad15-0820d1e99791","Numeric","رقمية","numeric","b415883c-04c1-427f-828b-671b4587c8ac","Ministry Of Finance","وزارة المالية","mof","7cf442e4-1792-4837-a26c-2b99be6cb3e3","Sum","مجموع","sum","4bf72625-9589-4588-913c-f36d5c7b2423","Manual","يدوياً","manual","6/23/2026 10:06:55 AM",""
"a37e64aa-4417-4600-f4f1-08decfcf581a","af7b505f-f7e9-43f1-16f5-08decfcf5819","7a80950e-8322-4423-a362-f28c20826984","False","Major Projects","المشاريع الرئيسية","<p>Major Projects</p>","<p>المشاريع الرئيسية</p>","Major Projects","المشاريع الرئيسية",".1","","","","","","False","False","","1c948c21-21b6-426d-8aa0-b1fb90f3c1f9","bn QAR","مليار رق","bn QAR","01ceed6f-d4e2-492d-926b-176b9c7cb3b6","Increase","زيادة","increase","1d67db34-e759-4b18-ad15-0820d1e99791","Numeric","رقمية","numeric","b415883c-04c1-427f-828b-671b4587c8ac","Ministry Of Finance","وزارة المالية","mof","7cf442e4-1792-4837-a26c-2b99be6cb3e3","Sum","مجموع","sum","4bf72625-9589-4588-913c-f36d5c7b2423","Manual","يدوياً","manual","6/23/2026 10:06:55 AM",""
"309fecc8-04a0-4478-d2e6-08ded4dc1597","9c037f4d-5d9a-4e73-66e2-08ded4dc1595","38c8f46d-261e-4d64-bc36-2a3144141478","True","Number of Health Practitioners","عدد ممارسي مهنة الطب","<p>-</p>","<p>-</p>","Number of Health Practitioners","عدد ممارسي مهنة الطب","0","47704","2021","59733","2030","","False","False","","3d027509-2bb6-4915-b218-63311478fc3a","NA","غير متاح","NA","01ceed6f-d4e2-492d-926b-176b9c7cb3b6","Increase","زيادة","increase","1d67db34-e759-4b18-ad15-0820d1e99791","Numeric","رقمية","numeric","6f741451-7d19-480b-9493-3653cb304a23","Ministry Of Public Health","وزارة الصحة العامة","moph","d4fcceee-b555-4b9f-b78f-027d74f0dd16","None","لا شيء","none","4bf72625-9589-4588-913c-f36d5c7b2423","Manual","يدوياً","manual","6/28/2026 9:11:25 AM",""
"da8f1e27-2bd7-4d2f-d2e7-08ded4dc1597","8c80bd45-0ad9-41ac-66e3-08ded4dc1595","ad56e792-3773-434f-9abf-637144485d35","True","Non-Hydrocarbon Government Revenues as Share of Government Revenues","نسبة الإيرادات الحكومية غير الهيدروكربونية من إجمالي الإيرادات الحكومية","<p><span style=""font-size:11.0pt;"">Non-Hydrocarbon Government Revenues as Share of Government Revenues measures the share of non-hydrocarbon revenue to the total revenue which includes hydrocarbon and non-hydrocarbon revenue. It is a measure of diversification of the government’s financing sources.</span></p>","<p><span style=""font-size:11.0pt;"">تُمثل الإيرادات الحكومية غير الهيدروكربونية نسبة الإيرادات غير المرتبطة بالنفط والغاز من إجمالي الإيرادات التي تشمل الإيرادات الهيدروكربونية وغير الهيدروكربونية. ويُعد هذا المؤشر مقياسًا لمدى تنويع مصادر تمويل الحكومة.</span></p>","Non-Hydrocarbon","غير الهيدروكربونية","0.0","17.61","2019","","2030","","False","False","","a4ede074-5957-46ab-a6e6-341e291f2080","%","%","%","01ceed6f-d4e2-492d-926b-176b9c7cb3b6","Increase","زيادة","increase","1d67db34-e759-4b18-ad15-0820d1e99791","Numeric","رقمية","numeric","b415883c-04c1-427f-828b-671b4587c8ac","Ministry Of Finance","وزارة المالية","mof","d4fcceee-b555-4b9f-b78f-027d74f0dd16","None","لا شيء","none","4bf72625-9589-4588-913c-f36d5c7b2423","Manual","يدوياً","manual","6/28/2026 10:26:58 AM",""
"89f1fdc0-cf06-4569-d2e8-08ded4dc1597","a5dc655f-39dd-465c-66e4-08ded4dc1595","ed05d2dc-488a-4a02-9f99-af102e5431db","True","Sector Contribution To GDP","مساهمة القطاع في الناتج المحلي الإجمالي (النقل والتخزين)","<p>Sector Contribution to GDP in Transportation and Storage refers to the share of a country's economic output derived from the transportation, logistics, and warehousing sectors. This includes activities like road, rail, air, and sea transportation, as well as storage and distribution services. This sector plays a crucial role in facilitating trade, supporting supply chains, and driving overall economic activity by connecting businesses and consumers</p>","<p>يقيس مؤشر مساهمة القطاع في الناتج المحلي الإجمالي حصة قطاع النقل والتخزين من الناتج المحلي الإجمالي لاقتصاد الدولة                                   ، ويشمل ذلك أنشطة النقل البري                                   ، والسكك الحديدية                                   ، والنقل الجوي                                   ، والنقل البحري                                   ، بالإضافة إلى خدمات التخزين والتوزيع. يلعب هذا القطاع دورًا حيويًا في تسهيل التجارة                                   ، ودعم سلاسل الإمداد                                   ، وتحفيز النشاط الاقتصادي بشكل عام من خلال إيصال الأعمال التجارية بالمستهلكين</p>","Sector Contribution To GDP (Transportation and storage)","مساهمة القطاع في الناتج المحلي الإجمالي (النقل والتخزين)","bn0.00","20.8","2021","37","2030","Sector Contribution To GDP (Transportation and storage)","False","False","","06b275ce-19b8-4d37-96bd-c0d58533add9","QAR","ر.ق","qar","01ceed6f-d4e2-492d-926b-176b9c7cb3b6","Increase","زيادة","increase","1d67db34-e759-4b18-ad15-0820d1e99791","Numeric","رقمية","numeric","603b0af1-70bf-4257-8f57-4861e33ae17c","National Planning Council","المجلس الوطني للتخطيط","npc","d4fcceee-b555-4b9f-b78f-027d74f0dd16","None","لا شيء","none","086235a4-0f6b-48d1-8de3-11218bbbf1fd","Data Warehouse","مستودع البيانات","dwh","6/30/2026 8:15:18 AM",""
"c38559ee-c2a7-4bcb-04fb-08deda71879d","9edc764f-f529-4b94-1ec6-08deda71879b","082dd445-5662-4931-8631-17547c4d3d80","True","Share of Beds in Semi-Public Hospitals","نسبة الأسرة في مستشفيات القطاع شبه حكومي","<p>-</p>","<p>-</p>","Share of Beds in Semi-Public Hospitals","نسبة الأسرة في مستشفيات القطاع شبه حكومي","0","5.3","2022","10","2030","","False","False","","a4ede074-5957-46ab-a6e6-341e291f2080","%","%","%","6b8715ba-be56-493a-8b21-28c104b71b6d","Decrease","انخفاض","decrease","1d67db34-e759-4b18-ad15-0820d1e99791","Numeric","رقمية","numeric","6f741451-7d19-480b-9493-3653cb304a23","Ministry Of Public Health","وزارة الصحة العامة","moph","d4fcceee-b555-4b9f-b78f-027d74f0dd16","None","لا شيء","none","4bf72625-9589-4588-913c-f36d5c7b2423","Manual","يدوياً","manual","7/5/2026 11:43:47 AM",""
"d15e7d79-d8a6-4496-04fc-08deda71879d","6a025aec-0e58-4a9c-1ec7-08deda71879b","517be23f-bc0d-4fc1-b6cf-9efae7989787","True","Share of Beds in Public Hospitals","نسبة الأسرة في مستشفيات القطاع الحكومي","<p>-</p>","<p>-</p>","Share of Beds in Public Hospitals","نسبة الأسرة في مستشفيات القطاع الحكومي","0","81.7","2022","60","2030","","False","False","","a4ede074-5957-46ab-a6e6-341e291f2080","%","%","%","6b8715ba-be56-493a-8b21-28c104b71b6d","Decrease","انخفاض","decrease","1d67db34-e759-4b18-ad15-0820d1e99791","Numeric","رقمية","numeric","6f741451-7d19-480b-9493-3653cb304a23","Ministry Of Public Health","وزارة الصحة العامة","moph","d4fcceee-b555-4b9f-b78f-027d74f0dd16","None","لا شيء","none","4bf72625-9589-4588-913c-f36d5c7b2423","Manual","يدوياً","manual","7/5/2026 11:46:06 AM",""
"44346def-4945-4b96-04fd-08deda71879d","633dc513-6f33-4bb5-1ec8-08deda71879b","5e1c498e-b7b4-4f9c-f4f1-08dd8ca67e32","True","Network Readiness Index (NRI) Rank","ترتيب دولة قطر في مؤشر الجاهزية الشبكية","Qatar's ranking in the Network Readiness Index (NRI) improved significantly from 46th in 2023 to 39th in 2024, with a score of 57.31. However, Qatar's performance is below the trend line when considering its GDP per capita compared to other high-income countries.","ارتفع ترتيب دولة قطر في مؤشر الجاهزية الشبكية بشكل ملحوظ من المركز 46 في العام 2023 إلى المركز 39 في العام 2024             ، مع الحصول على درجة 57.31. ومع ذلك             ، يبقى أداء قطر أقل من المتوقع بالنظر إلى نصيب الفرد من الناتج المحلي الإجمالي مقارنة بالدول ذات الدخل المرتفع الأخرى.","Network Readiness Index (NRI) Rank","ترتيب دولة قطر في مؤشر الجاهزية الشبكية","00","42","2021","30","2030","Network Readiness Index (NRI) Rank","False","False","","8bff6dcb-b878-4602-8580-62f9f223958a","Rank","الترتيب","rank","6b8715ba-be56-493a-8b21-28c104b71b6d","Decrease","انخفاض","decrease","1d67db34-e759-4b18-ad15-0820d1e99791","Numeric","رقمية","numeric","e5f13209-0ccd-4855-a352-c3fccb0ebc09","Portulans Institute","معهد بورتولانس","pi","d4fcceee-b555-4b9f-b78f-027d74f0dd16","None","لا شيء","none","086235a4-0f6b-48d1-8de3-11218bbbf1fd","Data Warehouse","مستودع البيانات","dwh","7/5/2026 12:14:30 PM",""
"ed8c4af5-9c55-488b-8709-08dee641c19a","ecda5ca3-5c3f-431d-a32d-08dee641c198","51224862-8d71-4a69-a72f-4ca141a622fa","True","Share of Students Who Have Completed University Education As a Percentage of Total Post-Secondary Students - Non Qatari","نسبة الطلبة الذين أكملوا تعليمهم الجامعي كنسبة من إجمالي طلاب ما بعد الثانوية  - غير القطريين","-","-","Share of Students Who Have Completed University Education As a Percentage of Total Post-Secondary Students - Non Qatari","نسبة الطلبة الذين أكملوا تعليمهم الجامعي كنسبة من إجمالي طلاب ما بعد الثانوية  - غير القطريين","0","58","2021","","2024","","False","False","","a4ede074-5957-46ab-a6e6-341e291f2080","%","%","%","01ceed6f-d4e2-492d-926b-176b9c7cb3b6","Increase","زيادة","increase","1d67db34-e759-4b18-ad15-0820d1e99791","Numeric","رقمية","numeric","603b0af1-70bf-4257-8f57-4861e33ae17c","National Planning Council","المجلس الوطني للتخطيط","npc","d4fcceee-b555-4b9f-b78f-027d74f0dd16","None","لا شيء","none","4bf72625-9589-4588-913c-f36d5c7b2423","Manual","يدوياً","manual","7/20/2026 12:32:03 PM",""
"7944d2c6-1923-40c0-870a-08dee641c19a","51923029-874a-4a0e-a32e-08dee641c198","169f8521-98cf-416b-aa05-d569d814024e","True","Share of high-skilled labor - Qataris","نسبة الوظائف عالية المهارة من إجمالي الوظائف في القطاع - القطريين","-","-","Share of high-skilled labor - Qataris","نسبة الوظائف عالية المهارة من إجمالي الوظائف في القطاع - القطريين","0","0.17","2020","2","2030","","False","False","","a4ede074-5957-46ab-a6e6-341e291f2080","%","%","%","01ceed6f-d4e2-492d-926b-176b9c7cb3b6","Increase","زيادة","increase","1d67db34-e759-4b18-ad15-0820d1e99791","Numeric","رقمية","numeric","603b0af1-70bf-4257-8f57-4861e33ae17c","National Planning Council","المجلس الوطني للتخطيط","npc","d4fcceee-b555-4b9f-b78f-027d74f0dd16","None","لا شيء","none","4bf72625-9589-4588-913c-f36d5c7b2423","Manual","يدوياً","manual","7/21/2026 8:14:58 AM",""
"9cc91459-7e8e-4ec2-870b-08dee641c19a","9e0bf9c1-f585-4302-a32f-08dee641c198","e77652ec-701b-452e-8b47-6eb64e01b478","True","Water Consumption","استهلاك المياه","-","-","Water Consumption","استهلاك المياه","0","","2019","138","2030","","False","False","","d39745e1-ca4a-4e72-bfe9-ec78a38618a2","M3/MT","متر مكعب لكل طن متري","m3/mt","6b8715ba-be56-493a-8b21-28c104b71b6d","Decrease","انخفاض","decrease","1d67db34-e759-4b18-ad15-0820d1e99791","Numeric","رقمية","numeric","603b0af1-70bf-4257-8f57-4861e33ae17c","National Planning Council","المجلس الوطني للتخطيط","npc","d4fcceee-b555-4b9f-b78f-027d74f0dd16","None","لا شيء","none","4bf72625-9589-4588-913c-f36d5c7b2423","Manual","يدوياً","manual","7/21/2026 8:58:07 AM",""
"4f7ce84e-cbbf-4e8e-8714-08dee641c19a","db232b25-daca-4ab5-a338-08dee641c198","506abde5-1d36-47a3-bf29-47ad0c202157","True","Share of Students Who Have Completed University Education As a Percentage of Total Post-Secondary Students - Overall","نسبة الطلبة الذين أكملوا التعليم الجامعي كنسبة من إجمالي طلبة ما بعد المرحلة الثانوية - بشكل عام","-","-","Share of Students Who Have Completed University Education As a Percentage of Total Post-Secondary Students - Overall","نسبة الطلبة الذين أكملوا التعليم الجامعي كنسبة من إجمالي طلبة ما بعد المرحلة الثانوية - بشكل عام","0","58","2021","","2024","","False","False","","a4ede074-5957-46ab-a6e6-341e291f2080","%","%","%","01ceed6f-d4e2-492d-926b-176b9c7cb3b6","Increase","زيادة","increase","1d67db34-e759-4b18-ad15-0820d1e99791","Numeric","رقمية","numeric","603b0af1-70bf-4257-8f57-4861e33ae17c","National Planning Council","المجلس الوطني للتخطيط","npc","d4fcceee-b555-4b9f-b78f-027d74f0dd16","None","لا شيء","none","4bf72625-9589-4588-913c-f36d5c7b2423","Manual","يدوياً","manual","7/22/2026 12:54:10 PM",""
"a096a0e5-6d84-48e4-8715-08dee641c19a","4a88b450-130e-4be4-a339-08dee641c198","ed21f09b-4571-4b3e-a5c8-5cd1bd36f32d","True","Share of High-Skilled White Collar","نسبة الوظائف عالية المهارة من ذوي الياقات البيضاء","The Share of High-Skilled White Collar refers to the percentage of workers employed in high-skilled, non-manual jobs that typically require advanced education or specialized training, such as professionals in fields like management, finance, healthcare, engineering, and information technology. This share is important for assessing the level of knowledge-based, high-value employment in an economy, which contributes to innovation, productivity, and overall economic development","يقيس مؤشر نسبة الوظائف عالية المهارة من ذوي الياقات البيضاء إجمالي العاملين في وظائف عالية المهارة تتطلب عادة تعليمًا متقدمًا ومعرفة متخصصة            ، مثل المتخصصين في مجالات مثل الإدارة            ، والمالية            ، والرعاية الصحية            ، والهندسة            ، وتكنولوجيا المعلومات. يعكس المؤشر نسبة الوظائف ذات المعرفة وذات القيمة العالية في الاقتصاد            ، والتي تسهم في الابتكار            ، والإنتاجية            ، والتنمية الاقتصادية","Share of High-Skilled White Collar","نسبة الوظائف عالية المهارة من ذوي الياقات البيضاء","0","2.1","2020","4.5","2030","","False","False","","a4ede074-5957-46ab-a6e6-341e291f2080","%","%","%","01ceed6f-d4e2-492d-926b-176b9c7cb3b6","Increase","زيادة","increase","1d67db34-e759-4b18-ad15-0820d1e99791","Numeric","رقمية","numeric","603b0af1-70bf-4257-8f57-4861e33ae17c","National Planning Council","المجلس الوطني للتخطيط","npc","d4fcceee-b555-4b9f-b78f-027d74f0dd16","None","لا شيء","none","4bf72625-9589-4588-913c-f36d5c7b2423","Manual","يدوياً","manual","7/23/2026 8:49:54 AM",""
"6306cb7f-91a1-456e-8716-08dee641c19a","29d4d4aa-76d1-42a4-a33a-08dee641c198","2cb5357d-61ab-4b90-831b-ef573e502d2f","True","Sector Exports (Manufacturing)","صادرات القطاع (الصناعات التحويلية)","<p>-</p>","<p>-</p>","Sector Exports (Manufacturing)","صادرات القطاع (الصناعات التحويلية)","0.0","39.3","2021","50","2030","","False","False","","1c948c21-21b6-426d-8aa0-b1fb90f3c1f9","bn QAR","مليار رق","bn QAR","01ceed6f-d4e2-492d-926b-176b9c7cb3b6","Increase","زيادة","increase","1d67db34-e759-4b18-ad15-0820d1e99791","Numeric","رقمية","numeric","603b0af1-70bf-4257-8f57-4861e33ae17c","National Planning Council","المجلس الوطني للتخطيط","npc","7cf442e4-1792-4837-a26c-2b99be6cb3e3","Sum","مجموع","sum","4bf72625-9589-4588-913c-f36d5c7b2423","Manual","يدوياً","manual","7/23/2026 10:55:22 AM",""
"cae5d760-47a5-460c-c6b4-08deeafdc6dc","2fbc0553-b137-4021-0e03-08deeafdc6d6","b7402e69-fa20-403c-92c6-a9b08fed00f6","True","Government Revenues","الإيرادات الحكومية في ميزانية الدولة","<p>Government Revenue refers to the total income generated by a government from various sources to fund its operations, public services, and development projects. These revenues are critical for financing the government’s expenditures and maintaining the economy's stability.</p>","<p>الإيرادات الحكومية تشير إلى إجمالي الدخل الذي تحققه الحكومة من مصادر مختلفة لتمويل عملياتها                             ، والخدمات العامة                             ، ومشاريع التنمية. وتُعد هذه الإيرادات ضرورية لتمويل نفقات الحكومة والحفاظ على استقرار الاقتصاد.</p>","Government Revenues","الإجمالي","bn0.0","","","","","Government Revenues","False","False","","06b275ce-19b8-4d37-96bd-c0d58533add9","QAR","ر.ق","qar","01ceed6f-d4e2-492d-926b-176b9c7cb3b6","Increase","زيادة","increase","1d67db34-e759-4b18-ad15-0820d1e99791","Numeric","رقمية","numeric","b415883c-04c1-427f-828b-671b4587c8ac","Ministry Of Finance","وزارة المالية","mof","7cf442e4-1792-4837-a26c-2b99be6cb3e3","Sum","مجموع","sum","4bf72625-9589-4588-913c-f36d5c7b2423","Manual","يدوياً","manual","7/26/2026 1:18:07 PM",""
"68631efe-4a3e-4dae-c6b5-08deeafdc6dc","2fbc0553-b137-4021-0e03-08deeafdc6d6","604ea855-8ecb-43c9-b59a-2e138d386bed","False","Government Revenues - Non-Hydrocarbon","الإيرادات الحكومية غير الهيدروكربونية","Government revenue is the income a government earns from various sources to fund its expenditures, public services, and maintain economic stability.","الإيرادات الحكومية هي الدخل الذي تحصل عليه الدولة من مصادر متعددة لتمويل نفقاتها وخدماتها العامة وتحقيق الاستقرار الاقتصادي.","Non-Hydrocarbon","غير الهيدروكربونية","bn0.0","","","","","Government Revenues - Non-Hydrocarbon","False","False","","06b275ce-19b8-4d37-96bd-c0d58533add9","QAR","ر.ق","qar","01ceed6f-d4e2-492d-926b-176b9c7cb3b6","Increase","زيادة","increase","1d67db34-e759-4b18-ad15-0820d1e99791","Numeric","رقمية","numeric","b415883c-04c1-427f-828b-671b4587c8ac","Ministry Of Finance","وزارة المالية","mof","7cf442e4-1792-4837-a26c-2b99be6cb3e3","Sum","مجموع","sum","4bf72625-9589-4588-913c-f36d5c7b2423","Manual","يدوياً","manual","7/26/2026 1:18:07 PM",""
"3ebd2d5c-1aab-4f3d-c6b6-08deeafdc6dc","2fbc0553-b137-4021-0e03-08deeafdc6d6","e73de9a8-9887-4fd9-9ace-4a3812c4acc9","False","Government Revenues - Hydrocarbon","الإيرادات الحكومية الهيدروكربونية","Government revenue is the income a government earns from various sources to fund its expenditures, public services, and maintain economic stability.","الإيرادات الحكومية هي الدخل الذي تحصل عليه الدولة من مصادر متعددة لتمويل نفقاتها وخدماتها العامة وتحقيق الاستقرار الاقتصادي.","Hydrocarbon","الهيدروكربونية","bn0.0","214.8","2019","","2023","Government Revenues - Hydrocarbon","False","False","","06b275ce-19b8-4d37-96bd-c0d58533add9","QAR","ر.ق","qar","01ceed6f-d4e2-492d-926b-176b9c7cb3b6","Increase","زيادة","increase","1d67db34-e759-4b18-ad15-0820d1e99791","Numeric","رقمية","numeric","b415883c-04c1-427f-828b-671b4587c8ac","Ministry Of Finance","وزارة المالية","mof","7cf442e4-1792-4837-a26c-2b99be6cb3e3","Sum","مجموع","sum","4bf72625-9589-4588-913c-f36d5c7b2423","Manual","يدوياً","manual","7/26/2026 1:18:07 PM",""
"6712d390-77df-46ff-c6b7-08deeafdc6dc","6a664f7d-84e9-44a9-0e04-08deeafdc6d6","00a6a691-1295-4221-ab04-26fed2951cc6","True","Trade Balance (Goods & Services)","الميزان التجاري (السلع والخدمات)","The Trade Balance is the difference between the value of a country's exports and imports over a specific period","ميزان التجارة هو الفارق بين قيمة صادرات الدولة ووارداتها خلال فترة زمنية محددة","Trade Balance","الميزان التجاري","bn0.0","92.01","2019","","2024","Trade Balance","False","False","","06b275ce-19b8-4d37-96bd-c0d58533add9","QAR","ر.ق","qar","01ceed6f-d4e2-492d-926b-176b9c7cb3b6","Increase","زيادة","increase","1d67db34-e759-4b18-ad15-0820d1e99791","Numeric","رقمية","numeric","147da856-dcc2-4e84-b8ae-dfaf95efb2aa","Qatar Central Bank","مصرف قطر المركزي","qcb","7cf442e4-1792-4837-a26c-2b99be6cb3e3","Sum","مجموع","sum","4bf72625-9589-4588-913c-f36d5c7b2423","Manual","يدوياً","manual","7/26/2026 1:53:00 PM",""
"fe8a632a-26e7-4a31-c6b8-08deeafdc6dc","f2b33590-7ef4-45f3-0e05-08deeafdc6d6","421a84fd-9cf0-47bc-96ae-147be557650c","True","Share of Students Who Have Completed University Education As a Percentage of Total Post-Secondary Students - Qatari","نسبة الطلبة الذين أكملوا التعليم الجامعي كنسبة من إجمالي طلبة ما بعد المرحلة الثانوية - قطريين","-","-","Share of Students Who Have Completed University Education As a Percentage of Total Post-Secondary Students - Qatari","نسبة الطلبة الذين أكملوا التعليم الجامعي كنسبة من إجمالي طلبة ما بعد المرحلة الثانوية - قطريين","0","59","2021","","2024","","False","False","","a4ede074-5957-46ab-a6e6-341e291f2080","%","%","%","01ceed6f-d4e2-492d-926b-176b9c7cb3b6","Increase","زيادة","increase","1d67db34-e759-4b18-ad15-0820d1e99791","Numeric","رقمية","numeric","603b0af1-70bf-4257-8f57-4861e33ae17c","National Planning Council","المجلس الوطني للتخطيط","npc","d4fcceee-b555-4b9f-b78f-027d74f0dd16","None","لا شيء","none","4bf72625-9589-4588-913c-f36d5c7b2423","Manual","يدوياً","manual","7/28/2026 10:11:50 AM",""
"25c35273-5ea8-477d-a79f-08def0866aac","8e7d0bcf-78ac-47f1-790e-08def0866aa3","1c919eed-036e-41a6-8386-cf4a8dde6134","True","Public Debt as a Percentage of GDP (%)","الدين العام  (نسبة من الناتج المحلي الإجمالي)","Public debt is the total amount borrowed by the government from domestic or foreign sources to finance deficits or unmet expenditures; it including loans, bonds, and other liabilities.","الدين العام هو إجمالي المبالغ التي تقترضها الحكومة من مصادر داخلية أو خارجية لتمويل عجز الموازنة أو تغطية نفقات لا يمكن تمويلها من الإيرادات العامة                              ، ويشمل ذلك القروض والسندات وغيرها من الالتزامات المالية المستحقة على الدولة.","Public Debt (share of GDP)","الدين العام  (نسبة من الناتج المحلي الإجمالي)","0.0","63","2019","","2024","","False","False","","a4ede074-5957-46ab-a6e6-341e291f2080","%","%","%","6b8715ba-be56-493a-8b21-28c104b71b6d","Decrease","انخفاض","decrease","1d67db34-e759-4b18-ad15-0820d1e99791","Numeric","رقمية","numeric","b415883c-04c1-427f-828b-671b4587c8ac","Ministry Of Finance","وزارة المالية","mof","d4fcceee-b555-4b9f-b78f-027d74f0dd16","None","لا شيء","none","4bf72625-9589-4588-913c-f36d5c7b2423","Manual","يدوياً","manual","8/2/2026 2:08:44 PM",""
"889f81dd-9b61-48d0-a7a0-08def0866aac","90f51bae-c903-46a5-790f-08def0866aa3","77dfcbc9-0f65-4ad3-f4ed-08dd8ca67e32","True","Out-of-Pocket Expenditure as a Percentage of Current Health Expenditure","نسبة الإنفاق من الجيب الخاص من الإنفاق على قطاع الصحة الحالي","Out-of-Pocket Expenditure as a Percentage of Current Health Expenditure measures the proportion of health costs that individuals pay directly from their own funds, relative to the total national health expenditure. This indicator helps assess the financial burden on individuals and highlights reliance on private payments for healthcare services","يقيس مؤشر نسبة الإنفاق من الجيب الخاص من الإنفاق على قطاع الصحة الحالي (CHE)""  نسبة التكاليف الصحية التي يدفعها الأفراد مباشرة من أموالهم الخاصة مقارنة بإجمالي النفقات الصحية العامة. يساعد هذا المؤشر في تقييم العبء المالي على الأفراد ويبرز الاعتماد على المدفوعات الخاصة لتوفير خدمات الرعاية الصحية","Out-of-Pocket Expenditure as a Percentage of Current Health Expenditure","نسبة الإنفاق من الجيب الخاص من الإنفاق على قطاع الصحة الحالي","0.0","6.62","2019","10","2023","Out-of-Pocket Expenditure as a Percentage of Current Health Expenditure","False","False","","a4ede074-5957-46ab-a6e6-341e291f2080","%","%","%","6b8715ba-be56-493a-8b21-28c104b71b6d","Decrease","انخفاض","decrease","1d67db34-e759-4b18-ad15-0820d1e99791","Numeric","رقمية","numeric","88bd09c0-f20d-41e6-92b9-0d57ddd73bcc","World Health Organization","منظمة الصحة العالمية","who","d4fcceee-b555-4b9f-b78f-027d74f0dd16","None","لا شيء","none","086235a4-0f6b-48d1-8de3-11218bbbf1fd","Data Warehouse","مستودع البيانات","dwh","8/3/2026 8:25:25 AM",""
"e68c5ca2-0f8f-4152-a7a2-08def0866aac","ea03b9d1-de4d-4036-7911-08def0866aa3","390fd848-1af8-4799-8935-8c2601bad8b7","True","Percentage of Floating Shares Owned by Foreigners","نسبة ملكية المستثمرين الأجانب من إجمالي القيمة السوقية للأسهم المتداولة","-","-","Percentage of Floating Shares Owned by Foreigners","نسبة ملكية المستثمرين الأجانب من إجمالي القيمة السوقية للأسهم المتداولة","0","11.1","2021","20","2030","","False","False","","a4ede074-5957-46ab-a6e6-341e291f2080","%","%","%","01ceed6f-d4e2-492d-926b-176b9c7cb3b6","Increase","زيادة","increase","1d67db34-e759-4b18-ad15-0820d1e99791","Numeric","رقمية","numeric","cac1b017-ba43-44b3-8578-5871b0a52999","Qatar Stock Exchange","بورصة قطر","qs","d4fcceee-b555-4b9f-b78f-027d74f0dd16","None","لا شيء","none","4bf72625-9589-4588-913c-f36d5c7b2423","Manual","يدوياً","manual","8/3/2026 8:39:36 AM",""
"ae85665d-2693-4e57-a7a3-08def0866aac","ecaf0b90-cb84-46ce-7912-08def0866aa3","fd037d21-ad8d-42ef-9c78-ca7ee929ab06","True","Number of Non-Qatari Jobs","عدد الوظائف لغير القطريين-1","-","-","Number of Non-Qatari Jobs","عدد الوظائف لغير القطريين-1","0","10708","2023","19000","2030","","False","False","","3d027509-2bb6-4915-b218-63311478fc3a","NA","غير متاح","NA","01ceed6f-d4e2-492d-926b-176b9c7cb3b6","Increase","زيادة","increase","1d67db34-e759-4b18-ad15-0820d1e99791","Numeric","رقمية","numeric","147da856-dcc2-4e84-b8ae-dfaf95efb2aa","Qatar Central Bank","مصرف قطر المركزي","qcb","d4fcceee-b555-4b9f-b78f-027d74f0dd16","None","لا شيء","none","4bf72625-9589-4588-913c-f36d5c7b2423","Manual","يدوياً","manual","8/4/2026 8:19:20 AM",""
"1d19eeb1-9bc7-4998-a7a4-08def0866aac","cb6a2246-50f5-4fcd-7913-08def0866aa3","76d45949-b917-4fb7-bd51-d828896e9c2c","True","Sector Contribution To GDP","مساهمة القطاع في الناتج المحلي الإجمالي (الرعاية الصحية والخدمات الاجتماعية)","<p>The Sector Contribution to GDP in Health and Social Services measures the share of the economy's output generated by healthcare and social assistance services. This includes healthcare providers, social welfare programs, and services like elderly care, mental health services, and public health initiatives. It reflects the importance of these services in driving economic growth, particularly in nations investing heavily in public health and social support systems</p>","<p>يقيس مؤشر مساهمة القطاع في الناتج المحلي الإجمالي حصة قطاع الرعاية الصحية والخدمات الاجتماعية من الناتج المحلي الإجمالي لاقتصاد الدولة                               ، ويشمل ذلك مقدمي الرعاية الصحية                               ، وبرامج الرعاية الاجتماعية                               ، وخدمات رعاية المسنين                               ، وخدمات الصحة النفسية                               ، ومبادرات الصحة العامة. يعكس هذا المؤشر أهمية هذه الخدمات في دفع النمو الاقتصادي                               ، خاصة في الدول التي تستثمر بشكل كبير في أنظمة الصحة العامة والدعم الاجتماعي</p>","Sector Contribution To GDP (Health & Social Services)","مساهمة القطاع في الناتج المحلي الإجمالي (الرعاية الصحية والخدمات الاجتماعية)","bn0.00","","","16.7","2030","Sector Contribution To GDP (Health & Social Services)","False","False","","06b275ce-19b8-4d37-96bd-c0d58533add9","QAR","ر.ق","qar","01ceed6f-d4e2-492d-926b-176b9c7cb3b6","Increase","زيادة","increase","1d67db34-e759-4b18-ad15-0820d1e99791","Numeric","رقمية","numeric","603b0af1-70bf-4257-8f57-4861e33ae17c","National Planning Council","المجلس الوطني للتخطيط","npc","7cf442e4-1792-4837-a26c-2b99be6cb3e3","Sum","مجموع","sum","086235a4-0f6b-48d1-8de3-11218bbbf1fd","Data Warehouse","مستودع البيانات","dwh","8/4/2026 12:30:38 PM",""
"f60a0ecf-94f5-4f69-a7aa-08def0866aac","43abd900-755b-48bb-7919-08def0866aa3","519bea4b-8688-4c31-9762-c089db304f82","True","Sector Contribution to GDP","مساهمة القطاع في الناتج المحلي الإجمالي","<p>Sector Contribution to GDP in Financial and Insurance refers to the share of a country's total economic output generated by the financial services and insurance sectors. This includes activities like banking, investment, insurance, real estate services, and asset management. The sector plays a key role in economic growth by facilitating investment, risk management, and the flow of capital, while also providing essential services that support other industries.</p>","<p>يقيس مؤشر مساهمة القطاع في الناتج المحلي الإجمالي حصة قطاع الأنشطة المالية وأنشطة التأمين من الناتج المحلي الإجمالي لاقتصاد الدولة                           ، ويشمل ذلك أنشطة البنوك                           ، والاستثمار                           ، والتأمين                           ، والخدمات العقارية                           ، وإدارة الأصول. يلعب هذا القطاع دورًا حيويًا في النمو الاقتصادي من خلال تسهيل الاستثمارات                           ، وإدارة المخاطر                           ، وتدفق رأس المال                           ، بالإضافة إلى توفير خدمات أساسية تدعم القطاعات الأخرى.</p>","Sector Contribution To GDP (Financial & Insurance)","مساهمة القطاع في الناتج المحلي الإجمالي )الأنشطة المالية وأنشطة التأمين(","bn16.123","","","","","Sector Contribution To GDP (Financial & Insurance)","False","False","","06b275ce-19b8-4d37-96bd-c0d58533add9","QAR","ر.ق","qar","01ceed6f-d4e2-492d-926b-176b9c7cb3b6","Increase","زيادة","increase","1d67db34-e759-4b18-ad15-0820d1e99791","Numeric","رقمية","numeric","603b0af1-70bf-4257-8f57-4861e33ae17c","National Planning Council","المجلس الوطني للتخطيط","npc","7cf442e4-1792-4837-a26c-2b99be6cb3e3","Sum","مجموع","sum","086235a4-0f6b-48d1-8de3-11218bbbf1fd","Data Warehouse","مستودع البيانات","dwh","8/6/2026 8:10:31 AM",""
"b38d6f4e-5f09-4b7b-a7ab-08def0866aac","61f82d6b-6ab6-4ce8-791a-08def0866aa3","b0efd6be-1c74-43af-85d3-e1663cb1d2b0","True","Gross Written Insurance Premiums - National and International Companies","إجمالي أقساط التأمين المكتَتبة - الشركات الوطنية والدولية","-","-","Gross Written Insurance Premiums - National and International Companies","إجمالي أقساط التأمين المكتَتبة - الشركات الوطنية والدولية","0","17.4","2021","27","2030","","False","False","","1c948c21-21b6-426d-8aa0-b1fb90f3c1f9","bn QAR","مليار رق","bn QAR","01ceed6f-d4e2-492d-926b-176b9c7cb3b6","Increase","زيادة","increase","1d67db34-e759-4b18-ad15-0820d1e99791","Numeric","رقمية","numeric","147da856-dcc2-4e84-b8ae-dfaf95efb2aa","Qatar Central Bank","مصرف قطر المركزي","qcb","d4fcceee-b555-4b9f-b78f-027d74f0dd16","None","لا شيء","none","4bf72625-9589-4588-913c-f36d5c7b2423","Manual","يدوياً","manual","8/6/2026 8:11:55 AM",""
"df1f811a-5b39-4660-2376-08def5e05d23","aef8dc96-bf8d-4fbd-908f-08def5e05d1a","9c076019-93da-4d84-dc23-08dd8ca6e776","True","Number of Qatari Jobs","عدد وظائف القطريين","The Number of Qatari Jobs in the Transportation and Storage Sector refers to the employment opportunities specifically filled by Qatari nationals within industries related to transportation and logistics. This includes positions in sectors such as road, rail, air, and sea transportation, as well as storage and warehousing services. Monitoring these job numbers helps assess Qatar's efforts to employ its citizens in various sectors of the economy. For more details, you can consult Qatar's national statistics reports","يقيس مؤشر عدد الوظائف للقطريين في قطاع النقل والتخزين الوظائف التي يشغلها القطريون في قطاعات النقل واللوجستيات           ، ويشمل ذلك وظائف النقل البري           ، والسكك الحديدية           ، والنقل الجوي           ، والنقل البحري           ، بالإضافة إلى خدمات التخزين والتوزيع. يساعد تتبع هذه الأعداد في تقييم جهود قطر لتوظيف مواطنيها في مختلف القطاعات الاقتصادية. لمزيد من التفاصيل           ، يمكنكم الاطلاع على تقارير الإحصائيات الوطنية لدولة قطر","Number of Qatari Jobs","عدد وظائف القطريين","0.0","2445","2021","","2024","Number of Qatari Jobs","False","False","","3d027509-2bb6-4915-b218-63311478fc3a","NA","غير متاح","NA","01ceed6f-d4e2-492d-926b-176b9c7cb3b6","Increase","زيادة","increase","1d67db34-e759-4b18-ad15-0820d1e99791","Numeric","رقمية","numeric","603b0af1-70bf-4257-8f57-4861e33ae17c","National Planning Council","المجلس الوطني للتخطيط","npc","d4fcceee-b555-4b9f-b78f-027d74f0dd16","None","لا شيء","none","086235a4-0f6b-48d1-8de3-11218bbbf1fd","Data Warehouse","مستودع البيانات","dwh","8/10/2026 11:34:04 AM",""
