"PublishedIntervalRowId","IntervalRole","PublishedIndicatorDetailId","PublishedIndicatorId","IntervalId","IntervalEN","IntervalAR","IntervalCode","StartDate","CreatedAt","UpdatedAt"
"26557cce-0eb0-46a2-10e6-08ddb7179f4e","Actual","c608b8d0-5707-4fd7-858a-08ddb7179f3f","f0a2e654-d78c-4d14-3e15-08ddb7179f33","1335f666-ffcf-4c78-ad27-88a092f2f4ae","Monthly","شهري","monthly","      2025-01","6/29/2025 6:53:10 PM",""
"1855c8cb-3a57-4aac-10f0-08ddb7179f4e","Actual","c9ccb67b-d58d-42c9-8591-08ddb7179f3f","64368107-c86b-4488-3e1c-08ddb7179f33","691e1981-365a-4b79-b81d-de3b2f8c05c7","Yearly","سنوي","yearly","      2019","6/29/2025 6:58:46 PM",""
"a659e8c9-4d0f-452c-10f1-08ddb7179f4e","Actual","84bec68c-5603-4855-8592-08ddb7179f3f","a7eeeaa7-3a05-465c-3e1d-08ddb7179f33","691e1981-365a-4b79-b81d-de3b2f8c05c7","Yearly","سنوي","yearly","      2019","6/29/2025 6:59:43 PM",""
"0947bb53-1a2d-4a50-10f2-08ddb7179f4e","Actual","4f76b2f0-9217-405a-8593-08ddb7179f3f","2137c6dc-b410-4258-3e1e-08ddb7179f33","691e1981-365a-4b79-b81d-de3b2f8c05c7","Yearly","سنوي","yearly","      2023","6/29/2025 7:02:37 PM",""
"b4ecf866-3ff3-48f0-10fa-08ddb7179f4e","Actual","0e42c4a3-38a6-48c8-8599-08ddb7179f3f","dc37d928-40d5-4998-3e24-08ddb7179f33","718b556d-df7a-4f71-88d5-92e506941170","Quarterly","ربع سنوي","quarterly","      2021-Q1","6/29/2025 7:10:42 PM",""
"70530d4f-2093-46fe-10fb-08ddb7179f4e","Actual","c47fdfe6-1fc3-4ffb-859a-08ddb7179f3f","60073a09-fb63-4825-3e25-08ddb7179f33","718b556d-df7a-4f71-88d5-92e506941170","Quarterly","ربع سنوي","quarterly","      2022-Q1","6/29/2025 7:11:43 PM",""
"4e12ac2c-32f1-47c3-1104-08ddb7179f4e","Actual","7649a43f-4b61-4611-85a0-08ddb7179f3f","f597b0c1-9e2c-4899-3e2b-08ddb7179f33","718b556d-df7a-4f71-88d5-92e506941170","Quarterly","ربع سنوي","quarterly","      2023-Q1","6/29/2025 7:20:02 PM",""
"95471b5f-751a-456b-1120-08ddb7179f4e","Actual","802c0a86-9d8c-4f1d-85b9-08ddb7179f3f","57e6f80d-27a2-43de-3e41-08ddb7179f33","691e1981-365a-4b79-b81d-de3b2f8c05c7","Yearly","سنوي","yearly","      2025","6/29/2025 8:27:01 PM",""
"9497dadb-5568-4971-112d-08ddb7179f4e","Actual","83c50cdc-91e4-4008-85c5-08ddb7179f3f","e2546a69-1ba8-4b1e-3e4d-08ddb7179f33","691e1981-365a-4b79-b81d-de3b2f8c05c7","Yearly","سنوي","yearly","      2024","6/29/2025 11:09:23 PM",""
"15394626-b548-4a72-112e-08ddb7179f4e","Actual","d02252cd-e7b5-491e-85c6-08ddb7179f3f","7ebf49ff-62db-4a91-3e4e-08ddb7179f33","718b556d-df7a-4f71-88d5-92e506941170","Quarterly","ربع سنوي","quarterly","      2024-Q1","6/29/2025 11:09:59 PM",""
"b9db6448-cf4e-4d07-113e-08ddb7179f4e","Actual","6825244a-5e9b-428e-85cf-08ddb7179f3f","61db52da-e839-40a4-3e54-08ddb7179f33","691e1981-365a-4b79-b81d-de3b2f8c05c7","Yearly","سنوي","yearly","      2024","6/30/2025 10:50:31 AM",""
"03c13798-8f80-4f15-113f-08ddb7179f4e","Actual","1367abb3-a507-4b3f-85d0-08ddb7179f3f","d032d27f-d538-4da2-3e55-08ddb7179f33","691e1981-365a-4b79-b81d-de3b2f8c05c7","Yearly","سنوي","yearly","      2024","6/30/2025 10:51:15 AM",""
"fb6e4df1-71e3-4ea7-1140-08ddb7179f4e","Actual","9b5ada69-9f88-498f-85d1-08ddb7179f3f","c63a248e-8060-4845-3e56-08ddb7179f33","691e1981-365a-4b79-b81d-de3b2f8c05c7","Yearly","سنوي","yearly","      2024","6/30/2025 10:51:40 AM",""
"b446a167-6956-4aed-1141-08ddb7179f4e","Actual","1710afd3-f77a-4a10-85d2-08ddb7179f3f","61f429d1-6c47-48ec-3e57-08ddb7179f33","691e1981-365a-4b79-b81d-de3b2f8c05c7","Yearly","سنوي","yearly","      2024","6/30/2025 10:55:49 AM",""
"fc55bf45-d4c8-4413-1142-08ddb7179f4e","Actual","64efb2cf-1c77-441c-85d3-08ddb7179f3f","71f4a5b5-baea-4789-3e58-08ddb7179f33","691e1981-365a-4b79-b81d-de3b2f8c05c7","Yearly","سنوي","yearly","      2024","6/30/2025 11:11:48 AM",""
"37524d59-1e71-498c-1143-08ddb7179f4e","Actual","b5393475-2330-4e0e-85d4-08ddb7179f3f","4861f716-4a3f-4304-3e59-08ddb7179f33","691e1981-365a-4b79-b81d-de3b2f8c05c7","Yearly","سنوي","yearly","      2020","6/30/2025 11:16:57 AM",""
"43755e1c-37a6-46e9-1144-08ddb7179f4e","Actual","ffceca48-a542-414c-85d5-08ddb7179f3f","1a3c0f36-b514-4b19-3e5a-08ddb7179f33","691e1981-365a-4b79-b81d-de3b2f8c05c7","Yearly","سنوي","yearly","      2020","6/30/2025 11:18:21 AM",""
"0c206f0b-fa6e-4ef6-1145-08ddb7179f4e","Actual","c660d479-c173-41f1-85d6-08ddb7179f3f","adb140b8-770f-4a34-3e5b-08ddb7179f33","691e1981-365a-4b79-b81d-de3b2f8c05c7","Yearly","سنوي","yearly","      2021","6/30/2025 11:19:16 AM",""
"8024a749-9b3a-401f-1146-08ddb7179f4e","Actual","c7b40b07-1e8a-45c7-85d7-08ddb7179f3f","934bc0c8-5780-46b8-3e5c-08ddb7179f33","691e1981-365a-4b79-b81d-de3b2f8c05c7","Yearly","سنوي","yearly","      2020","6/30/2025 11:19:49 AM",""
"dc2e371c-68b7-461b-1147-08ddb7179f4e","Actual","e23f64b8-f7f8-4bf8-85d8-08ddb7179f3f","c9bfb3a0-2d3a-4895-3e5d-08ddb7179f33","691e1981-365a-4b79-b81d-de3b2f8c05c7","Yearly","سنوي","yearly","2023","6/30/2025 11:25:06 AM",""
"060d90b1-a886-48a0-1148-08ddb7179f4e","Actual","dc63fa85-73d2-41b8-85d9-08ddb7179f3f","c8b626a1-4f80-40ec-3e5e-08ddb7179f33","718b556d-df7a-4f71-88d5-92e506941170","Quarterly","ربع سنوي","quarterly","      2025-Q1","6/30/2025 11:25:33 AM",""
"dce0fb21-35d3-47a8-115a-08ddb7179f4e","Actual","874ff68f-d991-4603-85e1-08ddb7179f3f","b92b131c-8a2e-49ef-3e64-08ddb7179f33","691e1981-365a-4b79-b81d-de3b2f8c05c7","Yearly","سنوي","yearly","      2019","6/30/2025 1:48:32 PM",""
"acedd450-aa10-4c8c-115b-08ddb7179f4e","Actual","ba5b32e4-8290-4e79-85e2-08ddb7179f3f","63073032-96e4-45fd-3e65-08ddb7179f33","691e1981-365a-4b79-b81d-de3b2f8c05c7","Yearly","سنوي","yearly","      2019","6/30/2025 1:50:52 PM",""
"ba0c58c9-39f3-4205-115c-08ddb7179f4e","Actual","025fc974-aae1-47e5-85e3-08ddb7179f3f","0f4a1200-7f7b-4f67-3e66-08ddb7179f33","691e1981-365a-4b79-b81d-de3b2f8c05c7","Yearly","سنوي","yearly","      2022","6/30/2025 1:53:09 PM",""
"c4108391-35d2-4838-115d-08ddb7179f4e","Actual","9f93334f-708a-4682-85e4-08ddb7179f3f","f53e6941-a46d-4142-3e67-08ddb7179f33","691e1981-365a-4b79-b81d-de3b2f8c05c7","Yearly","سنوي","yearly","      2022","6/30/2025 1:53:52 PM",""
"22ae1d86-74ea-4387-115e-08ddb7179f4e","Actual","71c5d2eb-81ea-42c7-85e5-08ddb7179f3f","19d55db8-34f1-4697-3e68-08ddb7179f33","691e1981-365a-4b79-b81d-de3b2f8c05c7","Yearly","سنوي","yearly","      2022","6/30/2025 1:54:13 PM",""
"0fa6b345-eca7-4fab-115f-08ddb7179f4e","Actual","0082a971-fdd2-4f5e-85e6-08ddb7179f3f","ba86d4e8-86df-4abf-3e69-08ddb7179f33","691e1981-365a-4b79-b81d-de3b2f8c05c7","Yearly","سنوي","yearly","2022","6/30/2025 1:54:36 PM",""
"e947a01b-6273-4101-1160-08ddb7179f4e","Actual","4b19ed02-60ba-463d-85e7-08ddb7179f3f","1c0c06df-a200-4826-3e6a-08ddb7179f33","691e1981-365a-4b79-b81d-de3b2f8c05c7","Yearly","سنوي","yearly","      2022","6/30/2025 1:54:59 PM",""
"d8f6e9f9-d9b4-4c79-1161-08ddb7179f4e","Actual","0ce12ad0-c3ec-4b12-85e8-08ddb7179f3f","9af398b9-ca7f-4451-3e6b-08ddb7179f33","691e1981-365a-4b79-b81d-de3b2f8c05c7","Yearly","سنوي","yearly","      2020","6/30/2025 1:57:53 PM",""
"3bd255e1-e7dd-4b20-1162-08ddb7179f4e","Actual","2f166fa9-7e81-46f6-85e9-08ddb7179f3f","e695ef47-c754-419c-3e6c-08ddb7179f33","691e1981-365a-4b79-b81d-de3b2f8c05c7","Yearly","سنوي","yearly","      2020","6/30/2025 2:00:58 PM",""
"8ffb7c42-7bcb-4cb6-1163-08ddb7179f4e","Actual","c4b3e1e4-693c-47c5-85ea-08ddb7179f3f","45d63a3d-01cd-485d-3e6d-08ddb7179f33","691e1981-365a-4b79-b81d-de3b2f8c05c7","Yearly","سنوي","yearly","      2020","6/30/2025 2:01:26 PM",""
"86090c7b-10b5-46e1-1164-08ddb7179f4e","Actual","4fcc8dc6-e27c-41a0-85eb-08ddb7179f3f","8822f966-05c2-417f-3e6e-08ddb7179f33","691e1981-365a-4b79-b81d-de3b2f8c05c7","Yearly","سنوي","yearly","      2020","6/30/2025 2:01:53 PM",""
"eaf35658-2a50-4fa1-121d-08ddb722adcf","Actual","d4a431d6-febe-4bd1-eb4b-08ddb722adc5","d2c4d177-bb12-4645-b53f-08ddb722adc3","691e1981-365a-4b79-b81d-de3b2f8c05c7","Yearly","سنوي","yearly","2023","6/29/2025 6:59:15 PM",""
"7d84c954-bd79-4e9e-121e-08ddb722adcf","Actual","d4a431d6-febe-4bd1-eb4b-08ddb722adc5","d2c4d177-bb12-4645-b53f-08ddb722adc3","718b556d-df7a-4f71-88d5-92e506941170","Quarterly","ربع سنوي","quarterly","2023-Q1","6/29/2025 6:59:15 PM",""
"28f8dad1-c363-4bc4-121f-08ddb722adcf","Actual","811f81d1-1afb-44ab-eb4c-08ddb722adc5","c3257c34-9cb4-41be-b540-08ddb722adc3","691e1981-365a-4b79-b81d-de3b2f8c05c7","Yearly","سنوي","yearly","2023","6/29/2025 7:01:16 PM",""
"354468e2-304d-42b7-1220-08ddb722adcf","Actual","811f81d1-1afb-44ab-eb4c-08ddb722adc5","c3257c34-9cb4-41be-b540-08ddb722adc3","718b556d-df7a-4f71-88d5-92e506941170","Quarterly","ربع سنوي","quarterly","2023-Q1","6/29/2025 7:01:16 PM",""
"0344e5ab-591e-478c-1226-08ddb722adcf","Actual","db5159e4-2ff5-40db-eb52-08ddb722adc5","e8dde311-7c9b-4bec-b546-08ddb722adc3","691e1981-365a-4b79-b81d-de3b2f8c05c7","Yearly","سنوي","yearly","2024","6/29/2025 7:08:57 PM",""
"9973af15-bf1b-433b-1228-08ddb722adcf","Actual","dbd76ae3-518d-414e-eb54-08ddb722adc5","54259d3e-0236-495b-b548-08ddb722adc3","691e1981-365a-4b79-b81d-de3b2f8c05c7","Yearly","سنوي","yearly","      2019","6/29/2025 7:10:22 PM",""
"f5b17bc6-9dbd-4c76-1229-08ddb722adcf","Actual","83e45ddc-fd7e-4033-eb55-08ddb722adc5","b101ba8b-99ff-4118-b549-08ddb722adc3","718b556d-df7a-4f71-88d5-92e506941170","Quarterly","ربع سنوي","quarterly","      2021-Q1","6/29/2025 7:11:05 PM",""
"97d9b59b-cee5-4974-122a-08ddb722adcf","Actual","fe9e31b5-d997-40b4-eb56-08ddb722adc5","2eb9e540-a156-40b0-b54a-08ddb722adc3","718b556d-df7a-4f71-88d5-92e506941170","Quarterly","ربع سنوي","quarterly","      2022-Q1","6/29/2025 7:11:23 PM",""
"684f0323-1b23-43dc-123e-08ddb722adcf","Actual","0a59b732-7d4c-497a-eb67-08ddb722adc5","4621e313-d65e-460b-b55b-08ddb722adc3","691e1981-365a-4b79-b81d-de3b2f8c05c7","Yearly","سنوي","yearly","      2024","6/29/2025 8:14:42 PM",""
"f036ff55-2f9b-4b4c-1246-08ddb722adcf","Actual","9ee176ed-c7f2-4a7f-eb6e-08ddb722adc5","d721ff2f-6278-4b48-b562-08ddb722adc3","691e1981-365a-4b79-b81d-de3b2f8c05c7","Yearly","سنوي","yearly","2025","6/29/2025 8:23:45 PM",""
"1ccd474f-6be1-46cc-1247-08ddb722adcf","Actual","08e419ce-8876-4c12-eb6f-08ddb722adc5","ce90f312-89d7-4642-b563-08ddb722adc3","691e1981-365a-4b79-b81d-de3b2f8c05c7","Yearly","سنوي","yearly","      2025","6/29/2025 8:24:43 PM",""
"ef3c610b-a451-48e6-1256-08ddb722adcf","Actual","6078d25f-d0b9-4f5a-eb79-08ddb722adc5","9261cd38-6628-44b6-b56d-08ddb722adc3","691e1981-365a-4b79-b81d-de3b2f8c05c7","Yearly","سنوي","yearly","      2024","6/29/2025 11:11:25 PM",""
"cca1752a-7578-44e9-1257-08ddb722adcf","Actual","f2efffc9-c65d-4ddc-eb7a-08ddb722adc5","d946e532-7a4a-465c-b56e-08ddb722adc3","691e1981-365a-4b79-b81d-de3b2f8c05c7","Yearly","سنوي","yearly","      2024","6/29/2025 11:17:11 PM",""
"85026aaf-61ef-4ba4-1264-08ddb722adcf","Actual","8e34a69d-9c59-4428-eb81-08ddb722adc5","f726cf23-d70b-4f87-b572-08ddb722adc3","691e1981-365a-4b79-b81d-de3b2f8c05c7","Yearly","سنوي","yearly","      2025","6/30/2025 10:50:05 AM",""
"e4b45b43-33e0-4e21-1265-08ddb722adcf","Actual","2cc3aba3-bca6-47fc-eb82-08ddb722adc5","4cf28eb0-d3d3-436b-b573-08ddb722adc3","691e1981-365a-4b79-b81d-de3b2f8c05c7","Yearly","سنوي","yearly","      2024","6/30/2025 10:50:53 AM",""
"d3d38887-bf59-48e9-1268-08ddb722adcf","Actual","8ebbc079-fd82-4c76-eb85-08ddb722adc5","298b09ad-4cf5-4503-b576-08ddb722adc3","691e1981-365a-4b79-b81d-de3b2f8c05c7","Yearly","سنوي","yearly","      2025","6/30/2025 11:12:18 AM",""
"c7012bc9-6f37-486c-1269-08ddb722adcf","Actual","0bc36c83-76c2-4a59-eb86-08ddb722adc5","cb53f44c-8e81-4ba5-b577-08ddb722adc3","691e1981-365a-4b79-b81d-de3b2f8c05c7","Yearly","سنوي","yearly","      2025","6/30/2025 11:15:15 AM",""
"9bfe96ec-cd12-47ae-126a-08ddb722adcf","Actual","74ac8321-d30e-4228-eb87-08ddb722adc5","a90a3185-1ed5-4396-b578-08ddb722adc3","718b556d-df7a-4f71-88d5-92e506941170","Quarterly","ربع سنوي","quarterly","      2020-Q1","6/30/2025 11:16:08 AM",""
"678e6a01-9db1-4df9-126b-08ddb722adcf","Actual","7ae28198-aa8e-486a-eb88-08ddb722adc5","5be08e95-cf7e-47c4-b579-08ddb722adc3","691e1981-365a-4b79-b81d-de3b2f8c05c7","Yearly","سنوي","yearly","      2020","6/30/2025 11:17:32 AM",""
"c3707d42-17c3-483f-126c-08ddb722adcf","Actual","1df85e99-ee6c-4a48-eb89-08ddb722adc5","6b4f51a8-b0b2-43d6-b57a-08ddb722adc3","691e1981-365a-4b79-b81d-de3b2f8c05c7","Yearly","سنوي","yearly","      2020","6/30/2025 11:17:57 AM",""
"e86baa75-003a-4e3f-126d-08ddb722adcf","Actual","c96428f2-0913-4ebb-eb8a-08ddb722adc5","c817263d-3a22-49fe-b57b-08ddb722adc3","691e1981-365a-4b79-b81d-de3b2f8c05c7","Yearly","سنوي","yearly","      2020","6/30/2025 11:18:48 AM",""
"c1f61ca2-b071-4663-126e-08ddb722adcf","Actual","ca12a6d7-c0e4-4d82-eb8b-08ddb722adc5","bfbb07cc-a75f-4f91-b57c-08ddb722adc3","691e1981-365a-4b79-b81d-de3b2f8c05c7","Yearly","سنوي","yearly","      2020","6/30/2025 11:21:01 AM",""
"35a1d96b-ce35-4e94-126f-08ddb722adcf","Actual","ad05134a-30f9-4dae-eb8c-08ddb722adc5","5d6365ea-9a11-4e41-b57d-08ddb722adc3","718b556d-df7a-4f71-88d5-92e506941170","Quarterly","ربع سنوي","quarterly","      2021-Q1","6/30/2025 11:23:20 AM",""
"5cfa419e-01ff-46e7-1270-08ddb722adcf","Actual","b22ff41b-e11e-4062-eb8d-08ddb722adc5","b77d24f1-93ad-4fd0-b57e-08ddb722adc3","718b556d-df7a-4f71-88d5-92e506941170","Quarterly","ربع سنوي","quarterly","      2025-Q1","6/30/2025 11:23:41 AM",""
"55eadb1b-59fb-4250-1271-08ddb722adcf","Actual","aac6f792-9622-4f81-eb8e-08ddb722adc5","db238c93-c268-461a-b57f-08ddb722adc3","718b556d-df7a-4f71-88d5-92e506941170","Quarterly","ربع سنوي","quarterly","      2025-Q1","6/30/2025 11:26:02 AM",""
"59983a67-38de-4c04-1272-08ddb722adcf","Actual","d70b0639-c246-431e-eb8f-08ddb722adc5","d0666126-3e30-4ef0-b580-08ddb722adc3","718b556d-df7a-4f71-88d5-92e506941170","Quarterly","ربع سنوي","quarterly","      2025-Q1","6/30/2025 11:26:27 AM",""
"dade1b6c-f7e3-4c44-1273-08ddb722adcf","Actual","5c67cce2-f57c-4bf0-eb90-08ddb722adc5","9a2d91c8-d4c0-431b-b581-08ddb722adc3","691e1981-365a-4b79-b81d-de3b2f8c05c7","Yearly","سنوي","yearly","      2019","6/30/2025 1:47:41 PM",""
"4f680f58-e805-4aac-1274-08ddb722adcf","Actual","28e90b81-026d-4779-eb91-08ddb722adc5","7a9043e0-0b8f-4939-b582-08ddb722adc3","691e1981-365a-4b79-b81d-de3b2f8c05c7","Yearly","سنوي","yearly","      2019","6/30/2025 1:48:07 PM",""
"e6267be3-985d-4c96-1275-08ddb722adcf","Actual","2eb322ae-2606-4b14-eb92-08ddb722adc5","6fd24445-5619-4817-b583-08ddb722adc3","691e1981-365a-4b79-b81d-de3b2f8c05c7","Yearly","سنوي","yearly","      2019","6/30/2025 1:49:01 PM",""
"e95b6154-ce3f-47ff-1276-08ddb722adcf","Actual","86fb7103-cba9-4cf2-eb93-08ddb722adc5","e71f0d56-0ca7-4508-b584-08ddb722adc3","691e1981-365a-4b79-b81d-de3b2f8c05c7","Yearly","سنوي","yearly","      2019","6/30/2025 1:49:39 PM",""
"3741ad6e-3d3e-457a-1277-08ddb722adcf","Actual","15367588-2512-4987-eb94-08ddb722adc5","1bbcb6ff-813a-49de-b585-08ddb722adc3","691e1981-365a-4b79-b81d-de3b2f8c05c7","Yearly","سنوي","yearly","      2019","6/30/2025 1:50:07 PM",""
"376e35f3-5c56-4100-1278-08ddb722adcf","Actual","e0efceae-c465-41ce-eb95-08ddb722adc5","d631b600-dadb-4c6c-b586-08ddb722adc3","691e1981-365a-4b79-b81d-de3b2f8c05c7","Yearly","سنوي","yearly","      2022","6/30/2025 1:53:30 PM",""
"8b6bccc3-ec0b-4c6d-1279-08ddb722adcf","Actual","b2d0aef8-9e0c-4e4b-eb96-08ddb722adc5","5d4fc31b-01c2-48fb-b587-08ddb722adc3","691e1981-365a-4b79-b81d-de3b2f8c05c7","Yearly","سنوي","yearly","      2020","6/30/2025 1:57:31 PM",""
"1167dce7-ec32-4e7f-127a-08ddb722adcf","Actual","84df259c-f997-4c4a-eb97-08ddb722adc5","c2967fd3-1266-4ced-b588-08ddb722adc3","691e1981-365a-4b79-b81d-de3b2f8c05c7","Yearly","سنوي","yearly","      2025","6/30/2025 1:58:37 PM",""
"60149157-1755-4939-127b-08ddb722adcf","Actual","b14fb30a-f177-439d-eb98-08ddb722adc5","e09fd076-383b-490c-b589-08ddb722adc3","691e1981-365a-4b79-b81d-de3b2f8c05c7","Yearly","سنوي","yearly","      2025","6/30/2025 1:59:01 PM",""
"f2e6198d-5ba5-47eb-127c-08ddb722adcf","Actual","c9e0d173-6c92-4e2e-eb99-08ddb722adc5","a7ebe308-044c-4dac-b58a-08ddb722adc3","691e1981-365a-4b79-b81d-de3b2f8c05c7","Yearly","سنوي","yearly","      2020","6/30/2025 2:00:30 PM",""
"c86ac0b3-a891-4647-127d-08ddb722adcf","Actual","d2d5b3c8-73db-4317-eb9a-08ddb722adc5","1e2db018-2e23-49bc-b58b-08ddb722adc3","691e1981-365a-4b79-b81d-de3b2f8c05c7","Yearly","سنوي","yearly","      2020","6/30/2025 2:02:21 PM",""
"cd601007-2ca0-4753-127e-08ddb722adcf","Actual","c226a987-fd7f-434f-eb9b-08ddb722adc5","59f286b6-d682-4889-b58c-08ddb722adc3","691e1981-365a-4b79-b81d-de3b2f8c05c7","Yearly","سنوي","yearly","      2020","6/30/2025 2:03:12 PM",""
"cde7e846-3a6e-4994-2171-08ddbd8c9c45","Actual","8b08b5c6-1021-46a4-da1c-08ddbd8c9c42","311f3407-e32c-4171-0464-08ddbd8c9c38","691e1981-365a-4b79-b81d-de3b2f8c05c7","Yearly","سنوي","yearly","2011","7/7/2025 10:53:34 PM",""
"3ea071ed-2db6-4b88-74f2-08ddd8aaca22","Actual","342a4e73-19b3-46cd-31d3-08ddd8aaca14","b954a215-4527-47cf-13d6-08ddd8aaca12","691e1981-365a-4b79-b81d-de3b2f8c05c7","Yearly","سنوي","yearly","2020","8/12/2025 10:07:47 AM",""
"b932575c-7f2b-49f0-50b9-08dddd5433e1","Actual","c55ecd3b-24ba-4a68-fd85-08dddd5433de","554f0bf8-a094-4bdd-a7d8-08dddd5433d4","691e1981-365a-4b79-b81d-de3b2f8c05c7","Yearly","سنوي","yearly","2022","8/17/2025 1:52:07 PM",""
"fe5ccf48-1a21-4cdc-50ca-08dddd5433e1","Actual","122d47f7-8c5c-48a5-fd90-08dddd5433de","92aa796c-b5e1-4f57-a7e2-08dddd5433d4","691e1981-365a-4b79-b81d-de3b2f8c05c7","Yearly","سنوي","yearly","2005","8/20/2025 7:57:28 AM",""
"ac000a11-72d1-4988-50cb-08dddd5433e1","Actual","122d47f7-8c5c-48a5-fd90-08dddd5433de","92aa796c-b5e1-4f57-a7e2-08dddd5433d4","718b556d-df7a-4f71-88d5-92e506941170","Quarterly","ربع سنوي","quarterly","2005-Q1","8/20/2025 7:57:28 AM",""
"f817a8c5-9440-42ff-0ac7-08dddd578496","Actual","c92b1e43-b445-4e27-eb65-08dddd57848f","7ca07ae2-eec1-4ed0-c7ed-08dddd57848d","691e1981-365a-4b79-b81d-de3b2f8c05c7","Yearly","سنوي","yearly","2003","8/17/2025 11:21:38 AM",""
"9be40bd9-be57-47c0-0acb-08dddd578496","Actual","364fa699-87c1-4465-eb69-08dddd57848f","b2720098-c079-4302-c7f0-08dddd57848d","691e1981-365a-4b79-b81d-de3b2f8c05c7","Yearly","سنوي","yearly","2020","8/17/2025 11:27:56 AM",""
"5dbafe0b-c676-4bb4-1772-08dde2343c08","Actual","b443b631-ce15-4be0-1038-08dde2343bfd","56117402-dd45-4e84-db60-08dde2343bfa","691e1981-365a-4b79-b81d-de3b2f8c05c7","Yearly","سنوي","yearly","2025","8/25/2025 8:48:30 AM",""
"c9d3bb00-7a44-4a1d-6a48-08de049c57cf","Actual","0449d68c-23ad-45bf-7ac6-08de049c57c6","f93b4e4c-3855-4ecf-c881-08de049c57c4","691e1981-365a-4b79-b81d-de3b2f8c05c7","Yearly","سنوي","yearly","2020","10/6/2025 9:02:31 AM",""
"01902f8e-fb22-4193-6a4a-08de049c57cf","Actual","179f7c36-5c7e-46a2-7ac8-08de049c57c6","f45c2040-d061-4e4c-c883-08de049c57c4","691e1981-365a-4b79-b81d-de3b2f8c05c7","Yearly","سنوي","yearly","2019","10/6/2025 9:20:55 AM",""
"63ca28fe-88e8-4c38-6a4d-08de049c57cf","Actual","4a515b1d-54cd-4d10-7acb-08de049c57c6","f5ba2733-9ccd-4bf7-c885-08de049c57c4","691e1981-365a-4b79-b81d-de3b2f8c05c7","Yearly","سنوي","yearly","2025","10/6/2025 9:30:29 AM",""
"514c0f11-39bd-4abc-6a4e-08de049c57cf","Actual","052b00ec-bf0c-49db-7acc-08de049c57c6","e10eaacf-94aa-49d4-c886-08de049c57c4","691e1981-365a-4b79-b81d-de3b2f8c05c7","Yearly","سنوي","yearly","2024","10/6/2025 9:32:10 AM",""
"a9b0ef01-bee7-4bc1-8767-08de06408102","Actual","b60f7e11-c096-4fab-64ce-08de064080f9","fcdc61e3-9c77-48bf-28ad-08de064080f7","691e1981-365a-4b79-b81d-de3b2f8c05c7","Yearly","سنوي","yearly","2007","10/8/2025 10:58:45 AM",""
"53578e6c-e934-46b4-ee0e-08de096828e8","Actual","75ff3875-101c-4078-d135-08de096828d7","7dab8934-bec3-4a34-801d-08de096828d5","691e1981-365a-4b79-b81d-de3b2f8c05c7","Yearly","سنوي","yearly","2019","10/12/2025 2:00:44 PM",""
"c00a5f95-7d68-4fdf-ebdf-08de268d1820","Actual","d1cc2d84-2557-4443-ce7b-08de268d1812","3cb9c41f-f061-4f05-f4aa-08de268d1810","691e1981-365a-4b79-b81d-de3b2f8c05c7","Yearly","سنوي","yearly","2020","11/19/2025 7:54:17 AM",""
"3c91caa4-9875-4501-e03c-08de2a61dd99","Actual","8f03a937-bb54-423d-1e8e-08de2a61dd8c","af220032-2e2a-4521-d1eb-08de2a61dd80","718b556d-df7a-4f71-88d5-92e506941170","Quarterly","ربع سنوي","quarterly","2022-Q1","11/24/2025 1:25:55 PM",""
"b182a543-28cb-46eb-789d-08de34c36774","Actual","da69737e-c25d-463d-19f3-08de34c36766","a9d5aa30-94b9-4e6d-9425-08de34c3675b","691e1981-365a-4b79-b81d-de3b2f8c05c7","Yearly","سنوي","yearly","2021","12/6/2025 3:35:55 PM",""
"a48e081e-6b31-4b63-789f-08de34c36774","Actual","003b873d-ea5d-467f-19f5-08de34c36766","452b585c-af2e-4941-9427-08de34c3675b","718b556d-df7a-4f71-88d5-92e506941170","Quarterly","ربع سنوي","quarterly","2021-Q1","12/8/2025 11:05:01 AM",""
"f9e15bd9-2a2d-47de-df57-08de3ade590c","Actual","ba5871a1-f81c-43c3-c7bd-08de3ade590a","87c2a5a9-f54f-49ff-7b82-08de3ade5903","691e1981-365a-4b79-b81d-de3b2f8c05c7","Yearly","سنوي","yearly","2005","12/14/2025 10:04:02 AM",""
"1550344e-d26f-46e2-679a-08de5bf7233a","Actual","2de3026a-0e3e-464c-2db3-08de5bf72338","2a3215db-daef-4634-56be-08de5bf72336","691e1981-365a-4b79-b81d-de3b2f8c05c7","Yearly","سنوي","yearly","2020","1/27/2026 11:58:25 AM",""
"64b554f8-fe7d-4a40-3ab0-08de66e6ef1b","Actual","9ea5b67b-0a74-428b-9652-08de66e6ef19","8889b67b-664a-4680-8443-08de66e6ef17","691e1981-365a-4b79-b81d-de3b2f8c05c7","Yearly","سنوي","yearly","2022","2/8/2026 10:51:57 AM",""
"a4e226f8-29e7-481f-3ab1-08de66e6ef1b","Actual","38f70459-2b6a-44e3-9653-08de66e6ef19","8889b67b-664a-4680-8443-08de66e6ef17","691e1981-365a-4b79-b81d-de3b2f8c05c7","Yearly","سنوي","yearly","2022","2/8/2026 10:51:57 AM",""
"fecfe75e-723b-417b-3ab2-08de66e6ef1b","Actual","b825d0f0-08ee-4e95-9654-08de66e6ef19","8889b67b-664a-4680-8443-08de66e6ef17","691e1981-365a-4b79-b81d-de3b2f8c05c7","Yearly","سنوي","yearly","2022","2/8/2026 10:51:57 AM",""
"49a62f7c-a9d6-42d7-3ab3-08de66e6ef1b","Actual","44b0264d-629c-474e-9655-08de66e6ef19","8889b67b-664a-4680-8443-08de66e6ef17","691e1981-365a-4b79-b81d-de3b2f8c05c7","Yearly","سنوي","yearly","2022","2/8/2026 10:51:57 AM",""
"e66412bb-0e66-4bc6-3ab4-08de66e6ef1b","Actual","9e12ac3b-14b8-4716-9656-08de66e6ef19","8889b67b-664a-4680-8443-08de66e6ef17","691e1981-365a-4b79-b81d-de3b2f8c05c7","Yearly","سنوي","yearly","2022","2/8/2026 10:51:57 AM",""
"07a6e8fd-e79b-423d-3ab5-08de66e6ef1b","Actual","44f5f186-cae1-4393-9657-08de66e6ef19","8889b67b-664a-4680-8443-08de66e6ef17","691e1981-365a-4b79-b81d-de3b2f8c05c7","Yearly","سنوي","yearly","2022","2/8/2026 10:51:57 AM",""
"25408419-c768-4865-3ab6-08de66e6ef1b","Actual","7c94c8d5-ead1-443a-9658-08de66e6ef19","8889b67b-664a-4680-8443-08de66e6ef17","691e1981-365a-4b79-b81d-de3b2f8c05c7","Yearly","سنوي","yearly","2022","2/8/2026 10:51:57 AM",""
"97578cb3-1ab7-4c2f-3ab7-08de66e6ef1b","Actual","9ee733f1-f68a-4b8a-9659-08de66e6ef19","8889b67b-664a-4680-8443-08de66e6ef17","691e1981-365a-4b79-b81d-de3b2f8c05c7","Yearly","سنوي","yearly","2022","2/8/2026 10:51:57 AM",""
"cdbf2a35-8e92-4292-3ab8-08de66e6ef1b","Actual","c5af0dad-fda0-4e06-965a-08de66e6ef19","8889b67b-664a-4680-8443-08de66e6ef17","691e1981-365a-4b79-b81d-de3b2f8c05c7","Yearly","سنوي","yearly","2022","2/8/2026 10:51:57 AM",""
"8578b85a-03d7-4774-e7c5-08de6c80b454","Actual","ae6d8353-8468-4cec-1691-08de6c80b44a","c7e2aafd-6340-45d5-31d3-08de6c80b448","691e1981-365a-4b79-b81d-de3b2f8c05c7","Yearly","سنوي","yearly","2020","2/17/2026 12:17:23 PM",""
"02eaec8d-d451-41ab-e7c6-08de6c80b454","Actual","55a465e9-e2b2-4196-1692-08de6c80b44a","c7e2aafd-6340-45d5-31d3-08de6c80b448","691e1981-365a-4b79-b81d-de3b2f8c05c7","Yearly","سنوي","yearly","2020","2/17/2026 12:17:23 PM",""
"d4cebd79-739a-41e1-1ff1-08de737b95b9","Actual","d6136c19-701a-4e98-c16e-08de737b95b6","11aea444-88e7-4169-c0fb-08de737b95b1","691e1981-365a-4b79-b81d-de3b2f8c05c7","Yearly","سنوي","yearly","2020","2/26/2026 1:07:57 PM",""
"4e537ea5-cb95-41ed-9c57-08de7446bf6a","Actual","f52a8461-8066-4ff4-7081-08de7446bf5c","e8b7aa3b-38aa-47b8-fe79-08de7446bf51","1335f666-ffcf-4c78-ad27-88a092f2f4ae","Monthly","شهري","monthly","2025-12","2/26/2026 1:53:12 PM",""
"785de86c-b806-4f5a-cbfb-08de8e443780","Actual","99d78879-ebc5-44fc-6d8d-08de8e443779","bc9e6227-a2fa-4f6d-ac77-08de8e443777","691e1981-365a-4b79-b81d-de3b2f8c05c7","Yearly","سنوي","yearly","2021","3/31/2026 6:10:05 PM",""
"14859e2c-b1c5-43d3-cbfc-08de8e443780","Actual","99d78879-ebc5-44fc-6d8d-08de8e443779","bc9e6227-a2fa-4f6d-ac77-08de8e443777","718b556d-df7a-4f71-88d5-92e506941170","Quarterly","ربع سنوي","quarterly","2021-Q1","3/31/2026 6:10:05 PM",""
"5cc91d48-eb81-4710-f958-08de92db462e","Actual","be4c8429-d128-400d-67d6-08de92db4621","f92c25a2-5177-4677-9613-08de92db461f","691e1981-365a-4b79-b81d-de3b2f8c05c7","Yearly","سنوي","yearly","2023","4/5/2026 9:19:20 AM",""
"dfe523a0-cebc-4787-d1e5-08de9e04edae","Actual","88e12df6-ffab-458e-cd97-08de9e04ed9e","d9eed3fe-a269-4d96-6897-08de9e04ed95","691e1981-365a-4b79-b81d-de3b2f8c05c7","Yearly","سنوي","yearly","2010","4/20/2026 12:11:55 PM",""
"b9acad59-c0ff-40d6-1762-08de9e09a55a","Actual","160100bc-528f-4622-bc88-08de9e09a558","ed390c3c-ac6f-470e-7a74-08de9e09a550","1335f666-ffcf-4c78-ad27-88a092f2f4ae","Monthly","شهري","monthly","2014-01-01T00:00:00","4/23/2026 12:31:41 PM",""
"38f98cec-a3a9-41cf-1763-08de9e09a55a","Actual","160100bc-528f-4622-bc88-08de9e09a558","ed390c3c-ac6f-470e-7a74-08de9e09a550","691e1981-365a-4b79-b81d-de3b2f8c05c7","Yearly","سنوي","yearly","2014","4/23/2026 12:31:41 PM",""
"5958d056-4f1c-4008-1764-08de9e09a55a","Actual","160100bc-528f-4622-bc88-08de9e09a558","ed390c3c-ac6f-470e-7a74-08de9e09a550","718b556d-df7a-4f71-88d5-92e506941170","Quarterly","ربع سنوي","quarterly","2014-Q1","4/23/2026 12:31:41 PM",""
"1fce819e-ae35-4a53-1765-08de9e09a55a","Actual","a8296f0b-92c0-4275-bc89-08de9e09a558","9b07fcb5-2cff-44c4-7a75-08de9e09a550","718b556d-df7a-4f71-88d5-92e506941170","Quarterly","ربع سنوي","quarterly","2019-Q1","4/23/2026 12:35:18 PM",""
"b5fe7063-6120-432e-1766-08de9e09a55a","Actual","a8296f0b-92c0-4275-bc89-08de9e09a558","9b07fcb5-2cff-44c4-7a75-08de9e09a550","691e1981-365a-4b79-b81d-de3b2f8c05c7","Yearly","سنوي","yearly","2019","4/23/2026 12:35:18 PM",""
"443255a7-385f-45f3-2f39-08dea2214fb8","Actual","c4a4da88-830d-4098-87d8-08dea2214fb6","fbb1dabc-773e-4855-742f-08dea2214fb2","718b556d-df7a-4f71-88d5-92e506941170","Quarterly","ربع سنوي","quarterly","2011-Q1","4/27/2026 12:27:04 PM",""
"a177b3ac-9938-4d0b-2f3a-08dea2214fb8","Actual","c4a4da88-830d-4098-87d8-08dea2214fb6","fbb1dabc-773e-4855-742f-08dea2214fb2","691e1981-365a-4b79-b81d-de3b2f8c05c7","Yearly","سنوي","yearly","2011","4/27/2026 12:27:04 PM",""
"7fc7cda2-6f86-4404-af39-08dea2389aba","Actual","7fb2296d-87a4-4954-6a2d-08dea2389ab1","0f5632ff-e60a-4b83-f10a-08dea2389aaf","691e1981-365a-4b79-b81d-de3b2f8c05c7","Yearly","سنوي","yearly","2012","5/3/2026 9:40:23 AM",""
"93cae12f-bf1d-499b-af3d-08dea2389aba","Actual","f3de8791-b7fd-4135-6a2f-08dea2389ab1","48906d7c-2b2c-42bd-f10c-08dea2389aaf","691e1981-365a-4b79-b81d-de3b2f8c05c7","Yearly","سنوي","yearly","2019","5/3/2026 9:47:36 AM",""
"81cde3c5-3965-401a-af3e-08dea2389aba","Actual","f3de8791-b7fd-4135-6a2f-08dea2389ab1","48906d7c-2b2c-42bd-f10c-08dea2389aaf","718b556d-df7a-4f71-88d5-92e506941170","Quarterly","ربع سنوي","quarterly","2019-Q1","5/3/2026 9:47:36 AM",""
"189d609f-9371-4886-af3f-08dea2389aba","Actual","fc6dccb5-e101-48bd-6a30-08dea2389ab1","48906d7c-2b2c-42bd-f10c-08dea2389aaf","718b556d-df7a-4f71-88d5-92e506941170","Quarterly","ربع سنوي","quarterly","2019-Q1","5/3/2026 9:47:36 AM",""
"068a69ea-2629-4d78-af40-08dea2389aba","Actual","fc6dccb5-e101-48bd-6a30-08dea2389ab1","48906d7c-2b2c-42bd-f10c-08dea2389aaf","691e1981-365a-4b79-b81d-de3b2f8c05c7","Yearly","سنوي","yearly","2019","5/3/2026 9:47:36 AM",""
"2bb42519-cb43-49d5-af41-08dea2389aba","Actual","23ea61b5-45d1-48e0-6a31-08dea2389ab1","48906d7c-2b2c-42bd-f10c-08dea2389aaf","718b556d-df7a-4f71-88d5-92e506941170","Quarterly","ربع سنوي","quarterly","2019-Q1","5/3/2026 9:47:36 AM",""
"a6786235-e616-4f6e-af42-08dea2389aba","Actual","23ea61b5-45d1-48e0-6a31-08dea2389ab1","48906d7c-2b2c-42bd-f10c-08dea2389aaf","691e1981-365a-4b79-b81d-de3b2f8c05c7","Yearly","سنوي","yearly","2019","5/3/2026 9:47:36 AM",""
"1ad83c0a-b897-46cb-afb8-08dea2389aba","Actual","617e08ea-9571-42d0-6a65-08dea2389ab1","8c915ebe-4dc5-4900-f117-08dea2389aaf","691e1981-365a-4b79-b81d-de3b2f8c05c7","Yearly","سنوي","yearly","2016","5/7/2026 8:17:26 AM",""
"2af489e2-692c-433c-afb9-08dea2389aba","Actual","617e08ea-9571-42d0-6a65-08dea2389ab1","8c915ebe-4dc5-4900-f117-08dea2389aaf","718b556d-df7a-4f71-88d5-92e506941170","Quarterly","ربع سنوي","quarterly","2016-Q1","5/7/2026 8:17:26 AM",""
"b2d7e0cc-ae9c-4039-ea7f-08dea8e8edb7","Actual","cf835ee5-5215-4fdf-6f92-08dea8e8edb6","5391471d-5db8-4e20-8a53-08dea8e8edb0","691e1981-365a-4b79-b81d-de3b2f8c05c7","Yearly","سنوي","yearly","2019","5/5/2026 10:28:47 AM",""
"95aefb86-5141-4ad2-ea80-08dea8e8edb7","Actual","cf835ee5-5215-4fdf-6f92-08dea8e8edb6","5391471d-5db8-4e20-8a53-08dea8e8edb0","718b556d-df7a-4f71-88d5-92e506941170","Quarterly","ربع سنوي","quarterly","2019-Q1","5/5/2026 10:28:47 AM",""
"e0269236-1093-430d-ea9b-08dea8e8edb7","Actual","9a086cc2-dd2d-492c-6fa1-08dea8e8edb6","912b46af-dd55-4296-8a56-08dea8e8edb0","691e1981-365a-4b79-b81d-de3b2f8c05c7","Yearly","سنوي","yearly","2018","5/6/2026 11:02:35 AM",""
"2f7273a0-d58e-4d2c-eb0a-08dea8e8edb7","Actual","0effbea5-a853-4a90-6fd0-08dea8e8edb6","38bb0719-b784-4ccb-8a62-08dea8e8edb0","691e1981-365a-4b79-b81d-de3b2f8c05c7","Yearly","سنوي","yearly","2018","5/14/2026 8:57:39 AM",""
"c7d211cc-5f47-4484-eb0b-08dea8e8edb7","Actual","0effbea5-a853-4a90-6fd0-08dea8e8edb6","38bb0719-b784-4ccb-8a62-08dea8e8edb0","718b556d-df7a-4f71-88d5-92e506941170","Quarterly","ربع سنوي","quarterly","2018-Q1","5/14/2026 8:57:39 AM",""
"7184dadf-bb37-4f05-eb0e-08dea8e8edb7","Actual","f97dd161-6797-44b3-6fd2-08dea8e8edb6","10e4668d-b127-41eb-8a64-08dea8e8edb0","718b556d-df7a-4f71-88d5-92e506941170","Quarterly","ربع سنوي","quarterly","2019-Q1","5/14/2026 9:41:17 AM",""
"31090aa8-2729-452c-eb0f-08dea8e8edb7","Actual","f97dd161-6797-44b3-6fd2-08dea8e8edb6","10e4668d-b127-41eb-8a64-08dea8e8edb0","691e1981-365a-4b79-b81d-de3b2f8c05c7","Yearly","سنوي","yearly","2019","5/14/2026 9:41:17 AM",""
"045f9243-f92c-4660-a7d4-08deb3df6029","Actual","a08d961b-cfd0-4fcf-aead-08deb3df601c","d7b556c3-8765-45ae-e336-08deb3df601a","691e1981-365a-4b79-b81d-de3b2f8c05c7","Yearly","سنوي","yearly","2019","5/17/2026 9:41:50 AM",""
"6161fca3-c606-4113-a7d5-08deb3df6029","Actual","a08d961b-cfd0-4fcf-aead-08deb3df601c","d7b556c3-8765-45ae-e336-08deb3df601a","718b556d-df7a-4f71-88d5-92e506941170","Quarterly","ربع سنوي","quarterly","2019-Q1","5/17/2026 9:41:50 AM",""
"c66edb4f-1115-43a8-a7d7-08deb3df6029","Actual","5a060c25-e49a-4286-aeaf-08deb3df601c","2a129acb-a3cd-41ea-e338-08deb3df601a","691e1981-365a-4b79-b81d-de3b2f8c05c7","Yearly","سنوي","yearly","2020","5/17/2026 11:47:11 AM",""
"e3b296a7-ff0b-4366-a7e2-08deb3df6029","Actual","2ddeceff-7aad-469a-aeb6-08deb3df601c","efaa43e4-e034-4297-e33f-08deb3df601a","691e1981-365a-4b79-b81d-de3b2f8c05c7","Yearly","سنوي","yearly","2011","5/20/2026 10:37:37 AM",""
"beae7021-d34b-4c8d-9cf1-08deb3ea9ae1","Actual","55c0e959-663d-4893-73d1-08deb3ea9adf","88b5dbfb-cfbd-4f0b-d61f-08deb3ea9ad6","691e1981-365a-4b79-b81d-de3b2f8c05c7","Yearly","سنوي","yearly","2011","5/20/2026 1:19:09 PM",""
"4058f01c-0766-46a9-9cf2-08deb3ea9ae1","Actual","f24a340d-c47c-4534-73d2-08deb3ea9adf","88b5dbfb-cfbd-4f0b-d61f-08deb3ea9ad6","691e1981-365a-4b79-b81d-de3b2f8c05c7","Yearly","سنوي","yearly","2011","5/20/2026 1:19:09 PM",""
"bedfd0f2-5084-45b0-9cf3-08deb3ea9ae1","Actual","103e9dcb-c6e7-41ad-73d3-08deb3ea9adf","88b5dbfb-cfbd-4f0b-d61f-08deb3ea9ad6","691e1981-365a-4b79-b81d-de3b2f8c05c7","Yearly","سنوي","yearly","2011","5/20/2026 1:19:09 PM",""
"a461a041-435e-423f-9cf4-08deb3ea9ae1","Actual","40c1b96c-a490-412d-73d4-08deb3ea9adf","88b5dbfb-cfbd-4f0b-d61f-08deb3ea9ad6","691e1981-365a-4b79-b81d-de3b2f8c05c7","Yearly","سنوي","yearly","2011","5/20/2026 1:19:09 PM",""
"349c7e0e-dd14-471f-91a0-08deb9658cce","Actual","1af5b85d-8e0e-4d9d-a4a7-08deb9658cc1","696c81d9-3d16-419d-23c8-08deb9658cc0","718b556d-df7a-4f71-88d5-92e506941170","Quarterly","ربع سنوي","quarterly","2021-Q1","5/24/2026 10:36:35 AM",""
"9caec825-8e9e-4f8c-91a1-08deb9658cce","Actual","1af5b85d-8e0e-4d9d-a4a7-08deb9658cc1","696c81d9-3d16-419d-23c8-08deb9658cc0","1335f666-ffcf-4c78-ad27-88a092f2f4ae","Monthly","شهري","monthly","2021-01","5/24/2026 10:36:35 AM",""
"a2662d6b-251f-4b91-91a2-08deb9658cce","Actual","1af5b85d-8e0e-4d9d-a4a7-08deb9658cc1","696c81d9-3d16-419d-23c8-08deb9658cc0","691e1981-365a-4b79-b81d-de3b2f8c05c7","Yearly","سنوي","yearly","2021","5/24/2026 10:36:35 AM",""
"b328a121-a192-42b1-91a3-08deb9658cce","Actual","46b7993e-b31a-4633-a4a8-08deb9658cc1","696c81d9-3d16-419d-23c8-08deb9658cc0","1335f666-ffcf-4c78-ad27-88a092f2f4ae","Monthly","شهري","monthly","2021-01","5/24/2026 10:36:35 AM",""
"0b339e25-c2cd-444d-91a4-08deb9658cce","Actual","46b7993e-b31a-4633-a4a8-08deb9658cc1","696c81d9-3d16-419d-23c8-08deb9658cc0","691e1981-365a-4b79-b81d-de3b2f8c05c7","Yearly","سنوي","yearly","2021","5/24/2026 10:36:35 AM",""
"a9d30dd5-94a8-4e1f-91a5-08deb9658cce","Actual","46b7993e-b31a-4633-a4a8-08deb9658cc1","696c81d9-3d16-419d-23c8-08deb9658cc0","718b556d-df7a-4f71-88d5-92e506941170","Quarterly","ربع سنوي","quarterly","2021-Q1","5/24/2026 10:36:35 AM",""
"7dfd3b10-13d6-4cc7-91a6-08deb9658cce","Actual","ff73cf13-e5cb-442f-a4a9-08deb9658cc1","696c81d9-3d16-419d-23c8-08deb9658cc0","691e1981-365a-4b79-b81d-de3b2f8c05c7","Yearly","سنوي","yearly","2021","5/24/2026 10:36:35 AM",""
"889473e3-de7b-4abf-91a7-08deb9658cce","Actual","ff73cf13-e5cb-442f-a4a9-08deb9658cc1","696c81d9-3d16-419d-23c8-08deb9658cc0","718b556d-df7a-4f71-88d5-92e506941170","Quarterly","ربع سنوي","quarterly","2021-Q1","5/24/2026 10:36:35 AM",""
"77422e40-15f0-457b-91a8-08deb9658cce","Actual","ff73cf13-e5cb-442f-a4a9-08deb9658cc1","696c81d9-3d16-419d-23c8-08deb9658cc0","1335f666-ffcf-4c78-ad27-88a092f2f4ae","Monthly","شهري","monthly","2021-01","5/24/2026 10:36:35 AM",""
"4dd61110-9f0b-40ef-91a9-08deb9658cce","Actual","69a24838-9d3d-4af2-a4aa-08deb9658cc1","696c81d9-3d16-419d-23c8-08deb9658cc0","1335f666-ffcf-4c78-ad27-88a092f2f4ae","Monthly","شهري","monthly","2021-01","5/24/2026 10:36:35 AM",""
"5867522e-73cb-45e5-91aa-08deb9658cce","Actual","69a24838-9d3d-4af2-a4aa-08deb9658cc1","696c81d9-3d16-419d-23c8-08deb9658cc0","691e1981-365a-4b79-b81d-de3b2f8c05c7","Yearly","سنوي","yearly","2021","5/24/2026 10:36:35 AM",""
"f0eff484-8fd5-4e18-91ab-08deb9658cce","Actual","69a24838-9d3d-4af2-a4aa-08deb9658cc1","696c81d9-3d16-419d-23c8-08deb9658cc0","718b556d-df7a-4f71-88d5-92e506941170","Quarterly","ربع سنوي","quarterly","2021-Q1","5/24/2026 10:36:35 AM",""
"de55bdaf-2aec-4184-91ac-08deb9658cce","Actual","ca2c9082-2fac-4c35-a4ab-08deb9658cc1","696c81d9-3d16-419d-23c8-08deb9658cc0","691e1981-365a-4b79-b81d-de3b2f8c05c7","Yearly","سنوي","yearly","2021","5/24/2026 10:36:35 AM",""
"e327fead-9bd2-4896-91ad-08deb9658cce","Actual","ca2c9082-2fac-4c35-a4ab-08deb9658cc1","696c81d9-3d16-419d-23c8-08deb9658cc0","718b556d-df7a-4f71-88d5-92e506941170","Quarterly","ربع سنوي","quarterly","2021-Q1","5/24/2026 10:36:35 AM",""
"d644c96b-1794-4b16-91ae-08deb9658cce","Actual","ca2c9082-2fac-4c35-a4ab-08deb9658cc1","696c81d9-3d16-419d-23c8-08deb9658cc0","1335f666-ffcf-4c78-ad27-88a092f2f4ae","Monthly","شهري","monthly","2021-01","5/24/2026 10:36:35 AM",""
"dec43065-b568-4408-91af-08deb9658cce","Actual","f999c736-6d10-4ba7-a4ac-08deb9658cc1","696c81d9-3d16-419d-23c8-08deb9658cc0","691e1981-365a-4b79-b81d-de3b2f8c05c7","Yearly","سنوي","yearly","2021","5/24/2026 10:36:35 AM",""
"b116cb00-0f8b-468b-91b0-08deb9658cce","Actual","f999c736-6d10-4ba7-a4ac-08deb9658cc1","696c81d9-3d16-419d-23c8-08deb9658cc0","1335f666-ffcf-4c78-ad27-88a092f2f4ae","Monthly","شهري","monthly","2021-01","5/24/2026 10:36:35 AM",""
"ee505bce-67b9-4468-91b1-08deb9658cce","Actual","f999c736-6d10-4ba7-a4ac-08deb9658cc1","696c81d9-3d16-419d-23c8-08deb9658cc0","718b556d-df7a-4f71-88d5-92e506941170","Quarterly","ربع سنوي","quarterly","2021-Q1","5/24/2026 10:36:35 AM",""
"6d0ffaed-a94e-4b36-91b2-08deb9658cce","Actual","b140cdd5-342f-4bc3-a4ad-08deb9658cc1","696c81d9-3d16-419d-23c8-08deb9658cc0","691e1981-365a-4b79-b81d-de3b2f8c05c7","Yearly","سنوي","yearly","2021","5/24/2026 10:36:35 AM",""
"6259c554-f0d5-462f-91b3-08deb9658cce","Actual","b140cdd5-342f-4bc3-a4ad-08deb9658cc1","696c81d9-3d16-419d-23c8-08deb9658cc0","1335f666-ffcf-4c78-ad27-88a092f2f4ae","Monthly","شهري","monthly","2021-01","5/24/2026 10:36:35 AM",""
"5f849dc2-6cc5-4486-91b4-08deb9658cce","Actual","b140cdd5-342f-4bc3-a4ad-08deb9658cc1","696c81d9-3d16-419d-23c8-08deb9658cc0","718b556d-df7a-4f71-88d5-92e506941170","Quarterly","ربع سنوي","quarterly","2021-Q1","5/24/2026 10:36:35 AM",""
"b89a6ef6-7f2e-4753-91cd-08deb9658cce","Actual","f33f5a9e-d43e-4b3b-a4b6-08deb9658cc1","7d9f00cc-54cf-48cc-23ca-08deb9658cc0","691e1981-365a-4b79-b81d-de3b2f8c05c7","Yearly","سنوي","yearly","2025","5/24/2026 10:41:44 AM",""
"258740f1-c3d8-46be-91ce-08deb9658cce","Actual","e5260da5-562a-46b4-a4b7-08deb9658cc1","7d9f00cc-54cf-48cc-23ca-08deb9658cc0","691e1981-365a-4b79-b81d-de3b2f8c05c7","Yearly","سنوي","yearly","2025","5/24/2026 10:41:44 AM",""
"58ae087b-7bdf-4fcb-91cf-08deb9658cce","Actual","59cb2bbe-9fe1-4b5e-a4b8-08deb9658cc1","7d9f00cc-54cf-48cc-23ca-08deb9658cc0","691e1981-365a-4b79-b81d-de3b2f8c05c7","Yearly","سنوي","yearly","2025","5/24/2026 10:41:44 AM",""
"b9ea7530-7622-415b-91d0-08deb9658cce","Actual","c4b735cd-726d-45b3-a4b9-08deb9658cc1","7d9f00cc-54cf-48cc-23ca-08deb9658cc0","691e1981-365a-4b79-b81d-de3b2f8c05c7","Yearly","سنوي","yearly","2025","5/24/2026 10:41:44 AM",""
"607830a7-6402-4cc2-91d1-08deb9658cce","Actual","5f765bbc-ecc9-4e07-a4ba-08deb9658cc1","7d9f00cc-54cf-48cc-23ca-08deb9658cc0","691e1981-365a-4b79-b81d-de3b2f8c05c7","Yearly","سنوي","yearly","2025","5/24/2026 10:41:44 AM",""
"e70cd1db-6849-42b3-91d2-08deb9658cce","Actual","0b82f35e-5ee2-4790-a4bb-08deb9658cc1","7d9f00cc-54cf-48cc-23ca-08deb9658cc0","691e1981-365a-4b79-b81d-de3b2f8c05c7","Yearly","سنوي","yearly","2025","5/24/2026 10:41:44 AM",""
"689df64a-60c3-4540-91d3-08deb9658cce","Actual","e978fbe2-b2c3-42bc-a4bc-08deb9658cc1","7d9f00cc-54cf-48cc-23ca-08deb9658cc0","691e1981-365a-4b79-b81d-de3b2f8c05c7","Yearly","سنوي","yearly","2025","5/24/2026 10:41:44 AM",""
"669c1af8-b0af-4809-91d4-08deb9658cce","Actual","12e1e92b-8ccd-4b25-a4bd-08deb9658cc1","7d9f00cc-54cf-48cc-23ca-08deb9658cc0","691e1981-365a-4b79-b81d-de3b2f8c05c7","Yearly","سنوي","yearly","2025","5/24/2026 10:41:44 AM",""
"25ee9734-10b2-4b66-91d5-08deb9658cce","Actual","bd747a05-6630-4ca1-a4be-08deb9658cc1","8a3ddcb1-c262-4cea-23cb-08deb9658cc0","718b556d-df7a-4f71-88d5-92e506941170","Quarterly","ربع سنوي","quarterly","2024-Q1","5/24/2026 10:52:21 AM",""
"53a8eeea-0ad2-4373-91d6-08deb9658cce","Actual","bd747a05-6630-4ca1-a4be-08deb9658cc1","8a3ddcb1-c262-4cea-23cb-08deb9658cc0","691e1981-365a-4b79-b81d-de3b2f8c05c7","Yearly","سنوي","yearly","2024","5/24/2026 10:52:21 AM",""
"f3aaaef5-d0a8-4f54-91d7-08deb9658cce","Actual","bd747a05-6630-4ca1-a4be-08deb9658cc1","8a3ddcb1-c262-4cea-23cb-08deb9658cc0","1335f666-ffcf-4c78-ad27-88a092f2f4ae","Monthly","شهري","monthly","2024-01","5/24/2026 10:52:21 AM",""
"f96daeb3-cfe3-4f18-91d8-08deb9658cce","Actual","65b87b3c-f6db-4812-a4bf-08deb9658cc1","8a3ddcb1-c262-4cea-23cb-08deb9658cc0","718b556d-df7a-4f71-88d5-92e506941170","Quarterly","ربع سنوي","quarterly","2024-Q1","5/24/2026 10:52:21 AM",""
"e537c036-a755-42dd-91d9-08deb9658cce","Actual","65b87b3c-f6db-4812-a4bf-08deb9658cc1","8a3ddcb1-c262-4cea-23cb-08deb9658cc0","1335f666-ffcf-4c78-ad27-88a092f2f4ae","Monthly","شهري","monthly","2024-01","5/24/2026 10:52:21 AM",""
"7fc1ff8e-cad8-456c-91da-08deb9658cce","Actual","65b87b3c-f6db-4812-a4bf-08deb9658cc1","8a3ddcb1-c262-4cea-23cb-08deb9658cc0","691e1981-365a-4b79-b81d-de3b2f8c05c7","Yearly","سنوي","yearly","2024","5/24/2026 10:52:21 AM",""
"4d6d41fe-e83e-4db0-91db-08deb9658cce","Actual","a1c96503-5cdc-452d-a4c0-08deb9658cc1","8a3ddcb1-c262-4cea-23cb-08deb9658cc0","718b556d-df7a-4f71-88d5-92e506941170","Quarterly","ربع سنوي","quarterly","2024-Q1","5/24/2026 10:52:21 AM",""
"af910523-9ab9-40bd-91dc-08deb9658cce","Actual","a1c96503-5cdc-452d-a4c0-08deb9658cc1","8a3ddcb1-c262-4cea-23cb-08deb9658cc0","1335f666-ffcf-4c78-ad27-88a092f2f4ae","Monthly","شهري","monthly","2024-01","5/24/2026 10:52:21 AM",""
"452835bd-f866-4e68-91dd-08deb9658cce","Actual","a1c96503-5cdc-452d-a4c0-08deb9658cc1","8a3ddcb1-c262-4cea-23cb-08deb9658cc0","691e1981-365a-4b79-b81d-de3b2f8c05c7","Yearly","سنوي","yearly","2024","5/24/2026 10:52:21 AM",""
"c8564920-0650-4969-91de-08deb9658cce","Actual","d98a0ed2-6b2d-4c1b-a4c1-08deb9658cc1","8a3ddcb1-c262-4cea-23cb-08deb9658cc0","718b556d-df7a-4f71-88d5-92e506941170","Quarterly","ربع سنوي","quarterly","2024-Q1","5/24/2026 10:52:21 AM",""
"f83bc224-ff44-4f6f-91df-08deb9658cce","Actual","d98a0ed2-6b2d-4c1b-a4c1-08deb9658cc1","8a3ddcb1-c262-4cea-23cb-08deb9658cc0","691e1981-365a-4b79-b81d-de3b2f8c05c7","Yearly","سنوي","yearly","2024","5/24/2026 10:52:21 AM",""
"bda88af8-f223-4cc2-91e0-08deb9658cce","Actual","d98a0ed2-6b2d-4c1b-a4c1-08deb9658cc1","8a3ddcb1-c262-4cea-23cb-08deb9658cc0","1335f666-ffcf-4c78-ad27-88a092f2f4ae","Monthly","شهري","monthly","2024-01","5/24/2026 10:52:21 AM",""
"2f470f92-5ae2-454c-91e1-08deb9658cce","Actual","9f425457-f86a-49b1-a4c2-08deb9658cc1","8a3ddcb1-c262-4cea-23cb-08deb9658cc0","718b556d-df7a-4f71-88d5-92e506941170","Quarterly","ربع سنوي","quarterly","2024-Q1","5/24/2026 10:52:21 AM",""
"22eee546-d4e4-4f0a-91e2-08deb9658cce","Actual","9f425457-f86a-49b1-a4c2-08deb9658cc1","8a3ddcb1-c262-4cea-23cb-08deb9658cc0","1335f666-ffcf-4c78-ad27-88a092f2f4ae","Monthly","شهري","monthly","2024-01","5/24/2026 10:52:21 AM",""
"faa2dc60-f45a-4e5a-91e3-08deb9658cce","Actual","9f425457-f86a-49b1-a4c2-08deb9658cc1","8a3ddcb1-c262-4cea-23cb-08deb9658cc0","691e1981-365a-4b79-b81d-de3b2f8c05c7","Yearly","سنوي","yearly","2024","5/24/2026 10:52:21 AM",""
"e50981f9-898e-48f7-91e4-08deb9658cce","Actual","ef6b946e-2975-41d2-a4c3-08deb9658cc1","8a3ddcb1-c262-4cea-23cb-08deb9658cc0","691e1981-365a-4b79-b81d-de3b2f8c05c7","Yearly","سنوي","yearly","2024","5/24/2026 10:52:21 AM",""
"dd14081e-20f6-4f19-91e5-08deb9658cce","Actual","ef6b946e-2975-41d2-a4c3-08deb9658cc1","8a3ddcb1-c262-4cea-23cb-08deb9658cc0","718b556d-df7a-4f71-88d5-92e506941170","Quarterly","ربع سنوي","quarterly","2024-Q1","5/24/2026 10:52:21 AM",""
"a9b04944-f659-4741-91e6-08deb9658cce","Actual","ef6b946e-2975-41d2-a4c3-08deb9658cc1","8a3ddcb1-c262-4cea-23cb-08deb9658cc0","1335f666-ffcf-4c78-ad27-88a092f2f4ae","Monthly","شهري","monthly","2024-01","5/24/2026 10:52:21 AM",""
"408a8044-4d45-4b62-91e7-08deb9658cce","Actual","44b0dd66-7273-4df6-a4c4-08deb9658cc1","3e141fda-3e1d-4355-23cc-08deb9658cc0","718b556d-df7a-4f71-88d5-92e506941170","Quarterly","ربع سنوي","quarterly","2024-Q1","5/24/2026 11:00:31 AM",""
"09b29c39-66d4-4e0e-91e8-08deb9658cce","Actual","44b0dd66-7273-4df6-a4c4-08deb9658cc1","3e141fda-3e1d-4355-23cc-08deb9658cc0","691e1981-365a-4b79-b81d-de3b2f8c05c7","Yearly","سنوي","yearly","2024","5/24/2026 11:00:31 AM",""
"ed6f2824-16ad-4354-91e9-08deb9658cce","Actual","44b0dd66-7273-4df6-a4c4-08deb9658cc1","3e141fda-3e1d-4355-23cc-08deb9658cc0","1335f666-ffcf-4c78-ad27-88a092f2f4ae","Monthly","شهري","monthly","2024-01","5/24/2026 11:00:31 AM",""
"5e751b7d-49c9-4fbb-91ea-08deb9658cce","Actual","4ac404e0-b97e-4a53-a4c5-08deb9658cc1","3e141fda-3e1d-4355-23cc-08deb9658cc0","691e1981-365a-4b79-b81d-de3b2f8c05c7","Yearly","سنوي","yearly","2024","5/24/2026 11:00:31 AM",""
"5e961477-d21d-4857-91eb-08deb9658cce","Actual","4ac404e0-b97e-4a53-a4c5-08deb9658cc1","3e141fda-3e1d-4355-23cc-08deb9658cc0","1335f666-ffcf-4c78-ad27-88a092f2f4ae","Monthly","شهري","monthly","2024-01","5/24/2026 11:00:31 AM",""
"9f7f2347-af6e-4daa-91ec-08deb9658cce","Actual","4ac404e0-b97e-4a53-a4c5-08deb9658cc1","3e141fda-3e1d-4355-23cc-08deb9658cc0","718b556d-df7a-4f71-88d5-92e506941170","Quarterly","ربع سنوي","quarterly","2024-Q1","5/24/2026 11:00:31 AM",""
"770cf4c9-8f3e-4458-91ed-08deb9658cce","Actual","b9ff33fc-f61f-477e-a4c6-08deb9658cc1","3e141fda-3e1d-4355-23cc-08deb9658cc0","1335f666-ffcf-4c78-ad27-88a092f2f4ae","Monthly","شهري","monthly","2024-01","5/24/2026 11:00:31 AM",""
"d8bc85fc-02b0-44ab-91ee-08deb9658cce","Actual","b9ff33fc-f61f-477e-a4c6-08deb9658cc1","3e141fda-3e1d-4355-23cc-08deb9658cc0","718b556d-df7a-4f71-88d5-92e506941170","Quarterly","ربع سنوي","quarterly","2024-Q1","5/24/2026 11:00:31 AM",""
"d9f55001-9afa-4838-91ef-08deb9658cce","Actual","b9ff33fc-f61f-477e-a4c6-08deb9658cc1","3e141fda-3e1d-4355-23cc-08deb9658cc0","691e1981-365a-4b79-b81d-de3b2f8c05c7","Yearly","سنوي","yearly","2024","5/24/2026 11:00:31 AM",""
"c35997a4-704d-4bd0-91f0-08deb9658cce","Actual","c206b104-5756-42ba-a4c7-08deb9658cc1","3e141fda-3e1d-4355-23cc-08deb9658cc0","1335f666-ffcf-4c78-ad27-88a092f2f4ae","Monthly","شهري","monthly","2024-01","5/24/2026 11:00:31 AM",""
"ca120260-10fd-44e9-91f1-08deb9658cce","Actual","c206b104-5756-42ba-a4c7-08deb9658cc1","3e141fda-3e1d-4355-23cc-08deb9658cc0","691e1981-365a-4b79-b81d-de3b2f8c05c7","Yearly","سنوي","yearly","2024","5/24/2026 11:00:31 AM",""
"94dcd0ac-2deb-409d-91f2-08deb9658cce","Actual","c206b104-5756-42ba-a4c7-08deb9658cc1","3e141fda-3e1d-4355-23cc-08deb9658cc0","718b556d-df7a-4f71-88d5-92e506941170","Quarterly","ربع سنوي","quarterly","2024-Q1","5/24/2026 11:00:31 AM",""
"1b5550bc-61fc-4709-91f3-08deb9658cce","Actual","b178ced0-62e4-4a39-a4c8-08deb9658cc1","3e141fda-3e1d-4355-23cc-08deb9658cc0","1335f666-ffcf-4c78-ad27-88a092f2f4ae","Monthly","شهري","monthly","2024-01","5/24/2026 11:00:31 AM",""
"e1d870b0-f450-4793-91f4-08deb9658cce","Actual","b178ced0-62e4-4a39-a4c8-08deb9658cc1","3e141fda-3e1d-4355-23cc-08deb9658cc0","691e1981-365a-4b79-b81d-de3b2f8c05c7","Yearly","سنوي","yearly","2024","5/24/2026 11:00:31 AM",""
"91f091f2-fd21-4036-91f5-08deb9658cce","Actual","b178ced0-62e4-4a39-a4c8-08deb9658cc1","3e141fda-3e1d-4355-23cc-08deb9658cc0","718b556d-df7a-4f71-88d5-92e506941170","Quarterly","ربع سنوي","quarterly","2024-Q1","5/24/2026 11:00:31 AM",""
"37503cef-d27c-4707-91f6-08deb9658cce","Actual","b2bf51e2-de9d-4ae1-a4c9-08deb9658cc1","3e141fda-3e1d-4355-23cc-08deb9658cc0","1335f666-ffcf-4c78-ad27-88a092f2f4ae","Monthly","شهري","monthly","2024-01","5/24/2026 11:00:31 AM",""
"910f0c62-09a2-443b-91f7-08deb9658cce","Actual","b2bf51e2-de9d-4ae1-a4c9-08deb9658cc1","3e141fda-3e1d-4355-23cc-08deb9658cc0","718b556d-df7a-4f71-88d5-92e506941170","Quarterly","ربع سنوي","quarterly","2024-Q1","5/24/2026 11:00:31 AM",""
"8d764a71-e4af-4243-91f8-08deb9658cce","Actual","b2bf51e2-de9d-4ae1-a4c9-08deb9658cc1","3e141fda-3e1d-4355-23cc-08deb9658cc0","691e1981-365a-4b79-b81d-de3b2f8c05c7","Yearly","سنوي","yearly","2024","5/24/2026 11:00:31 AM",""
"f5d2f81f-2319-4092-91f9-08deb9658cce","Actual","c0019c73-2b34-4fd1-a4ca-08deb9658cc1","3e141fda-3e1d-4355-23cc-08deb9658cc0","1335f666-ffcf-4c78-ad27-88a092f2f4ae","Monthly","شهري","monthly","2024-01","5/24/2026 11:00:31 AM",""
"04e85661-069a-45cb-91fa-08deb9658cce","Actual","c0019c73-2b34-4fd1-a4ca-08deb9658cc1","3e141fda-3e1d-4355-23cc-08deb9658cc0","718b556d-df7a-4f71-88d5-92e506941170","Quarterly","ربع سنوي","quarterly","2024-Q1","5/24/2026 11:00:31 AM",""
"91077512-606b-4bc8-91fb-08deb9658cce","Actual","c0019c73-2b34-4fd1-a4ca-08deb9658cc1","3e141fda-3e1d-4355-23cc-08deb9658cc0","691e1981-365a-4b79-b81d-de3b2f8c05c7","Yearly","سنوي","yearly","2024","5/24/2026 11:00:31 AM",""
"15172fd7-9bd8-4f79-91fc-08deb9658cce","Actual","f635ceca-cf1f-4fb6-a4cb-08deb9658cc1","3e141fda-3e1d-4355-23cc-08deb9658cc0","718b556d-df7a-4f71-88d5-92e506941170","Quarterly","ربع سنوي","quarterly","2024-Q1","5/24/2026 11:00:31 AM",""
"3584495f-23ad-411d-91fd-08deb9658cce","Actual","f635ceca-cf1f-4fb6-a4cb-08deb9658cc1","3e141fda-3e1d-4355-23cc-08deb9658cc0","1335f666-ffcf-4c78-ad27-88a092f2f4ae","Monthly","شهري","monthly","2024-01","5/24/2026 11:00:31 AM",""
"83388219-a1c7-4ed3-91fe-08deb9658cce","Actual","f635ceca-cf1f-4fb6-a4cb-08deb9658cc1","3e141fda-3e1d-4355-23cc-08deb9658cc0","691e1981-365a-4b79-b81d-de3b2f8c05c7","Yearly","سنوي","yearly","2024","5/24/2026 11:00:31 AM",""
"fdef6996-0e41-41c2-9200-08deb9658cce","Actual","5a12426a-eb2e-4ab3-a4cd-08deb9658cc1","bc645899-8766-4c2c-23ce-08deb9658cc0","1335f666-ffcf-4c78-ad27-88a092f2f4ae","Monthly","شهري","monthly","2024-03","5/24/2026 11:26:41 AM",""
"e9a6e224-0ab6-492b-9201-08deb9658cce","Actual","c6412533-7bb9-47ed-a4ce-08deb9658cc1","bc645899-8766-4c2c-23ce-08deb9658cc0","1335f666-ffcf-4c78-ad27-88a092f2f4ae","Monthly","شهري","monthly","2024-03","5/24/2026 11:26:41 AM",""
"d2570b36-09ba-4788-9202-08deb9658cce","Actual","af8c0fc0-10de-4459-a4cf-08deb9658cc1","bc645899-8766-4c2c-23ce-08deb9658cc0","1335f666-ffcf-4c78-ad27-88a092f2f4ae","Monthly","شهري","monthly","2024-03","5/24/2026 11:26:41 AM",""
"c4f12d96-c482-4a7e-9203-08deb9658cce","Actual","2f326c46-ac3d-42a8-a4d0-08deb9658cc1","5e2b1deb-f90b-4d8a-23cf-08deb9658cc0","691e1981-365a-4b79-b81d-de3b2f8c05c7","Yearly","سنوي","yearly","2020","5/24/2026 1:56:34 PM",""
"ad26d759-08f4-44db-9204-08deb9658cce","Actual","2f326c46-ac3d-42a8-a4d0-08deb9658cc1","5e2b1deb-f90b-4d8a-23cf-08deb9658cc0","718b556d-df7a-4f71-88d5-92e506941170","Quarterly","ربع سنوي","quarterly","2020-Q1","5/24/2026 1:56:34 PM",""
"cbdb0f32-139e-427f-9205-08deb9658cce","Actual","f29bc176-82b1-46b0-a4d1-08deb9658cc1","5e2b1deb-f90b-4d8a-23cf-08deb9658cc0","718b556d-df7a-4f71-88d5-92e506941170","Quarterly","ربع سنوي","quarterly","2020-Q1","5/24/2026 1:56:34 PM",""
"889d45f3-0c1c-42b1-9206-08deb9658cce","Actual","f29bc176-82b1-46b0-a4d1-08deb9658cc1","5e2b1deb-f90b-4d8a-23cf-08deb9658cc0","691e1981-365a-4b79-b81d-de3b2f8c05c7","Yearly","سنوي","yearly","2020","5/24/2026 1:56:34 PM",""
"d4139769-b3ce-4ab4-9207-08deb9658cce","Actual","4a02258e-79c1-4911-a4d2-08deb9658cc1","5e2b1deb-f90b-4d8a-23cf-08deb9658cc0","718b556d-df7a-4f71-88d5-92e506941170","Quarterly","ربع سنوي","quarterly","2020-Q1","5/24/2026 1:56:34 PM",""
"03a13942-8722-4c85-9208-08deb9658cce","Actual","4a02258e-79c1-4911-a4d2-08deb9658cc1","5e2b1deb-f90b-4d8a-23cf-08deb9658cc0","691e1981-365a-4b79-b81d-de3b2f8c05c7","Yearly","سنوي","yearly","2020","5/24/2026 1:56:34 PM",""
"4ddf3181-3a21-4428-9209-08deb9658cce","Actual","8f8a357c-0c04-47c9-a4d3-08deb9658cc1","5e2b1deb-f90b-4d8a-23cf-08deb9658cc0","691e1981-365a-4b79-b81d-de3b2f8c05c7","Yearly","سنوي","yearly","2020","5/24/2026 1:56:34 PM",""
"13865314-c2a3-4cf4-920a-08deb9658cce","Actual","8f8a357c-0c04-47c9-a4d3-08deb9658cc1","5e2b1deb-f90b-4d8a-23cf-08deb9658cc0","718b556d-df7a-4f71-88d5-92e506941170","Quarterly","ربع سنوي","quarterly","2020-Q1","5/24/2026 1:56:34 PM",""
"769e29dd-b657-48c3-920b-08deb9658cce","Actual","5fc80a2a-3ba5-4303-a4d4-08deb9658cc1","5e2b1deb-f90b-4d8a-23cf-08deb9658cc0","691e1981-365a-4b79-b81d-de3b2f8c05c7","Yearly","سنوي","yearly","2020","5/24/2026 1:56:34 PM",""
"2174c4b7-5866-4fa6-920c-08deb9658cce","Actual","5fc80a2a-3ba5-4303-a4d4-08deb9658cc1","5e2b1deb-f90b-4d8a-23cf-08deb9658cc0","718b556d-df7a-4f71-88d5-92e506941170","Quarterly","ربع سنوي","quarterly","2020-Q1","5/24/2026 1:56:34 PM",""
"979d5533-b6c0-4cd2-920d-08deb9658cce","Actual","f003d8db-8721-41e7-a4d5-08deb9658cc1","5e2b1deb-f90b-4d8a-23cf-08deb9658cc0","718b556d-df7a-4f71-88d5-92e506941170","Quarterly","ربع سنوي","quarterly","2020-Q1","5/24/2026 1:56:34 PM",""
"5e800f09-4f0b-48bc-920e-08deb9658cce","Actual","f003d8db-8721-41e7-a4d5-08deb9658cc1","5e2b1deb-f90b-4d8a-23cf-08deb9658cc0","691e1981-365a-4b79-b81d-de3b2f8c05c7","Yearly","سنوي","yearly","2020","5/24/2026 1:56:34 PM",""
"2a520f08-157a-4f57-3f7b-08deb966926a","Actual","70955736-838f-4949-8b84-08deb9669260","86b1f4d0-454c-460b-ff6e-08deb966925e","1335f666-ffcf-4c78-ad27-88a092f2f4ae","Monthly","شهري","monthly","2024-01","5/24/2026 10:57:09 AM",""
"52e6677b-0389-49a3-3f7c-08deb966926a","Actual","70955736-838f-4949-8b84-08deb9669260","86b1f4d0-454c-460b-ff6e-08deb966925e","691e1981-365a-4b79-b81d-de3b2f8c05c7","Yearly","سنوي","yearly","2024","5/24/2026 10:57:09 AM",""
"fcf02c11-b0cd-4cf6-3f7d-08deb966926a","Actual","70955736-838f-4949-8b84-08deb9669260","86b1f4d0-454c-460b-ff6e-08deb966925e","718b556d-df7a-4f71-88d5-92e506941170","Quarterly","ربع سنوي","quarterly","2024-Q1","5/24/2026 10:57:09 AM",""
"b3390113-4def-49a1-3f7e-08deb966926a","Actual","ee18a944-4692-412d-8b85-08deb9669260","86b1f4d0-454c-460b-ff6e-08deb966925e","1335f666-ffcf-4c78-ad27-88a092f2f4ae","Monthly","شهري","monthly","2024-01","5/24/2026 10:57:09 AM",""
"c2472ee8-4409-4895-3f7f-08deb966926a","Actual","ee18a944-4692-412d-8b85-08deb9669260","86b1f4d0-454c-460b-ff6e-08deb966925e","691e1981-365a-4b79-b81d-de3b2f8c05c7","Yearly","سنوي","yearly","2024","5/24/2026 10:57:09 AM",""
"54a2e0ac-641e-4e3c-3f80-08deb966926a","Actual","ee18a944-4692-412d-8b85-08deb9669260","86b1f4d0-454c-460b-ff6e-08deb966925e","718b556d-df7a-4f71-88d5-92e506941170","Quarterly","ربع سنوي","quarterly","2024-Q1","5/24/2026 10:57:09 AM",""
"64ac5050-fb3e-4854-3f81-08deb966926a","Actual","ac5700f9-1c20-4a3b-8b86-08deb9669260","86b1f4d0-454c-460b-ff6e-08deb966925e","718b556d-df7a-4f71-88d5-92e506941170","Quarterly","ربع سنوي","quarterly","2024-Q1","5/24/2026 10:57:09 AM",""
"b4e35283-5ca2-4740-3f82-08deb966926a","Actual","ac5700f9-1c20-4a3b-8b86-08deb9669260","86b1f4d0-454c-460b-ff6e-08deb966925e","1335f666-ffcf-4c78-ad27-88a092f2f4ae","Monthly","شهري","monthly","2024-01","5/24/2026 10:57:09 AM",""
"1d509535-ec67-416a-3f83-08deb966926a","Actual","ac5700f9-1c20-4a3b-8b86-08deb9669260","86b1f4d0-454c-460b-ff6e-08deb966925e","691e1981-365a-4b79-b81d-de3b2f8c05c7","Yearly","سنوي","yearly","2024","5/24/2026 10:57:09 AM",""
"f3e65dc9-8179-4652-3f84-08deb966926a","Actual","40dbd7f4-b84f-4b89-8b87-08deb9669260","86b1f4d0-454c-460b-ff6e-08deb966925e","1335f666-ffcf-4c78-ad27-88a092f2f4ae","Monthly","شهري","monthly","2024-01","5/24/2026 10:57:09 AM",""
"5a60a21d-4da7-447c-3f85-08deb966926a","Actual","40dbd7f4-b84f-4b89-8b87-08deb9669260","86b1f4d0-454c-460b-ff6e-08deb966925e","691e1981-365a-4b79-b81d-de3b2f8c05c7","Yearly","سنوي","yearly","2024","5/24/2026 10:57:09 AM",""
"c5d0e44f-40ea-48f5-3f86-08deb966926a","Actual","40dbd7f4-b84f-4b89-8b87-08deb9669260","86b1f4d0-454c-460b-ff6e-08deb966925e","718b556d-df7a-4f71-88d5-92e506941170","Quarterly","ربع سنوي","quarterly","2024-Q1","5/24/2026 10:57:09 AM",""
"bfb21dc6-2e57-4e4d-3f87-08deb966926a","Actual","3f427a5a-752c-4c6a-8b88-08deb9669260","86b1f4d0-454c-460b-ff6e-08deb966925e","718b556d-df7a-4f71-88d5-92e506941170","Quarterly","ربع سنوي","quarterly","2024-Q1","5/24/2026 10:57:09 AM",""
"5775a53f-8452-478f-3f88-08deb966926a","Actual","3f427a5a-752c-4c6a-8b88-08deb9669260","86b1f4d0-454c-460b-ff6e-08deb966925e","691e1981-365a-4b79-b81d-de3b2f8c05c7","Yearly","سنوي","yearly","2024","5/24/2026 10:57:09 AM",""
"4d93afea-83ad-475a-3f89-08deb966926a","Actual","3f427a5a-752c-4c6a-8b88-08deb9669260","86b1f4d0-454c-460b-ff6e-08deb966925e","1335f666-ffcf-4c78-ad27-88a092f2f4ae","Monthly","شهري","monthly","2024-01","5/24/2026 10:57:09 AM",""
"cd0430ce-f650-40fc-3f8a-08deb966926a","Actual","392121e6-1699-4a56-8b89-08deb9669260","86b1f4d0-454c-460b-ff6e-08deb966925e","691e1981-365a-4b79-b81d-de3b2f8c05c7","Yearly","سنوي","yearly","2024","5/24/2026 10:57:09 AM",""
"9e08dfc5-9397-4de3-3f8b-08deb966926a","Actual","392121e6-1699-4a56-8b89-08deb9669260","86b1f4d0-454c-460b-ff6e-08deb966925e","1335f666-ffcf-4c78-ad27-88a092f2f4ae","Monthly","شهري","monthly","2024-01","5/24/2026 10:57:09 AM",""
"e5374f4a-b991-4326-3f8c-08deb966926a","Actual","392121e6-1699-4a56-8b89-08deb9669260","86b1f4d0-454c-460b-ff6e-08deb966925e","718b556d-df7a-4f71-88d5-92e506941170","Quarterly","ربع سنوي","quarterly","2024-Q1","5/24/2026 10:57:09 AM",""
"77ad5cc4-9d39-42fa-3f8d-08deb966926a","Actual","71edf568-fe8d-4eeb-8b8a-08deb9669260","abcf9092-a2e6-4b5b-ff6f-08deb966925e","1335f666-ffcf-4c78-ad27-88a092f2f4ae","Monthly","شهري","monthly","2024-01","5/24/2026 11:02:22 AM",""
"21161044-650a-4451-3f8e-08deb966926a","Actual","71edf568-fe8d-4eeb-8b8a-08deb9669260","abcf9092-a2e6-4b5b-ff6f-08deb966925e","691e1981-365a-4b79-b81d-de3b2f8c05c7","Yearly","سنوي","yearly","2024","5/24/2026 11:02:22 AM",""
"b54ea24c-3df4-4277-3f8f-08deb966926a","Actual","71edf568-fe8d-4eeb-8b8a-08deb9669260","abcf9092-a2e6-4b5b-ff6f-08deb966925e","718b556d-df7a-4f71-88d5-92e506941170","Quarterly","ربع سنوي","quarterly","2024-Q1","5/24/2026 11:02:22 AM",""
"9d6c89e5-2906-4d7d-3f90-08deb966926a","Actual","26975cca-e3a4-4f80-8b8b-08deb9669260","abcf9092-a2e6-4b5b-ff6f-08deb966925e","1335f666-ffcf-4c78-ad27-88a092f2f4ae","Monthly","شهري","monthly","2024-01","5/24/2026 11:02:22 AM",""
"cbad9fe4-2021-4ff2-3f91-08deb966926a","Actual","26975cca-e3a4-4f80-8b8b-08deb9669260","abcf9092-a2e6-4b5b-ff6f-08deb966925e","718b556d-df7a-4f71-88d5-92e506941170","Quarterly","ربع سنوي","quarterly","2024-Q1","5/24/2026 11:02:22 AM",""
"1a1a5c8a-7d41-4044-3f92-08deb966926a","Actual","26975cca-e3a4-4f80-8b8b-08deb9669260","abcf9092-a2e6-4b5b-ff6f-08deb966925e","691e1981-365a-4b79-b81d-de3b2f8c05c7","Yearly","سنوي","yearly","2024","5/24/2026 11:02:22 AM",""
"d6a944d4-19aa-45f7-3f93-08deb966926a","Actual","125a4faf-9af0-4c4e-8b8c-08deb9669260","abcf9092-a2e6-4b5b-ff6f-08deb966925e","718b556d-df7a-4f71-88d5-92e506941170","Quarterly","ربع سنوي","quarterly","2024-Q1","5/24/2026 11:02:22 AM",""
"9b9adc8d-c80f-46e2-3f94-08deb966926a","Actual","125a4faf-9af0-4c4e-8b8c-08deb9669260","abcf9092-a2e6-4b5b-ff6f-08deb966925e","691e1981-365a-4b79-b81d-de3b2f8c05c7","Yearly","سنوي","yearly","2024","5/24/2026 11:02:22 AM",""
"f9c55ad5-dd9d-4d36-3f95-08deb966926a","Actual","125a4faf-9af0-4c4e-8b8c-08deb9669260","abcf9092-a2e6-4b5b-ff6f-08deb966925e","1335f666-ffcf-4c78-ad27-88a092f2f4ae","Monthly","شهري","monthly","2024-01","5/24/2026 11:02:22 AM",""
"0e8c8c54-af54-4a93-3f96-08deb966926a","Actual","0e07d1dd-367c-4a39-8b8d-08deb9669260","abcf9092-a2e6-4b5b-ff6f-08deb966925e","1335f666-ffcf-4c78-ad27-88a092f2f4ae","Monthly","شهري","monthly","2024-01","5/24/2026 11:02:22 AM",""
"f03e61da-f679-47d9-3f97-08deb966926a","Actual","0e07d1dd-367c-4a39-8b8d-08deb9669260","abcf9092-a2e6-4b5b-ff6f-08deb966925e","691e1981-365a-4b79-b81d-de3b2f8c05c7","Yearly","سنوي","yearly","2024","5/24/2026 11:02:22 AM",""
"bb40b412-8293-439f-3f98-08deb966926a","Actual","0e07d1dd-367c-4a39-8b8d-08deb9669260","abcf9092-a2e6-4b5b-ff6f-08deb966925e","718b556d-df7a-4f71-88d5-92e506941170","Quarterly","ربع سنوي","quarterly","2024-Q1","5/24/2026 11:02:22 AM",""
"90ff0644-0db0-4822-3f99-08deb966926a","Actual","ba030477-caf3-4c21-8b8e-08deb9669260","abcf9092-a2e6-4b5b-ff6f-08deb966925e","691e1981-365a-4b79-b81d-de3b2f8c05c7","Yearly","سنوي","yearly","2024","5/24/2026 11:02:22 AM",""
"6794e5cb-e004-4f28-3f9a-08deb966926a","Actual","ba030477-caf3-4c21-8b8e-08deb9669260","abcf9092-a2e6-4b5b-ff6f-08deb966925e","718b556d-df7a-4f71-88d5-92e506941170","Quarterly","ربع سنوي","quarterly","2024-Q1","5/24/2026 11:02:22 AM",""
"14102598-55a3-4a3c-3f9b-08deb966926a","Actual","ba030477-caf3-4c21-8b8e-08deb9669260","abcf9092-a2e6-4b5b-ff6f-08deb966925e","1335f666-ffcf-4c78-ad27-88a092f2f4ae","Monthly","شهري","monthly","2024-01","5/24/2026 11:02:22 AM",""
"449f7fc8-601c-4c93-3f9c-08deb966926a","Actual","a3b8080f-a97b-46ee-8b8f-08deb9669260","abcf9092-a2e6-4b5b-ff6f-08deb966925e","1335f666-ffcf-4c78-ad27-88a092f2f4ae","Monthly","شهري","monthly","2024-01","5/24/2026 11:02:22 AM",""
"f3790a33-e797-49c8-3f9d-08deb966926a","Actual","a3b8080f-a97b-46ee-8b8f-08deb9669260","abcf9092-a2e6-4b5b-ff6f-08deb966925e","718b556d-df7a-4f71-88d5-92e506941170","Quarterly","ربع سنوي","quarterly","2024-Q1","5/24/2026 11:02:22 AM",""
"c803b4f2-0aa0-43fc-3f9e-08deb966926a","Actual","a3b8080f-a97b-46ee-8b8f-08deb9669260","abcf9092-a2e6-4b5b-ff6f-08deb966925e","691e1981-365a-4b79-b81d-de3b2f8c05c7","Yearly","سنوي","yearly","2024","5/24/2026 11:02:22 AM",""
"a2b16fc4-6922-4de2-3f9f-08deb966926a","Actual","7a5e47bd-9486-4005-8b90-08deb9669260","abcf9092-a2e6-4b5b-ff6f-08deb966925e","718b556d-df7a-4f71-88d5-92e506941170","Quarterly","ربع سنوي","quarterly","2024-Q1","5/24/2026 11:02:22 AM",""
"66cacf74-0155-41fb-3fa0-08deb966926a","Actual","7a5e47bd-9486-4005-8b90-08deb9669260","abcf9092-a2e6-4b5b-ff6f-08deb966925e","1335f666-ffcf-4c78-ad27-88a092f2f4ae","Monthly","شهري","monthly","2024-01","5/24/2026 11:02:22 AM",""
"fa5b9855-533c-4356-3fa1-08deb966926a","Actual","7a5e47bd-9486-4005-8b90-08deb9669260","abcf9092-a2e6-4b5b-ff6f-08deb966925e","691e1981-365a-4b79-b81d-de3b2f8c05c7","Yearly","سنوي","yearly","2024","5/24/2026 11:02:22 AM",""
"7ac367bf-7328-4b8e-3fa2-08deb966926a","Actual","bad6d404-03b4-49cf-8b91-08deb9669260","abcf9092-a2e6-4b5b-ff6f-08deb966925e","691e1981-365a-4b79-b81d-de3b2f8c05c7","Yearly","سنوي","yearly","2024","5/24/2026 11:02:22 AM",""
"35bf3ca7-875f-477c-3fa3-08deb966926a","Actual","bad6d404-03b4-49cf-8b91-08deb9669260","abcf9092-a2e6-4b5b-ff6f-08deb966925e","718b556d-df7a-4f71-88d5-92e506941170","Quarterly","ربع سنوي","quarterly","2024-Q1","5/24/2026 11:02:22 AM",""
"964edd54-e5bc-44da-3fa4-08deb966926a","Actual","bad6d404-03b4-49cf-8b91-08deb9669260","abcf9092-a2e6-4b5b-ff6f-08deb966925e","1335f666-ffcf-4c78-ad27-88a092f2f4ae","Monthly","شهري","monthly","2024-01","5/24/2026 11:02:22 AM",""
"ce6acbb1-f1bc-4acf-3fa5-08deb966926a","Actual","d11b1e63-a2d2-453f-8b92-08deb9669260","2edd52f8-2cf0-492a-ff70-08deb966925e","1335f666-ffcf-4c78-ad27-88a092f2f4ae","Monthly","شهري","monthly","2026-01","5/24/2026 11:08:24 AM",""
"419c5293-0427-4921-3fa6-08deb966926a","Actual","eb9ac09f-2d08-4a7c-8b93-08deb9669260","2edd52f8-2cf0-492a-ff70-08deb966925e","1335f666-ffcf-4c78-ad27-88a092f2f4ae","Monthly","شهري","monthly","2026-01","5/24/2026 11:08:24 AM",""
"29779bea-2e50-49c8-3fa7-08deb966926a","Actual","f451a1ff-c489-42d7-8b94-08deb9669260","2edd52f8-2cf0-492a-ff70-08deb966925e","1335f666-ffcf-4c78-ad27-88a092f2f4ae","Monthly","شهري","monthly","2026-01","5/24/2026 11:08:24 AM",""
"81669f9a-ea4c-4890-3fa8-08deb966926a","Actual","0fed25b6-f1f8-40e0-8b95-08deb9669260","2edd52f8-2cf0-492a-ff70-08deb966925e","1335f666-ffcf-4c78-ad27-88a092f2f4ae","Monthly","شهري","monthly","2026-01","5/24/2026 11:08:24 AM",""
"344e2fed-4e91-4486-3fa9-08deb966926a","Actual","9facb8b5-a605-4cc8-8b96-08deb9669260","2edd52f8-2cf0-492a-ff70-08deb966925e","1335f666-ffcf-4c78-ad27-88a092f2f4ae","Monthly","شهري","monthly","2026-01","5/24/2026 11:08:24 AM",""
"c3528ea2-d771-44a2-b14a-08debee636db","Actual","4c431629-e3eb-4036-60c3-08debee63662","f10efb73-ea8f-49a8-dfd3-08debee6364f","691e1981-365a-4b79-b81d-de3b2f8c05c7","Yearly","سنوي","yearly","2022","5/31/2026 11:38:15 AM",""
"faa71532-3789-4d67-b151-08debee636db","Actual","6c2ec1e3-860f-4b3f-60c6-08debee63662","c65e0835-1de9-41f1-dfd6-08debee6364f","691e1981-365a-4b79-b81d-de3b2f8c05c7","Yearly","سنوي","yearly","2012","6/2/2026 1:27:00 PM",""
"07967fc7-898e-4110-b158-08debee636db","Actual","8a047c16-e933-48cd-60c9-08debee63662","26384945-9579-4e96-dfd9-08debee6364f","718b556d-df7a-4f71-88d5-92e506941170","Quarterly","ربع سنوي","quarterly","2023-Q1","6/4/2026 7:57:08 AM",""
"f83fec0f-cce5-4a49-758c-08dec461c23f","Actual","70e23b54-5476-492a-7a4a-08dec461c23d","edde655f-0d43-4a62-980c-08dec461c232","718b556d-df7a-4f71-88d5-92e506941170","Quarterly","ربع سنوي","quarterly","2011-Q1","6/7/2026 9:55:28 AM",""
"4e2f6639-7d83-4824-758d-08dec461c23f","Actual","70e23b54-5476-492a-7a4a-08dec461c23d","edde655f-0d43-4a62-980c-08dec461c232","691e1981-365a-4b79-b81d-de3b2f8c05c7","Yearly","سنوي","yearly","2011","6/7/2026 9:55:28 AM",""
"84c01026-83ce-4481-758e-08dec461c23f","Actual","6d594200-9f01-445c-7a4b-08dec461c23d","56334e27-e32b-4163-980d-08dec461c232","691e1981-365a-4b79-b81d-de3b2f8c05c7","Yearly","سنوي","yearly","2020","6/7/2026 9:56:43 AM",""
"1caf3630-cbbf-4b75-758f-08dec461c23f","Actual","47c56938-ded8-4e8e-7a4c-08dec461c23d","e2f78287-077e-48ee-980e-08dec461c232","691e1981-365a-4b79-b81d-de3b2f8c05c7","Yearly","سنوي","yearly","2020","6/7/2026 10:49:19 AM",""
"9b594079-f75b-406e-7593-08dec461c23f","Actual","b59d0271-29c2-4189-7a4e-08dec461c23d","6bb667c0-4287-4db5-9810-08dec461c232","691e1981-365a-4b79-b81d-de3b2f8c05c7","Yearly","سنوي","yearly","2019","6/11/2026 1:27:50 PM",""
"cb8e9295-cd5a-42a0-7594-08dec461c23f","Actual","d6e8d713-37fd-4a6f-7a4f-08dec461c23d","6ed25ef1-d1c4-4c93-9811-08dec461c232","691e1981-365a-4b79-b81d-de3b2f8c05c7","Yearly","سنوي","yearly","2020","6/15/2026 11:51:47 AM",""
"ba2587b9-35c5-41c3-75c1-08dec461c23f","Actual","d33516d6-6fa8-4f81-7a7c-08dec461c23d","e6478631-ea19-49ce-9819-08dec461c232","691e1981-365a-4b79-b81d-de3b2f8c05c7","Yearly","سنوي","yearly","2020","6/22/2026 10:57:18 AM",""
"c5cefbbf-1115-49d0-75c2-08dec461c23f","Actual","72ae0895-6ed2-4e86-7a7d-08dec461c23d","e6478631-ea19-49ce-9819-08dec461c232","691e1981-365a-4b79-b81d-de3b2f8c05c7","Yearly","سنوي","yearly","2020","6/22/2026 10:57:18 AM",""
"e54c317b-1bbd-438f-75c3-08dec461c23f","Actual","f623f0e1-cc8f-4fbf-7a7e-08dec461c23d","e6478631-ea19-49ce-9819-08dec461c232","691e1981-365a-4b79-b81d-de3b2f8c05c7","Yearly","سنوي","yearly","2020","6/22/2026 10:57:18 AM",""
"c42448d6-c9e0-4344-75c4-08dec461c23f","Actual","44a7f5b5-ce35-41ff-7a7f-08dec461c23d","db70b0f9-0325-44f2-981a-08dec461c232","691e1981-365a-4b79-b81d-de3b2f8c05c7","Yearly","سنوي","yearly","2024","6/23/2026 9:55:03 AM",""
"a1038296-4301-41f2-75c5-08dec461c23f","Actual","76ce73ac-b3d1-410d-7a80-08dec461c23d","db70b0f9-0325-44f2-981a-08dec461c232","691e1981-365a-4b79-b81d-de3b2f8c05c7","Yearly","سنوي","yearly","2024","6/23/2026 9:55:03 AM",""
"899683b0-6275-4809-75c6-08dec461c23f","Actual","838cf4bd-f9af-458c-7a81-08dec461c23d","db70b0f9-0325-44f2-981a-08dec461c232","691e1981-365a-4b79-b81d-de3b2f8c05c7","Yearly","سنوي","yearly","2024","6/23/2026 9:55:03 AM",""
"317f35ff-0300-40a4-75c7-08dec461c23f","Actual","3a8acea5-a173-4c87-7a82-08dec461c23d","db70b0f9-0325-44f2-981a-08dec461c232","691e1981-365a-4b79-b81d-de3b2f8c05c7","Yearly","سنوي","yearly","2024","6/23/2026 9:55:03 AM",""
"d57c5fac-e781-41d4-75c8-08dec461c23f","Actual","5b8af3cc-5fe4-4b8e-7a83-08dec461c23d","db70b0f9-0325-44f2-981a-08dec461c232","691e1981-365a-4b79-b81d-de3b2f8c05c7","Yearly","سنوي","yearly","2024","6/23/2026 9:55:03 AM",""
"bf7e74df-382f-49cc-75c9-08dec461c23f","Actual","f6758c9a-f149-4e82-7a84-08dec461c23d","db70b0f9-0325-44f2-981a-08dec461c232","691e1981-365a-4b79-b81d-de3b2f8c05c7","Yearly","سنوي","yearly","2024","6/23/2026 9:55:03 AM",""
"ff5f874d-0b07-4c3a-75ca-08dec461c23f","Actual","354c530a-b694-4f7e-7a85-08dec461c23d","db70b0f9-0325-44f2-981a-08dec461c232","691e1981-365a-4b79-b81d-de3b2f8c05c7","Yearly","سنوي","yearly","2024","6/23/2026 9:55:03 AM",""
"5ed2e192-4a64-4a38-75cb-08dec461c23f","Actual","be2e1d18-a882-4454-7a86-08dec461c23d","db70b0f9-0325-44f2-981a-08dec461c232","691e1981-365a-4b79-b81d-de3b2f8c05c7","Yearly","سنوي","yearly","2024","6/23/2026 9:55:03 AM",""
"444ac9ab-b9a1-4f9d-75cc-08dec461c23f","Actual","1da4cc95-ba5b-4e81-7a87-08dec461c23d","db70b0f9-0325-44f2-981a-08dec461c232","691e1981-365a-4b79-b81d-de3b2f8c05c7","Yearly","سنوي","yearly","2024","6/23/2026 9:55:03 AM",""
"e04bcb24-e25b-4e46-75cd-08dec461c23f","Actual","30f4fca5-52cf-4205-7a88-08dec461c23d","db70b0f9-0325-44f2-981a-08dec461c232","691e1981-365a-4b79-b81d-de3b2f8c05c7","Yearly","سنوي","yearly","2024","6/23/2026 9:55:03 AM",""
"24534068-6f7f-4147-75ce-08dec461c23f","Actual","0379a74a-41da-40d9-7a89-08dec461c23d","a575f11f-9184-43d3-981b-08dec461c232","718b556d-df7a-4f71-88d5-92e506941170","Quarterly","ربع سنوي","quarterly","2024-Q1","6/23/2026 10:20:30 AM",""
"a61ec1e9-3d99-44a2-75cf-08dec461c23f","Actual","b876956c-e1d8-4b95-7a8a-08dec461c23d","a575f11f-9184-43d3-981b-08dec461c232","718b556d-df7a-4f71-88d5-92e506941170","Quarterly","ربع سنوي","quarterly","2024-Q1","6/23/2026 10:20:30 AM",""
"8213e4c9-7259-4d3b-75d0-08dec461c23f","Actual","4d624708-1e86-44a1-7a8b-08dec461c23d","a575f11f-9184-43d3-981b-08dec461c232","718b556d-df7a-4f71-88d5-92e506941170","Quarterly","ربع سنوي","quarterly","2024-Q1","6/23/2026 10:20:30 AM",""
"0f6c51c0-028d-4eee-75d1-08dec461c23f","Actual","17560a01-c53e-4bef-7a8c-08dec461c23d","225aa6f6-56e3-497b-981c-08dec461c232","691e1981-365a-4b79-b81d-de3b2f8c05c7","Yearly","سنوي","yearly","2020","6/23/2026 11:11:56 AM",""
"cce09fe6-9336-4aae-75d2-08dec461c23f","Actual","ce038fdd-faa7-4e26-7a8d-08dec461c23d","774f3591-1aca-43fc-981d-08dec461c232","718b556d-df7a-4f71-88d5-92e506941170","Quarterly","ربع سنوي","quarterly","2021-Q1","6/25/2026 12:02:26 PM",""
"0b24ca32-066f-434f-75d3-08dec461c23f","Actual","ce038fdd-faa7-4e26-7a8d-08dec461c23d","774f3591-1aca-43fc-981d-08dec461c232","691e1981-365a-4b79-b81d-de3b2f8c05c7","Yearly","سنوي","yearly","2021","6/25/2026 12:02:26 PM",""
"4b0879fc-38cd-40fd-75d4-08dec461c23f","Actual","acd778b1-1d77-4ffa-7a8e-08dec461c23d","3246e1e8-af83-46dd-981e-08dec461c232","691e1981-365a-4b79-b81d-de3b2f8c05c7","Yearly","سنوي","yearly","2020","6/28/2026 10:27:43 AM",""
"d2041b5a-f421-4efb-75d5-08dec461c23f","Actual","dc8a5197-d7d7-458f-7a8f-08dec461c23d","ba18197c-7b0a-454a-981f-08dec461c232","691e1981-365a-4b79-b81d-de3b2f8c05c7","Yearly","سنوي","yearly","2011","7/2/2026 11:47:08 AM",""
"d302c496-ef0c-48d0-75d6-08dec461c23f","Actual","3af3d4b3-bd50-4bb7-7a90-08dec461c23d","5c9c8cbf-0a81-41fe-9820-08dec461c232","691e1981-365a-4b79-b81d-de3b2f8c05c7","Yearly","سنوي","yearly","2018","7/2/2026 12:43:47 PM",""
"c0a607d4-e359-4720-75d7-08dec461c23f","Actual","3af3d4b3-bd50-4bb7-7a90-08dec461c23d","5c9c8cbf-0a81-41fe-9820-08dec461c232","718b556d-df7a-4f71-88d5-92e506941170","Quarterly","ربع سنوي","quarterly","2018-Q1","7/2/2026 12:43:47 PM",""
"475a31c7-f9da-44b0-75d8-08dec461c23f","Actual","6b665023-f437-4902-7a91-08dec461c23d","9877beae-0c69-41b0-9821-08dec461c232","691e1981-365a-4b79-b81d-de3b2f8c05c7","Yearly","سنوي","yearly","2022","7/5/2026 11:43:02 AM",""
"a8e247c4-cfe5-4c2c-75d9-08dec461c23f","Actual","6b665023-f437-4902-7a91-08dec461c23d","9877beae-0c69-41b0-9821-08dec461c232","718b556d-df7a-4f71-88d5-92e506941170","Quarterly","ربع سنوي","quarterly","2022-Q1","7/5/2026 11:43:02 AM",""
"c92c7c6e-fd03-4837-75db-08dec461c23f","Actual","dc087d3c-3562-44cc-7a93-08dec461c23d","b05f6bd5-256d-4940-9823-08dec461c232","691e1981-365a-4b79-b81d-de3b2f8c05c7","Yearly","سنوي","yearly","2014","7/5/2026 12:12:54 PM",""
"16ea5c5c-872d-4e5f-75dc-08dec461c23f","Actual","dcc40483-0957-4f11-7a94-08dec461c23d","b05f6bd5-256d-4940-9823-08dec461c232","691e1981-365a-4b79-b81d-de3b2f8c05c7","Yearly","سنوي","yearly","2014","7/5/2026 12:12:54 PM",""
"777f7f96-f997-45d4-75dd-08dec461c23f","Actual","a094245c-f9ce-456e-7a95-08dec461c23d","3b7d26fa-9bed-4f0c-9824-08dec461c232","691e1981-365a-4b79-b81d-de3b2f8c05c7","Yearly","سنوي","yearly","2021","7/6/2026 10:16:58 AM",""
"5684b373-4430-4f4d-75e1-08dec461c23f","Actual","d4bfb60c-afc9-440e-7a97-08dec461c23d","4f91e1dd-ba9f-4d46-9826-08dec461c232","691e1981-365a-4b79-b81d-de3b2f8c05c7","Yearly","سنوي","yearly","2020","7/21/2026 8:05:12 AM",""
"83b7ea6e-9eb3-45e0-75e2-08dec461c23f","Actual","1f9f4a8c-110f-4122-7a98-08dec461c23d","4156ff1a-bda7-44e7-9827-08dec461c232","691e1981-365a-4b79-b81d-de3b2f8c05c7","Yearly","سنوي","yearly","2020","7/21/2026 8:57:08 AM",""
"c9a40477-4ae4-4c09-75ec-08dec461c23f","Actual","1cd26573-709e-4391-7aa2-08dec461c23d","4f9134c3-4745-4447-9831-08dec461c232","691e1981-365a-4b79-b81d-de3b2f8c05c7","Yearly","سنوي","yearly","2022","7/23/2026 8:48:34 AM",""
"88f69c9d-7c95-4c6c-75ed-08dec461c23f","Actual","137dd4c7-beb0-426b-7aa3-08dec461c23d","4f9134c3-4745-4447-9831-08dec461c232","691e1981-365a-4b79-b81d-de3b2f8c05c7","Yearly","سنوي","yearly","2022","7/23/2026 8:48:34 AM",""
"67c6cd27-d1ad-4fb9-75ee-08dec461c23f","Actual","3f9092c8-2284-4a5b-7aa4-08dec461c23d","4f9134c3-4745-4447-9831-08dec461c232","691e1981-365a-4b79-b81d-de3b2f8c05c7","Yearly","سنوي","yearly","2022","7/23/2026 8:48:34 AM",""
"4b38d4ec-00bc-4f1a-75ef-08dec461c23f","Actual","1acfd15f-410f-49cf-7aa5-08dec461c23d","4f9134c3-4745-4447-9831-08dec461c232","691e1981-365a-4b79-b81d-de3b2f8c05c7","Yearly","سنوي","yearly","2022","7/23/2026 8:48:34 AM",""
"9e85af17-baeb-4641-75f0-08dec461c23f","Actual","0be4eed1-0c84-43bb-7aa6-08dec461c23d","4f9134c3-4745-4447-9831-08dec461c232","691e1981-365a-4b79-b81d-de3b2f8c05c7","Yearly","سنوي","yearly","2022","7/23/2026 8:48:34 AM",""
"902a9b56-6384-4bdb-75f1-08dec461c23f","Actual","0ae87036-f178-4e92-7aa7-08dec461c23d","4f9134c3-4745-4447-9831-08dec461c232","691e1981-365a-4b79-b81d-de3b2f8c05c7","Yearly","سنوي","yearly","2022","7/23/2026 8:48:34 AM",""
"a18c7606-396a-4b1f-75f2-08dec461c23f","Actual","1a2dac3f-af81-476d-7aa8-08dec461c23d","4f9134c3-4745-4447-9831-08dec461c232","691e1981-365a-4b79-b81d-de3b2f8c05c7","Yearly","سنوي","yearly","2022","7/23/2026 8:48:34 AM",""
"64acabb5-7e46-4a6f-75f3-08dec461c23f","Actual","12dd0d02-60f7-47da-7aa9-08dec461c23d","fe118e23-ca38-4822-9832-08dec461c232","691e1981-365a-4b79-b81d-de3b2f8c05c7","Yearly","سنوي","yearly","2021","7/23/2026 8:50:45 AM",""
"ab7a398e-3b11-4f48-75f4-08dec461c23f","Actual","a57d6ccf-3a1a-48fa-7aaa-08dec461c23d","0c2adf88-a3ed-4cc0-9833-08dec461c232","691e1981-365a-4b79-b81d-de3b2f8c05c7","Yearly","سنوي","yearly","2023","7/23/2026 10:24:45 AM",""
"19e6e82f-935a-4a1b-75f7-08dec461c23f","Actual","d8fde3a9-3150-429a-7aac-08dec461c23d","a598da16-09c2-43c4-9835-08dec461c232","691e1981-365a-4b79-b81d-de3b2f8c05c7","Yearly","سنوي","yearly","2019","7/26/2026 1:38:28 PM",""
"8c71bb13-6d15-460f-75f8-08dec461c23f","Actual","d8fde3a9-3150-429a-7aac-08dec461c23d","a598da16-09c2-43c4-9835-08dec461c232","718b556d-df7a-4f71-88d5-92e506941170","Quarterly","ربع سنوي","quarterly","2019-Q1","7/26/2026 1:38:28 PM",""
"b2838248-8821-4982-75f9-08dec461c23f","Actual","633a4473-7585-4a42-7aad-08dec461c23d","a598da16-09c2-43c4-9835-08dec461c232","718b556d-df7a-4f71-88d5-92e506941170","Quarterly","ربع سنوي","quarterly","2019-Q1","7/26/2026 1:38:28 PM",""
"5222d449-c826-402b-75fa-08dec461c23f","Actual","633a4473-7585-4a42-7aad-08dec461c23d","a598da16-09c2-43c4-9835-08dec461c232","691e1981-365a-4b79-b81d-de3b2f8c05c7","Yearly","سنوي","yearly","2019","7/26/2026 1:38:28 PM",""
"7147d0a1-f917-4c3e-75fb-08dec461c23f","Actual","d2e4c8ca-3833-48a0-7aae-08dec461c23d","a598da16-09c2-43c4-9835-08dec461c232","691e1981-365a-4b79-b81d-de3b2f8c05c7","Yearly","سنوي","yearly","2019","7/26/2026 1:38:28 PM",""
"92223ada-13f6-417d-75fc-08dec461c23f","Actual","d2e4c8ca-3833-48a0-7aae-08dec461c23d","a598da16-09c2-43c4-9835-08dec461c232","718b556d-df7a-4f71-88d5-92e506941170","Quarterly","ربع سنوي","quarterly","2019-Q1","7/26/2026 1:38:28 PM",""
"0a4192a4-5a5d-424d-75fd-08dec461c23f","Actual","fb801dff-2204-4cbb-7aaf-08dec461c23d","b5ade6c5-419c-4b5f-9836-08dec461c232","691e1981-365a-4b79-b81d-de3b2f8c05c7","Yearly","سنوي","yearly","2019","7/26/2026 1:59:23 PM",""
"bdcae3b0-e930-4569-75fe-08dec461c23f","Actual","eb07919f-adb5-4e98-7ab0-08dec461c23d","e641b12b-e4d1-47ab-9837-08dec461c232","691e1981-365a-4b79-b81d-de3b2f8c05c7","Yearly","سنوي","yearly","2005","7/28/2026 1:00:38 PM",""
"c41c5cb0-2ade-470e-75ff-08dec461c23f","Actual","902de7d7-c5ac-444a-7ab1-08dec461c23d","5c5f7cbe-766d-43ec-9838-08dec461c232","718b556d-df7a-4f71-88d5-92e506941170","Quarterly","ربع سنوي","quarterly","2022-Q1","7/28/2026 1:02:31 PM",""
"7b98e911-fbb6-4b57-7600-08dec461c23f","Actual","902de7d7-c5ac-444a-7ab1-08dec461c23d","5c5f7cbe-766d-43ec-9838-08dec461c232","691e1981-365a-4b79-b81d-de3b2f8c05c7","Yearly","سنوي","yearly","2022","7/28/2026 1:02:31 PM",""
"82c78958-1b60-43b7-7601-08dec461c23f","Actual","6836f2fa-f1c8-4023-7ab2-08dec461c23d","df817187-b7f9-4564-9839-08dec461c232","691e1981-365a-4b79-b81d-de3b2f8c05c7","Yearly","سنوي","yearly","2016","7/29/2026 1:55:35 PM",""
"d5dccafe-3b2d-41af-7602-08dec461c23f","Actual","7bd4d5a6-a5b9-4a63-7ab3-08dec461c23d","8237bfca-5944-4723-983a-08dec461c232","691e1981-365a-4b79-b81d-de3b2f8c05c7","Yearly","سنوي","yearly","2019","8/2/2026 9:36:58 AM",""
"70f94f7d-380f-4b30-7603-08dec461c23f","Actual","7bd4d5a6-a5b9-4a63-7ab3-08dec461c23d","8237bfca-5944-4723-983a-08dec461c232","718b556d-df7a-4f71-88d5-92e506941170","Quarterly","ربع سنوي","quarterly","2019-Q1","8/2/2026 9:36:58 AM",""
"d1019c47-9fa8-49b6-7604-08dec461c23f","Actual","7bd4d5a6-a5b9-4a63-7ab3-08dec461c23d","8237bfca-5944-4723-983a-08dec461c232","1335f666-ffcf-4c78-ad27-88a092f2f4ae","Monthly","شهري","monthly","2019-01","8/2/2026 9:36:58 AM",""
"81df86bb-9bb0-432f-7605-08dec461c23f","Actual","f0eb3c9f-51ec-486f-7ab4-08dec461c23d","c808315b-a4f3-4f8e-983b-08dec461c232","1335f666-ffcf-4c78-ad27-88a092f2f4ae","Monthly","شهري","monthly","2022-01","8/2/2026 9:47:42 AM",""
"dcad1d05-9e30-4fcc-7606-08dec461c23f","Actual","f0eb3c9f-51ec-486f-7ab4-08dec461c23d","c808315b-a4f3-4f8e-983b-08dec461c232","718b556d-df7a-4f71-88d5-92e506941170","Quarterly","ربع سنوي","quarterly","2022-Q1","8/2/2026 9:47:42 AM",""
"405266c7-e680-4c41-7607-08dec461c23f","Actual","f0eb3c9f-51ec-486f-7ab4-08dec461c23d","c808315b-a4f3-4f8e-983b-08dec461c232","691e1981-365a-4b79-b81d-de3b2f8c05c7","Yearly","سنوي","yearly","2022","8/2/2026 9:47:42 AM",""
"6f784b33-8395-459d-7608-08dec461c23f","Actual","4f2dc17c-83dd-427a-7ab5-08dec461c23d","c808315b-a4f3-4f8e-983b-08dec461c232","691e1981-365a-4b79-b81d-de3b2f8c05c7","Yearly","سنوي","yearly","2022","8/2/2026 9:47:42 AM",""
"5e43da85-1d22-447a-7609-08dec461c23f","Actual","4f2dc17c-83dd-427a-7ab5-08dec461c23d","c808315b-a4f3-4f8e-983b-08dec461c232","718b556d-df7a-4f71-88d5-92e506941170","Quarterly","ربع سنوي","quarterly","2022-Q1","8/2/2026 9:47:42 AM",""
"e3607186-ed06-401d-760a-08dec461c23f","Actual","4f2dc17c-83dd-427a-7ab5-08dec461c23d","c808315b-a4f3-4f8e-983b-08dec461c232","1335f666-ffcf-4c78-ad27-88a092f2f4ae","Monthly","شهري","monthly","2022-01","8/2/2026 9:47:42 AM",""
"23383182-37c4-4d4b-760b-08dec461c23f","Actual","e7aece57-5df6-47d6-7ab6-08dec461c23d","a0089110-7044-43a4-983c-08dec461c232","1335f666-ffcf-4c78-ad27-88a092f2f4ae","Monthly","شهري","monthly","2019-01","8/2/2026 9:53:01 AM",""
"5f1b05c6-bd8d-4d24-760c-08dec461c23f","Actual","e7aece57-5df6-47d6-7ab6-08dec461c23d","a0089110-7044-43a4-983c-08dec461c232","718b556d-df7a-4f71-88d5-92e506941170","Quarterly","ربع سنوي","quarterly","2019-Q1","8/2/2026 9:53:01 AM",""
"ff068a28-af9d-4894-760d-08dec461c23f","Actual","e7aece57-5df6-47d6-7ab6-08dec461c23d","a0089110-7044-43a4-983c-08dec461c232","691e1981-365a-4b79-b81d-de3b2f8c05c7","Yearly","سنوي","yearly","2019","8/2/2026 9:53:01 AM",""
"ccc0c738-16ad-41a5-760e-08dec461c23f","Actual","5e8b83ee-ab75-42d4-7ab7-08dec461c23d","cfbc3145-b350-480b-983d-08dec461c232","691e1981-365a-4b79-b81d-de3b2f8c05c7","Yearly","سنوي","yearly","2000","8/3/2026 8:24:02 AM",""
"006e3f8f-28ca-468d-760f-08dec461c23f","Actual","475b90c2-8a41-4af4-7ab8-08dec461c23d","86cbbcb4-a2f2-4ae7-983e-08dec461c232","691e1981-365a-4b79-b81d-de3b2f8c05c7","Yearly","سنوي","yearly","2021","8/3/2026 8:31:38 AM",""
"5f416508-325c-42ac-7610-08dec461c23f","Actual","e6c456df-8b8e-4619-7ab9-08dec461c23d","94900167-3d2b-4f52-983f-08dec461c232","691e1981-365a-4b79-b81d-de3b2f8c05c7","Yearly","سنوي","yearly","2020","8/3/2026 8:32:43 AM",""
"6cf3f709-6949-4274-7611-08dec461c23f","Actual","28b24086-78be-4402-7aba-08dec461c23d","94900167-3d2b-4f52-983f-08dec461c232","691e1981-365a-4b79-b81d-de3b2f8c05c7","Yearly","سنوي","yearly","2020","8/3/2026 8:32:43 AM",""
"3ba2b992-da4a-433b-7612-08dec461c23f","Actual","e33f945b-82a3-4eab-7abb-08dec461c23d","94900167-3d2b-4f52-983f-08dec461c232","691e1981-365a-4b79-b81d-de3b2f8c05c7","Yearly","سنوي","yearly","2020","8/3/2026 8:32:43 AM",""
"b529fdc1-a75c-46f7-7614-08dec461c23f","Actual","8801770c-a791-4b1d-7abd-08dec461c23d","77bb033c-e866-42b2-9841-08dec461c232","691e1981-365a-4b79-b81d-de3b2f8c05c7","Yearly","سنوي","yearly","2023","8/4/2026 8:20:21 AM",""
"8410ba12-6fa7-4a58-7615-08dec461c23f","Actual","8801770c-a791-4b1d-7abd-08dec461c23d","77bb033c-e866-42b2-9841-08dec461c232","718b556d-df7a-4f71-88d5-92e506941170","Quarterly","ربع سنوي","quarterly","2023-Q1","8/4/2026 8:20:21 AM",""
"67a95d6b-fbfa-4abd-7616-08dec461c23f","Actual","966b1cac-bff0-4d5a-7abe-08dec461c23d","fef5502f-a93e-4cf8-9842-08dec461c232","718b556d-df7a-4f71-88d5-92e506941170","Quarterly","ربع سنوي","quarterly","2022-Q1","8/4/2026 12:21:58 PM",""
"94281f13-29f5-4494-7617-08dec461c23f","Actual","fedf16aa-c8f7-4770-7abf-08dec461c23d","78356970-e976-4aba-9843-08dec461c232","691e1981-365a-4b79-b81d-de3b2f8c05c7","Yearly","سنوي","yearly","2012","8/4/2026 12:36:03 PM",""
"51f8e885-1293-4bbd-7618-08dec461c23f","Actual","b8b8df76-e924-49c5-7ac0-08dec461c23d","fb62d5b6-f515-40e2-9844-08dec461c232","691e1981-365a-4b79-b81d-de3b2f8c05c7","Yearly","سنوي","yearly","2014","8/4/2026 1:06:13 PM",""
"c6d6bf08-d440-4ba9-761d-08dec461c23f","Actual","e4293295-fb43-46b0-7ac5-08dec461c23d","5fad875e-7c72-43d4-9849-08dec461c232","1335f666-ffcf-4c78-ad27-88a092f2f4ae","Monthly","شهري","monthly","2019-01","8/5/2026 9:16:42 AM",""
"54fa04f8-e7ff-4230-761e-08dec461c23f","Actual","e4293295-fb43-46b0-7ac5-08dec461c23d","5fad875e-7c72-43d4-9849-08dec461c232","691e1981-365a-4b79-b81d-de3b2f8c05c7","Yearly","سنوي","yearly","2019","8/5/2026 9:16:42 AM",""
"f291d5df-26e5-4a6d-761f-08dec461c23f","Actual","e4293295-fb43-46b0-7ac5-08dec461c23d","5fad875e-7c72-43d4-9849-08dec461c232","718b556d-df7a-4f71-88d5-92e506941170","Quarterly","ربع سنوي","quarterly","2019-Q1","8/5/2026 9:16:42 AM",""
"9ad36418-4828-4291-7628-08dec461c23f","Actual","5ddcfb1b-0cfb-4ce8-7acc-08dec461c23d","5fab87f3-d983-46d4-9850-08dec461c232","718b556d-df7a-4f71-88d5-92e506941170","Quarterly","ربع سنوي","quarterly","2023-Q1","8/10/2026 11:27:48 AM",""
"d9d33dce-3872-48d6-7629-08dec461c23f","Actual","5ddcfb1b-0cfb-4ce8-7acc-08dec461c23d","5fab87f3-d983-46d4-9850-08dec461c232","691e1981-365a-4b79-b81d-de3b2f8c05c7","Yearly","سنوي","yearly","2023","8/10/2026 11:27:48 AM",""
"210064f0-e719-42b7-5f1b-08dec462e135","Actual","6daa7594-4238-483d-92c5-08dec462e127","f0c369a6-468a-4ebc-00d1-08dec462e11d","691e1981-365a-4b79-b81d-de3b2f8c05c7","Yearly","سنوي","yearly","2020","6/7/2026 10:03:29 AM",""
"39bbf550-90bf-4922-5f1c-08dec462e135","Actual","beee30c1-b0ee-4b24-92c6-08dec462e127","f8a7c25c-ab6b-4c5d-00d2-08dec462e11d","691e1981-365a-4b79-b81d-de3b2f8c05c7","Yearly","سنوي","yearly","2016","6/7/2026 10:50:51 AM",""
"3b627df0-b18c-4311-5f1d-08dec462e135","Actual","07404f32-6713-452b-92c7-08dec462e127","9f8975c5-215a-4533-00d3-08dec462e11d","691e1981-365a-4b79-b81d-de3b2f8c05c7","Yearly","سنوي","yearly","2016","6/7/2026 10:51:44 AM",""
"023b1937-5497-432c-5f1e-08dec462e135","Actual","d14eadeb-a8bf-4242-92c8-08dec462e127","2d6acf61-cf68-4f92-00d4-08dec462e11d","691e1981-365a-4b79-b81d-de3b2f8c05c7","Yearly","سنوي","yearly","2011","6/8/2026 12:39:41 PM",""
"316a6605-3e5c-473b-5f1f-08dec462e135","Actual","d14eadeb-a8bf-4242-92c8-08dec462e127","2d6acf61-cf68-4f92-00d4-08dec462e11d","718b556d-df7a-4f71-88d5-92e506941170","Quarterly","ربع سنوي","quarterly","2011-Q1","6/8/2026 12:39:41 PM",""
"f1f88332-3671-409f-a059-08decabb6ccc","Actual","0bb14f2b-72e8-47f3-9052-08decabb6cc4","32bb4d16-587b-4c9a-c6c9-08decabb6cc2","691e1981-365a-4b79-b81d-de3b2f8c05c7","Yearly","سنوي","yearly","2016","6/15/2026 11:52:26 AM",""
"8383f71e-a791-47ec-604a-08decfcf5825","Actual","cf9fd2b2-0480-42db-f4e4-08decfcf581a","3a1df49d-ed50-444c-16f3-08decfcf5819","718b556d-df7a-4f71-88d5-92e506941170","Quarterly","ربع سنوي","quarterly","2024-Q1","6/23/2026 9:22:23 AM",""
"32868452-3cd2-42f2-604b-08decfcf5825","Actual","cf9fd2b2-0480-42db-f4e4-08decfcf581a","3a1df49d-ed50-444c-16f3-08decfcf5819","691e1981-365a-4b79-b81d-de3b2f8c05c7","Yearly","سنوي","yearly","2024","6/23/2026 9:22:23 AM",""
"25e16ae6-b073-4c51-604c-08decfcf5825","Actual","95a585e3-80d5-4a16-f4e5-08decfcf581a","3a1df49d-ed50-444c-16f3-08decfcf5819","718b556d-df7a-4f71-88d5-92e506941170","Quarterly","ربع سنوي","quarterly","2024-Q1","6/23/2026 9:22:23 AM",""
"5a03294d-f3a4-46e2-604d-08decfcf5825","Actual","95a585e3-80d5-4a16-f4e5-08decfcf581a","3a1df49d-ed50-444c-16f3-08decfcf5819","691e1981-365a-4b79-b81d-de3b2f8c05c7","Yearly","سنوي","yearly","2024","6/23/2026 9:22:23 AM",""
"3aaaa62e-42e5-4b23-604e-08decfcf5825","Actual","990d2e5e-83a2-4d42-f4e6-08decfcf581a","3a1df49d-ed50-444c-16f3-08decfcf5819","691e1981-365a-4b79-b81d-de3b2f8c05c7","Yearly","سنوي","yearly","2024","6/23/2026 9:22:23 AM",""
"dd9bbf5e-d4a8-4f15-604f-08decfcf5825","Actual","990d2e5e-83a2-4d42-f4e6-08decfcf581a","3a1df49d-ed50-444c-16f3-08decfcf5819","718b556d-df7a-4f71-88d5-92e506941170","Quarterly","ربع سنوي","quarterly","2024-Q1","6/23/2026 9:22:23 AM",""
"e6f28f50-cbba-4b49-6050-08decfcf5825","Actual","d096b68f-d333-4cad-f4e7-08decfcf581a","3a1df49d-ed50-444c-16f3-08decfcf5819","691e1981-365a-4b79-b81d-de3b2f8c05c7","Yearly","سنوي","yearly","2024","6/23/2026 9:22:23 AM",""
"5cda82a8-ccbc-42da-6051-08decfcf5825","Actual","d096b68f-d333-4cad-f4e7-08decfcf581a","3a1df49d-ed50-444c-16f3-08decfcf5819","718b556d-df7a-4f71-88d5-92e506941170","Quarterly","ربع سنوي","quarterly","2024-Q1","6/23/2026 9:22:23 AM",""
"1b031ef9-7213-47c8-6052-08decfcf5825","Actual","2d5b179d-6b42-45b6-f4e8-08decfcf581a","3a1df49d-ed50-444c-16f3-08decfcf5819","691e1981-365a-4b79-b81d-de3b2f8c05c7","Yearly","سنوي","yearly","2024","6/23/2026 9:22:23 AM",""
"2381edda-d45f-4ac5-6053-08decfcf5825","Actual","2d5b179d-6b42-45b6-f4e8-08decfcf581a","3a1df49d-ed50-444c-16f3-08decfcf5819","718b556d-df7a-4f71-88d5-92e506941170","Quarterly","ربع سنوي","quarterly","2024-Q1","6/23/2026 9:22:23 AM",""
"3cbaffbc-a74b-42fd-6054-08decfcf5825","Actual","97ba0931-848d-484e-f4e9-08decfcf581a","3a1df49d-ed50-444c-16f3-08decfcf5819","718b556d-df7a-4f71-88d5-92e506941170","Quarterly","ربع سنوي","quarterly","2024-Q1","6/23/2026 9:22:23 AM",""
"795f2c1e-8e49-4093-6055-08decfcf5825","Actual","97ba0931-848d-484e-f4e9-08decfcf581a","3a1df49d-ed50-444c-16f3-08decfcf5819","691e1981-365a-4b79-b81d-de3b2f8c05c7","Yearly","سنوي","yearly","2024","6/23/2026 9:22:23 AM",""
"6d3425f9-3312-4e6d-6056-08decfcf5825","Actual","813ef69b-0fc0-40d1-f4ea-08decfcf581a","4cc09467-f0d6-435c-16f4-08decfcf5819","718b556d-df7a-4f71-88d5-92e506941170","Quarterly","ربع سنوي","quarterly","2024-Q1","6/23/2026 9:37:27 AM",""
"512bfda5-5859-46d7-6057-08decfcf5825","Actual","3c061c1e-f1ae-49a8-f4eb-08decfcf581a","4cc09467-f0d6-435c-16f4-08decfcf5819","718b556d-df7a-4f71-88d5-92e506941170","Quarterly","ربع سنوي","quarterly","2024-Q1","6/23/2026 9:37:27 AM",""
"9b6cfbac-3505-466b-6058-08decfcf5825","Actual","9a129fae-322e-41a7-f4ec-08decfcf581a","4cc09467-f0d6-435c-16f4-08decfcf5819","718b556d-df7a-4f71-88d5-92e506941170","Quarterly","ربع سنوي","quarterly","2024-Q1","6/23/2026 9:37:27 AM",""
"c4e24053-a122-454d-6059-08decfcf5825","Actual","b775c140-dde0-44e7-f4ed-08decfcf581a","af7b505f-f7e9-43f1-16f5-08decfcf5819","691e1981-365a-4b79-b81d-de3b2f8c05c7","Yearly","سنوي","yearly","2024","6/23/2026 10:06:55 AM",""
"5ba4a682-f16a-4ccd-605a-08decfcf5825","Actual","30f32351-c16e-4777-f4ee-08decfcf581a","af7b505f-f7e9-43f1-16f5-08decfcf5819","691e1981-365a-4b79-b81d-de3b2f8c05c7","Yearly","سنوي","yearly","2024","6/23/2026 10:06:55 AM",""
"f22db8e9-0fe7-472b-605b-08decfcf5825","Actual","32a3b554-5c6d-4a02-f4ef-08decfcf581a","af7b505f-f7e9-43f1-16f5-08decfcf5819","691e1981-365a-4b79-b81d-de3b2f8c05c7","Yearly","سنوي","yearly","2024","6/23/2026 10:06:55 AM",""
"da80c824-008a-4e5d-605c-08decfcf5825","Actual","cd981832-b236-43af-f4f0-08decfcf581a","af7b505f-f7e9-43f1-16f5-08decfcf5819","691e1981-365a-4b79-b81d-de3b2f8c05c7","Yearly","سنوي","yearly","2024","6/23/2026 10:06:55 AM",""
"29bb5484-a098-4458-605d-08decfcf5825","Actual","a37e64aa-4417-4600-f4f1-08decfcf581a","af7b505f-f7e9-43f1-16f5-08decfcf5819","691e1981-365a-4b79-b81d-de3b2f8c05c7","Yearly","سنوي","yearly","2024","6/23/2026 10:06:55 AM",""
"c6a17b54-64ea-415c-3dd5-08ded4dc15a5","Actual","309fecc8-04a0-4478-d2e6-08ded4dc1597","9c037f4d-5d9a-4e73-66e2-08ded4dc1595","718b556d-df7a-4f71-88d5-92e506941170","Quarterly","ربع سنوي","quarterly","2021-Q1","6/28/2026 9:11:25 AM",""
"0ba325a9-fed1-46e5-3dd6-08ded4dc15a5","Actual","da8f1e27-2bd7-4d2f-d2e7-08ded4dc1597","8c80bd45-0ad9-41ac-66e3-08ded4dc1595","691e1981-365a-4b79-b81d-de3b2f8c05c7","Yearly","سنوي","yearly","2016","6/28/2026 10:26:58 AM",""
"d907f061-ac4a-45ed-3dd7-08ded4dc15a5","Actual","da8f1e27-2bd7-4d2f-d2e7-08ded4dc1597","8c80bd45-0ad9-41ac-66e3-08ded4dc1595","718b556d-df7a-4f71-88d5-92e506941170","Quarterly","ربع سنوي","quarterly","2016-Q1","6/28/2026 10:26:58 AM",""
"71be9218-97c4-478a-3dd8-08ded4dc15a5","Actual","89f1fdc0-cf06-4569-d2e8-08ded4dc1597","a5dc655f-39dd-465c-66e4-08ded4dc1595","691e1981-365a-4b79-b81d-de3b2f8c05c7","Yearly","سنوي","yearly","2011","6/30/2026 8:15:18 AM",""
"0d69e7ab-6fd9-4c72-3dd9-08ded4dc15a5","Actual","89f1fdc0-cf06-4569-d2e8-08ded4dc1597","a5dc655f-39dd-465c-66e4-08ded4dc1595","718b556d-df7a-4f71-88d5-92e506941170","Quarterly","ربع سنوي","quarterly","2011-Q1","6/30/2026 8:15:18 AM",""
"65a1a4c3-a8b7-4920-d5eb-08deda7187a6","Actual","c38559ee-c2a7-4bcb-04fb-08deda71879d","9edc764f-f529-4b94-1ec6-08deda71879b","718b556d-df7a-4f71-88d5-92e506941170","Quarterly","ربع سنوي","quarterly","2022-Q1","7/5/2026 11:43:47 AM",""
"910741ae-6d4f-43ab-d5ec-08deda7187a6","Actual","c38559ee-c2a7-4bcb-04fb-08deda71879d","9edc764f-f529-4b94-1ec6-08deda71879b","691e1981-365a-4b79-b81d-de3b2f8c05c7","Yearly","سنوي","yearly","2022","7/5/2026 11:43:47 AM",""
"c53818cf-4fe1-4bee-d5ed-08deda7187a6","Actual","d15e7d79-d8a6-4496-04fc-08deda71879d","6a025aec-0e58-4a9c-1ec7-08deda71879b","718b556d-df7a-4f71-88d5-92e506941170","Quarterly","ربع سنوي","quarterly","2022-Q1","7/5/2026 11:46:06 AM",""
"cdac20bd-aa53-47b3-d5ee-08deda7187a6","Actual","44346def-4945-4b96-04fd-08deda71879d","633dc513-6f33-4bb5-1ec8-08deda71879b","691e1981-365a-4b79-b81d-de3b2f8c05c7","Yearly","سنوي","yearly","2007","7/5/2026 12:14:30 PM",""
"23201215-28d1-4ef7-60e4-08dee641c1a4","Actual","ed8c4af5-9c55-488b-8709-08dee641c19a","ecda5ca3-5c3f-431d-a32d-08dee641c198","691e1981-365a-4b79-b81d-de3b2f8c05c7","Yearly","سنوي","yearly","2021","7/20/2026 12:32:03 PM",""
"6e266137-c18f-4c22-60e5-08dee641c1a4","Actual","7944d2c6-1923-40c0-870a-08dee641c19a","51923029-874a-4a0e-a32e-08dee641c198","691e1981-365a-4b79-b81d-de3b2f8c05c7","Yearly","سنوي","yearly","2020","7/21/2026 8:14:58 AM",""
"8a99f86a-e503-4bde-60e6-08dee641c1a4","Actual","9cc91459-7e8e-4ec2-870b-08dee641c19a","9e0bf9c1-f585-4302-a32f-08dee641c198","691e1981-365a-4b79-b81d-de3b2f8c05c7","Yearly","سنوي","yearly","2019","7/21/2026 8:58:07 AM",""
"712dcdd3-09c4-4b9f-60ef-08dee641c1a4","Actual","4f7ce84e-cbbf-4e8e-8714-08dee641c19a","db232b25-daca-4ab5-a338-08dee641c198","691e1981-365a-4b79-b81d-de3b2f8c05c7","Yearly","سنوي","yearly","2021","7/22/2026 12:54:10 PM",""
"926578de-a2f3-4829-60f0-08dee641c1a4","Actual","a096a0e5-6d84-48e4-8715-08dee641c19a","4a88b450-130e-4be4-a339-08dee641c198","691e1981-365a-4b79-b81d-de3b2f8c05c7","Yearly","سنوي","yearly","2020","7/23/2026 8:49:54 AM",""
"d14ec76a-f464-4b45-60f1-08dee641c1a4","Actual","6306cb7f-91a1-456e-8716-08dee641c19a","29d4d4aa-76d1-42a4-a33a-08dee641c198","718b556d-df7a-4f71-88d5-92e506941170","Quarterly","ربع سنوي","quarterly","2021-Q1","7/23/2026 10:55:22 AM",""
"bc09621a-b6a4-4890-60f2-08dee641c1a4","Actual","6306cb7f-91a1-456e-8716-08dee641c19a","29d4d4aa-76d1-42a4-a33a-08dee641c198","691e1981-365a-4b79-b81d-de3b2f8c05c7","Yearly","سنوي","yearly","2021","7/23/2026 10:55:22 AM",""
"2cbed3b6-8f25-427d-a6ee-08deeafdc6de","Actual","cae5d760-47a5-460c-c6b4-08deeafdc6dc","2fbc0553-b137-4021-0e03-08deeafdc6d6","691e1981-365a-4b79-b81d-de3b2f8c05c7","Yearly","سنوي","yearly","2019","7/26/2026 1:18:07 PM",""
"71ba9e56-6ca9-4918-a6ef-08deeafdc6de","Actual","cae5d760-47a5-460c-c6b4-08deeafdc6dc","2fbc0553-b137-4021-0e03-08deeafdc6d6","718b556d-df7a-4f71-88d5-92e506941170","Quarterly","ربع سنوي","quarterly","2019-Q1","7/26/2026 1:18:07 PM",""
"3b4b1da2-848a-4daf-a6f0-08deeafdc6de","Actual","68631efe-4a3e-4dae-c6b5-08deeafdc6dc","2fbc0553-b137-4021-0e03-08deeafdc6d6","691e1981-365a-4b79-b81d-de3b2f8c05c7","Yearly","سنوي","yearly","2019","7/26/2026 1:18:07 PM",""
"fa54076b-b493-4a11-a6f1-08deeafdc6de","Actual","68631efe-4a3e-4dae-c6b5-08deeafdc6dc","2fbc0553-b137-4021-0e03-08deeafdc6d6","718b556d-df7a-4f71-88d5-92e506941170","Quarterly","ربع سنوي","quarterly","2019-Q1","7/26/2026 1:18:07 PM",""
"009de4b0-b4ad-4099-a6f2-08deeafdc6de","Actual","3ebd2d5c-1aab-4f3d-c6b6-08deeafdc6dc","2fbc0553-b137-4021-0e03-08deeafdc6d6","718b556d-df7a-4f71-88d5-92e506941170","Quarterly","ربع سنوي","quarterly","2019-Q1","7/26/2026 1:18:07 PM",""
"9b45f3b5-da91-4d1a-a6f3-08deeafdc6de","Actual","3ebd2d5c-1aab-4f3d-c6b6-08deeafdc6dc","2fbc0553-b137-4021-0e03-08deeafdc6d6","691e1981-365a-4b79-b81d-de3b2f8c05c7","Yearly","سنوي","yearly","2019","7/26/2026 1:18:07 PM",""
"f7ef7954-b655-4d75-a6f4-08deeafdc6de","Actual","6712d390-77df-46ff-c6b7-08deeafdc6dc","6a664f7d-84e9-44a9-0e04-08deeafdc6d6","691e1981-365a-4b79-b81d-de3b2f8c05c7","Yearly","سنوي","yearly","2019","7/26/2026 1:53:00 PM",""
"8027476f-8f1e-48de-a6f5-08deeafdc6de","Actual","6712d390-77df-46ff-c6b7-08deeafdc6dc","6a664f7d-84e9-44a9-0e04-08deeafdc6d6","718b556d-df7a-4f71-88d5-92e506941170","Quarterly","ربع سنوي","quarterly","2019-Q1","7/26/2026 1:53:00 PM",""
"dfe4e429-7255-4d6b-a6f6-08deeafdc6de","Actual","fe8a632a-26e7-4a31-c6b8-08deeafdc6dc","f2b33590-7ef4-45f3-0e05-08deeafdc6d6","691e1981-365a-4b79-b81d-de3b2f8c05c7","Yearly","سنوي","yearly","2021","7/28/2026 10:11:50 AM",""
"2dc02841-8ee2-4621-9550-08def0866aae","Actual","25c35273-5ea8-477d-a79f-08def0866aac","8e7d0bcf-78ac-47f1-790e-08def0866aa3","718b556d-df7a-4f71-88d5-92e506941170","Quarterly","ربع سنوي","quarterly","2021-Q1","8/2/2026 2:08:44 PM",""
"8814c6c8-49ec-4f9e-9551-08def0866aae","Actual","25c35273-5ea8-477d-a79f-08def0866aac","8e7d0bcf-78ac-47f1-790e-08def0866aa3","691e1981-365a-4b79-b81d-de3b2f8c05c7","Yearly","سنوي","yearly","2021","8/2/2026 2:08:44 PM",""
"fb996f9c-2064-436a-9552-08def0866aae","Actual","889f81dd-9b61-48d0-a7a0-08def0866aac","90f51bae-c903-46a5-790f-08def0866aa3","691e1981-365a-4b79-b81d-de3b2f8c05c7","Yearly","سنوي","yearly","2000","8/3/2026 8:25:25 AM",""
"b98dff50-551e-4542-9554-08def0866aae","Actual","e68c5ca2-0f8f-4152-a7a2-08def0866aac","ea03b9d1-de4d-4036-7911-08def0866aa3","1335f666-ffcf-4c78-ad27-88a092f2f4ae","Monthly","شهري","monthly","2021-01","8/3/2026 8:39:36 AM",""
"526e8e38-dff4-47d1-9555-08def0866aae","Actual","ae85665d-2693-4e57-a7a3-08def0866aac","ecaf0b90-cb84-46ce-7912-08def0866aa3","691e1981-365a-4b79-b81d-de3b2f8c05c7","Yearly","سنوي","yearly","2021","8/4/2026 8:19:20 AM",""
"5dfafb97-5133-4b12-9556-08def0866aae","Actual","ae85665d-2693-4e57-a7a3-08def0866aac","ecaf0b90-cb84-46ce-7912-08def0866aa3","718b556d-df7a-4f71-88d5-92e506941170","Quarterly","ربع سنوي","quarterly","2021-Q1","8/4/2026 8:19:20 AM",""
"51af569a-80e0-4edd-9557-08def0866aae","Actual","1d19eeb1-9bc7-4998-a7a4-08def0866aac","cb6a2246-50f5-4fcd-7913-08def0866aa3","718b556d-df7a-4f71-88d5-92e506941170","Quarterly","ربع سنوي","quarterly","2011-Q1","8/4/2026 12:30:38 PM",""
"7f6c88e3-3654-42ad-9558-08def0866aae","Actual","1d19eeb1-9bc7-4998-a7a4-08def0866aac","cb6a2246-50f5-4fcd-7913-08def0866aa3","691e1981-365a-4b79-b81d-de3b2f8c05c7","Yearly","سنوي","yearly","2011","8/4/2026 12:30:38 PM",""
"d8135e0c-9033-4446-955e-08def0866aae","Actual","f60a0ecf-94f5-4f69-a7aa-08def0866aac","43abd900-755b-48bb-7919-08def0866aa3","718b556d-df7a-4f71-88d5-92e506941170","Quarterly","ربع سنوي","quarterly","2011-Q1","8/6/2026 8:10:31 AM",""
"4b004d72-39eb-497b-955f-08def0866aae","Actual","f60a0ecf-94f5-4f69-a7aa-08def0866aac","43abd900-755b-48bb-7919-08def0866aa3","691e1981-365a-4b79-b81d-de3b2f8c05c7","Yearly","سنوي","yearly","2011","8/6/2026 8:10:31 AM",""
"7650ba7d-12c7-451b-9560-08def0866aae","Actual","b38d6f4e-5f09-4b7b-a7ab-08def0866aac","61f82d6b-6ab6-4ce8-791a-08def0866aa3","718b556d-df7a-4f71-88d5-92e506941170","Quarterly","ربع سنوي","quarterly","2021-Q1","8/6/2026 8:11:55 AM",""
"5129305e-b327-4d68-f189-08def5e05d24","Actual","df1f811a-5b39-4660-2376-08def5e05d23","aef8dc96-bf8d-4fbd-908f-08def5e05d1a","691e1981-365a-4b79-b81d-de3b2f8c05c7","Yearly","سنوي","yearly","2011","8/10/2026 11:34:04 AM",""
"5d2bcf27-ea59-443e-9509-08ddb7179f4e","Target","c608b8d0-5707-4fd7-858a-08ddb7179f3f","f0a2e654-d78c-4d14-3e15-08ddb7179f33","1335f666-ffcf-4c78-ad27-88a092f2f4ae","Monthly","شهري","monthly","","6/29/2025 6:53:10 PM",""
"9d982c06-d2e7-41ea-9513-08ddb7179f4e","Target","c9ccb67b-d58d-42c9-8591-08ddb7179f3f","64368107-c86b-4488-3e1c-08ddb7179f33","691e1981-365a-4b79-b81d-de3b2f8c05c7","Yearly","سنوي","yearly","","6/29/2025 6:58:46 PM",""
"1fb8538a-22ae-403d-9514-08ddb7179f4e","Target","84bec68c-5603-4855-8592-08ddb7179f3f","a7eeeaa7-3a05-465c-3e1d-08ddb7179f33","691e1981-365a-4b79-b81d-de3b2f8c05c7","Yearly","سنوي","yearly","","6/29/2025 6:59:43 PM",""
"ccc7845e-9a2c-4d8b-9515-08ddb7179f4e","Target","4f76b2f0-9217-405a-8593-08ddb7179f3f","2137c6dc-b410-4258-3e1e-08ddb7179f33","691e1981-365a-4b79-b81d-de3b2f8c05c7","Yearly","سنوي","yearly","","6/29/2025 7:02:37 PM",""
"ffbfe313-25a9-4ed3-951d-08ddb7179f4e","Target","0e42c4a3-38a6-48c8-8599-08ddb7179f3f","dc37d928-40d5-4998-3e24-08ddb7179f33","718b556d-df7a-4f71-88d5-92e506941170","Quarterly","ربع سنوي","quarterly","","6/29/2025 7:10:42 PM",""
"d722c5ec-0a81-49d6-951e-08ddb7179f4e","Target","c47fdfe6-1fc3-4ffb-859a-08ddb7179f3f","60073a09-fb63-4825-3e25-08ddb7179f33","718b556d-df7a-4f71-88d5-92e506941170","Quarterly","ربع سنوي","quarterly","","6/29/2025 7:11:43 PM",""
"e95a923a-7785-409b-9524-08ddb7179f4e","Target","7649a43f-4b61-4611-85a0-08ddb7179f3f","f597b0c1-9e2c-4899-3e2b-08ddb7179f33","718b556d-df7a-4f71-88d5-92e506941170","Quarterly","ربع سنوي","quarterly","","6/29/2025 7:20:02 PM",""
"a04b8e32-3b7a-4f7c-953b-08ddb7179f4e","Target","802c0a86-9d8c-4f1d-85b9-08ddb7179f3f","57e6f80d-27a2-43de-3e41-08ddb7179f33","691e1981-365a-4b79-b81d-de3b2f8c05c7","Yearly","سنوي","yearly","","6/29/2025 8:27:01 PM",""
"b9b463cb-ce36-4609-9547-08ddb7179f4e","Target","83c50cdc-91e4-4008-85c5-08ddb7179f3f","e2546a69-1ba8-4b1e-3e4d-08ddb7179f33","691e1981-365a-4b79-b81d-de3b2f8c05c7","Yearly","سنوي","yearly","","6/29/2025 11:09:23 PM",""
"975eaf8c-f605-4f2f-9548-08ddb7179f4e","Target","d02252cd-e7b5-491e-85c6-08ddb7179f3f","7ebf49ff-62db-4a91-3e4e-08ddb7179f33","718b556d-df7a-4f71-88d5-92e506941170","Quarterly","ربع سنوي","quarterly","","6/29/2025 11:09:59 PM",""
"4ef91a64-c69e-44bd-9558-08ddb7179f4e","Target","6825244a-5e9b-428e-85cf-08ddb7179f3f","61db52da-e839-40a4-3e54-08ddb7179f33","691e1981-365a-4b79-b81d-de3b2f8c05c7","Yearly","سنوي","yearly","","6/30/2025 10:50:31 AM",""
"77f168a4-5548-4052-9559-08ddb7179f4e","Target","1367abb3-a507-4b3f-85d0-08ddb7179f3f","d032d27f-d538-4da2-3e55-08ddb7179f33","691e1981-365a-4b79-b81d-de3b2f8c05c7","Yearly","سنوي","yearly","","6/30/2025 10:51:15 AM",""
"447d7490-4e51-4110-955a-08ddb7179f4e","Target","9b5ada69-9f88-498f-85d1-08ddb7179f3f","c63a248e-8060-4845-3e56-08ddb7179f33","691e1981-365a-4b79-b81d-de3b2f8c05c7","Yearly","سنوي","yearly","","6/30/2025 10:51:40 AM",""
"a47ed8ed-bf5a-4bb7-955b-08ddb7179f4e","Target","1710afd3-f77a-4a10-85d2-08ddb7179f3f","61f429d1-6c47-48ec-3e57-08ddb7179f33","691e1981-365a-4b79-b81d-de3b2f8c05c7","Yearly","سنوي","yearly","","6/30/2025 10:55:49 AM",""
"212d2016-51b3-4ea4-955c-08ddb7179f4e","Target","64efb2cf-1c77-441c-85d3-08ddb7179f3f","71f4a5b5-baea-4789-3e58-08ddb7179f33","691e1981-365a-4b79-b81d-de3b2f8c05c7","Yearly","سنوي","yearly","","6/30/2025 11:11:48 AM",""
"deeb6175-be0f-4d83-955d-08ddb7179f4e","Target","b5393475-2330-4e0e-85d4-08ddb7179f3f","4861f716-4a3f-4304-3e59-08ddb7179f33","691e1981-365a-4b79-b81d-de3b2f8c05c7","Yearly","سنوي","yearly","","6/30/2025 11:16:57 AM",""
"077aaf4a-4938-4562-955e-08ddb7179f4e","Target","ffceca48-a542-414c-85d5-08ddb7179f3f","1a3c0f36-b514-4b19-3e5a-08ddb7179f33","691e1981-365a-4b79-b81d-de3b2f8c05c7","Yearly","سنوي","yearly","","6/30/2025 11:18:21 AM",""
"e6c21d87-5a7d-469c-955f-08ddb7179f4e","Target","c660d479-c173-41f1-85d6-08ddb7179f3f","adb140b8-770f-4a34-3e5b-08ddb7179f33","691e1981-365a-4b79-b81d-de3b2f8c05c7","Yearly","سنوي","yearly","","6/30/2025 11:19:16 AM",""
"15b4dce0-0cbc-4167-9560-08ddb7179f4e","Target","c7b40b07-1e8a-45c7-85d7-08ddb7179f3f","934bc0c8-5780-46b8-3e5c-08ddb7179f33","691e1981-365a-4b79-b81d-de3b2f8c05c7","Yearly","سنوي","yearly","","6/30/2025 11:19:49 AM",""
"bcca281b-ad93-475a-9561-08ddb7179f4e","Target","e23f64b8-f7f8-4bf8-85d8-08ddb7179f3f","c9bfb3a0-2d3a-4895-3e5d-08ddb7179f33","691e1981-365a-4b79-b81d-de3b2f8c05c7","Yearly","سنوي","yearly","","6/30/2025 11:25:06 AM",""
"1bf3f8fb-e8f2-4878-9562-08ddb7179f4e","Target","dc63fa85-73d2-41b8-85d9-08ddb7179f3f","c8b626a1-4f80-40ec-3e5e-08ddb7179f33","718b556d-df7a-4f71-88d5-92e506941170","Quarterly","ربع سنوي","quarterly","","6/30/2025 11:25:33 AM",""
"7e004524-a8eb-40c9-9574-08ddb7179f4e","Target","874ff68f-d991-4603-85e1-08ddb7179f3f","b92b131c-8a2e-49ef-3e64-08ddb7179f33","691e1981-365a-4b79-b81d-de3b2f8c05c7","Yearly","سنوي","yearly","","6/30/2025 1:48:32 PM",""
"101618a8-20c4-423a-9575-08ddb7179f4e","Target","ba5b32e4-8290-4e79-85e2-08ddb7179f3f","63073032-96e4-45fd-3e65-08ddb7179f33","691e1981-365a-4b79-b81d-de3b2f8c05c7","Yearly","سنوي","yearly","","6/30/2025 1:50:52 PM",""
"13ecef52-ae73-4b74-9576-08ddb7179f4e","Target","025fc974-aae1-47e5-85e3-08ddb7179f3f","0f4a1200-7f7b-4f67-3e66-08ddb7179f33","691e1981-365a-4b79-b81d-de3b2f8c05c7","Yearly","سنوي","yearly","","6/30/2025 1:53:09 PM",""
"7474a93e-020b-44cb-9577-08ddb7179f4e","Target","9f93334f-708a-4682-85e4-08ddb7179f3f","f53e6941-a46d-4142-3e67-08ddb7179f33","691e1981-365a-4b79-b81d-de3b2f8c05c7","Yearly","سنوي","yearly","","6/30/2025 1:53:52 PM",""
"f88df611-f70a-4d4d-9578-08ddb7179f4e","Target","71c5d2eb-81ea-42c7-85e5-08ddb7179f3f","19d55db8-34f1-4697-3e68-08ddb7179f33","691e1981-365a-4b79-b81d-de3b2f8c05c7","Yearly","سنوي","yearly","","6/30/2025 1:54:13 PM",""
"d6fc5a77-303a-4606-9579-08ddb7179f4e","Target","0082a971-fdd2-4f5e-85e6-08ddb7179f3f","ba86d4e8-86df-4abf-3e69-08ddb7179f33","691e1981-365a-4b79-b81d-de3b2f8c05c7","Yearly","سنوي","yearly","","6/30/2025 1:54:36 PM",""
"a39b35da-4d32-4283-957a-08ddb7179f4e","Target","4b19ed02-60ba-463d-85e7-08ddb7179f3f","1c0c06df-a200-4826-3e6a-08ddb7179f33","691e1981-365a-4b79-b81d-de3b2f8c05c7","Yearly","سنوي","yearly","","6/30/2025 1:54:59 PM",""
"14ade7e5-eb9d-4e9f-957b-08ddb7179f4e","Target","0ce12ad0-c3ec-4b12-85e8-08ddb7179f3f","9af398b9-ca7f-4451-3e6b-08ddb7179f33","691e1981-365a-4b79-b81d-de3b2f8c05c7","Yearly","سنوي","yearly","","6/30/2025 1:57:53 PM",""
"ba8d0ea5-aeb0-40ef-957c-08ddb7179f4e","Target","2f166fa9-7e81-46f6-85e9-08ddb7179f3f","e695ef47-c754-419c-3e6c-08ddb7179f33","691e1981-365a-4b79-b81d-de3b2f8c05c7","Yearly","سنوي","yearly","","6/30/2025 2:00:58 PM",""
"bae556be-5c29-42a5-957d-08ddb7179f4e","Target","c4b3e1e4-693c-47c5-85ea-08ddb7179f3f","45d63a3d-01cd-485d-3e6d-08ddb7179f33","691e1981-365a-4b79-b81d-de3b2f8c05c7","Yearly","سنوي","yearly","","6/30/2025 2:01:26 PM",""
"906b148d-e696-4b82-957e-08ddb7179f4e","Target","4fcc8dc6-e27c-41a0-85eb-08ddb7179f3f","8822f966-05c2-417f-3e6e-08ddb7179f33","691e1981-365a-4b79-b81d-de3b2f8c05c7","Yearly","سنوي","yearly","","6/30/2025 2:01:53 PM",""
"0340fe13-e214-4f37-8e20-08ddb722adcf","Target","d4a431d6-febe-4bd1-eb4b-08ddb722adc5","d2c4d177-bb12-4645-b53f-08ddb722adc3","691e1981-365a-4b79-b81d-de3b2f8c05c7","Yearly","سنوي","yearly","","6/29/2025 6:59:15 PM",""
"6879547f-05df-45a0-8e21-08ddb722adcf","Target","d4a431d6-febe-4bd1-eb4b-08ddb722adc5","d2c4d177-bb12-4645-b53f-08ddb722adc3","718b556d-df7a-4f71-88d5-92e506941170","Quarterly","ربع سنوي","quarterly","","6/29/2025 6:59:15 PM",""
"91ea454e-6cbb-4792-8e22-08ddb722adcf","Target","811f81d1-1afb-44ab-eb4c-08ddb722adc5","c3257c34-9cb4-41be-b540-08ddb722adc3","691e1981-365a-4b79-b81d-de3b2f8c05c7","Yearly","سنوي","yearly","","6/29/2025 7:01:16 PM",""
"f47f1184-3036-42bf-8e23-08ddb722adcf","Target","811f81d1-1afb-44ab-eb4c-08ddb722adc5","c3257c34-9cb4-41be-b540-08ddb722adc3","718b556d-df7a-4f71-88d5-92e506941170","Quarterly","ربع سنوي","quarterly","","6/29/2025 7:01:16 PM",""
"99419eb0-8719-42cc-8e29-08ddb722adcf","Target","db5159e4-2ff5-40db-eb52-08ddb722adc5","e8dde311-7c9b-4bec-b546-08ddb722adc3","691e1981-365a-4b79-b81d-de3b2f8c05c7","Yearly","سنوي","yearly","","6/29/2025 7:08:57 PM",""
"4e454110-3d1b-4dba-8e2b-08ddb722adcf","Target","dbd76ae3-518d-414e-eb54-08ddb722adc5","54259d3e-0236-495b-b548-08ddb722adc3","691e1981-365a-4b79-b81d-de3b2f8c05c7","Yearly","سنوي","yearly","","6/29/2025 7:10:22 PM",""
"afc1a71f-2d2a-4b78-8e2c-08ddb722adcf","Target","83e45ddc-fd7e-4033-eb55-08ddb722adc5","b101ba8b-99ff-4118-b549-08ddb722adc3","718b556d-df7a-4f71-88d5-92e506941170","Quarterly","ربع سنوي","quarterly","","6/29/2025 7:11:05 PM",""
"ea368adb-0f2e-465d-8e2d-08ddb722adcf","Target","fe9e31b5-d997-40b4-eb56-08ddb722adc5","2eb9e540-a156-40b0-b54a-08ddb722adc3","718b556d-df7a-4f71-88d5-92e506941170","Quarterly","ربع سنوي","quarterly","","6/29/2025 7:11:23 PM",""
"43d83ffa-053a-4ed6-8e40-08ddb722adcf","Target","0a59b732-7d4c-497a-eb67-08ddb722adc5","4621e313-d65e-460b-b55b-08ddb722adc3","691e1981-365a-4b79-b81d-de3b2f8c05c7","Yearly","سنوي","yearly","","6/29/2025 8:14:42 PM",""
"1df72469-10bc-4018-8e47-08ddb722adcf","Target","9ee176ed-c7f2-4a7f-eb6e-08ddb722adc5","d721ff2f-6278-4b48-b562-08ddb722adc3","691e1981-365a-4b79-b81d-de3b2f8c05c7","Yearly","سنوي","yearly","","6/29/2025 8:23:45 PM",""
"72e2b02c-ccfd-47a1-8e48-08ddb722adcf","Target","08e419ce-8876-4c12-eb6f-08ddb722adc5","ce90f312-89d7-4642-b563-08ddb722adc3","691e1981-365a-4b79-b81d-de3b2f8c05c7","Yearly","سنوي","yearly","","6/29/2025 8:24:43 PM",""
"28d64079-3df2-4145-8e57-08ddb722adcf","Target","6078d25f-d0b9-4f5a-eb79-08ddb722adc5","9261cd38-6628-44b6-b56d-08ddb722adc3","691e1981-365a-4b79-b81d-de3b2f8c05c7","Yearly","سنوي","yearly","","6/29/2025 11:11:25 PM",""
"83e4a807-ef93-4795-8e58-08ddb722adcf","Target","f2efffc9-c65d-4ddc-eb7a-08ddb722adc5","d946e532-7a4a-465c-b56e-08ddb722adc3","691e1981-365a-4b79-b81d-de3b2f8c05c7","Yearly","سنوي","yearly","","6/29/2025 11:17:11 PM",""
"eabd02d0-62aa-493d-8e65-08ddb722adcf","Target","8e34a69d-9c59-4428-eb81-08ddb722adc5","f726cf23-d70b-4f87-b572-08ddb722adc3","691e1981-365a-4b79-b81d-de3b2f8c05c7","Yearly","سنوي","yearly","","6/30/2025 10:50:05 AM",""
"9e221258-e184-4001-8e66-08ddb722adcf","Target","2cc3aba3-bca6-47fc-eb82-08ddb722adc5","4cf28eb0-d3d3-436b-b573-08ddb722adc3","691e1981-365a-4b79-b81d-de3b2f8c05c7","Yearly","سنوي","yearly","","6/30/2025 10:50:53 AM",""
"411d996b-a8cf-48c3-8e69-08ddb722adcf","Target","8ebbc079-fd82-4c76-eb85-08ddb722adc5","298b09ad-4cf5-4503-b576-08ddb722adc3","691e1981-365a-4b79-b81d-de3b2f8c05c7","Yearly","سنوي","yearly","","6/30/2025 11:12:18 AM",""
"29ae481a-3642-4371-8e6a-08ddb722adcf","Target","0bc36c83-76c2-4a59-eb86-08ddb722adc5","cb53f44c-8e81-4ba5-b577-08ddb722adc3","691e1981-365a-4b79-b81d-de3b2f8c05c7","Yearly","سنوي","yearly","","6/30/2025 11:15:15 AM",""
"892a43d3-f1c3-4646-8e6b-08ddb722adcf","Target","74ac8321-d30e-4228-eb87-08ddb722adc5","a90a3185-1ed5-4396-b578-08ddb722adc3","718b556d-df7a-4f71-88d5-92e506941170","Quarterly","ربع سنوي","quarterly","","6/30/2025 11:16:08 AM",""
"cd277dc2-6404-4b12-8e6c-08ddb722adcf","Target","7ae28198-aa8e-486a-eb88-08ddb722adc5","5be08e95-cf7e-47c4-b579-08ddb722adc3","691e1981-365a-4b79-b81d-de3b2f8c05c7","Yearly","سنوي","yearly","","6/30/2025 11:17:32 AM",""
"e095f67f-a746-41f4-8e6d-08ddb722adcf","Target","1df85e99-ee6c-4a48-eb89-08ddb722adc5","6b4f51a8-b0b2-43d6-b57a-08ddb722adc3","691e1981-365a-4b79-b81d-de3b2f8c05c7","Yearly","سنوي","yearly","","6/30/2025 11:17:57 AM",""
"78ecf62b-9fc9-463e-8e6e-08ddb722adcf","Target","c96428f2-0913-4ebb-eb8a-08ddb722adc5","c817263d-3a22-49fe-b57b-08ddb722adc3","691e1981-365a-4b79-b81d-de3b2f8c05c7","Yearly","سنوي","yearly","","6/30/2025 11:18:48 AM",""
"85494462-e07c-4289-8e6f-08ddb722adcf","Target","ca12a6d7-c0e4-4d82-eb8b-08ddb722adc5","bfbb07cc-a75f-4f91-b57c-08ddb722adc3","691e1981-365a-4b79-b81d-de3b2f8c05c7","Yearly","سنوي","yearly","","6/30/2025 11:21:01 AM",""
"45161b39-f613-43d1-8e70-08ddb722adcf","Target","ad05134a-30f9-4dae-eb8c-08ddb722adc5","5d6365ea-9a11-4e41-b57d-08ddb722adc3","718b556d-df7a-4f71-88d5-92e506941170","Quarterly","ربع سنوي","quarterly","","6/30/2025 11:23:20 AM",""
"d35d3128-9593-440d-8e71-08ddb722adcf","Target","b22ff41b-e11e-4062-eb8d-08ddb722adc5","b77d24f1-93ad-4fd0-b57e-08ddb722adc3","718b556d-df7a-4f71-88d5-92e506941170","Quarterly","ربع سنوي","quarterly","","6/30/2025 11:23:41 AM",""
"6af83a1e-edf0-4226-8e72-08ddb722adcf","Target","aac6f792-9622-4f81-eb8e-08ddb722adc5","db238c93-c268-461a-b57f-08ddb722adc3","718b556d-df7a-4f71-88d5-92e506941170","Quarterly","ربع سنوي","quarterly","","6/30/2025 11:26:02 AM",""
"48fec830-722b-492b-8e73-08ddb722adcf","Target","d70b0639-c246-431e-eb8f-08ddb722adc5","d0666126-3e30-4ef0-b580-08ddb722adc3","718b556d-df7a-4f71-88d5-92e506941170","Quarterly","ربع سنوي","quarterly","","6/30/2025 11:26:27 AM",""
"d0fa5a00-dd6a-4c21-8e74-08ddb722adcf","Target","5c67cce2-f57c-4bf0-eb90-08ddb722adc5","9a2d91c8-d4c0-431b-b581-08ddb722adc3","691e1981-365a-4b79-b81d-de3b2f8c05c7","Yearly","سنوي","yearly","","6/30/2025 1:47:41 PM",""
"7ad0f7da-ae60-40de-8e75-08ddb722adcf","Target","28e90b81-026d-4779-eb91-08ddb722adc5","7a9043e0-0b8f-4939-b582-08ddb722adc3","691e1981-365a-4b79-b81d-de3b2f8c05c7","Yearly","سنوي","yearly","","6/30/2025 1:48:07 PM",""
"ad15a974-b52b-4be0-8e76-08ddb722adcf","Target","2eb322ae-2606-4b14-eb92-08ddb722adc5","6fd24445-5619-4817-b583-08ddb722adc3","691e1981-365a-4b79-b81d-de3b2f8c05c7","Yearly","سنوي","yearly","","6/30/2025 1:49:01 PM",""
"e6861a96-473a-4bca-8e77-08ddb722adcf","Target","86fb7103-cba9-4cf2-eb93-08ddb722adc5","e71f0d56-0ca7-4508-b584-08ddb722adc3","691e1981-365a-4b79-b81d-de3b2f8c05c7","Yearly","سنوي","yearly","","6/30/2025 1:49:39 PM",""
"73d4c868-4363-4f14-8e78-08ddb722adcf","Target","15367588-2512-4987-eb94-08ddb722adc5","1bbcb6ff-813a-49de-b585-08ddb722adc3","691e1981-365a-4b79-b81d-de3b2f8c05c7","Yearly","سنوي","yearly","","6/30/2025 1:50:07 PM",""
"72b51015-9e93-4712-8e79-08ddb722adcf","Target","e0efceae-c465-41ce-eb95-08ddb722adc5","d631b600-dadb-4c6c-b586-08ddb722adc3","691e1981-365a-4b79-b81d-de3b2f8c05c7","Yearly","سنوي","yearly","","6/30/2025 1:53:30 PM",""
"3c82c5f3-9e46-4869-8e7a-08ddb722adcf","Target","b2d0aef8-9e0c-4e4b-eb96-08ddb722adc5","5d4fc31b-01c2-48fb-b587-08ddb722adc3","691e1981-365a-4b79-b81d-de3b2f8c05c7","Yearly","سنوي","yearly","","6/30/2025 1:57:31 PM",""
"285f6895-f248-4d38-8e7b-08ddb722adcf","Target","84df259c-f997-4c4a-eb97-08ddb722adc5","c2967fd3-1266-4ced-b588-08ddb722adc3","691e1981-365a-4b79-b81d-de3b2f8c05c7","Yearly","سنوي","yearly","","6/30/2025 1:58:37 PM",""
"2c629459-3c9a-4ac9-8e7c-08ddb722adcf","Target","b14fb30a-f177-439d-eb98-08ddb722adc5","e09fd076-383b-490c-b589-08ddb722adc3","691e1981-365a-4b79-b81d-de3b2f8c05c7","Yearly","سنوي","yearly","","6/30/2025 1:59:01 PM",""
"131f9022-aa3c-4376-8e7d-08ddb722adcf","Target","c9e0d173-6c92-4e2e-eb99-08ddb722adc5","a7ebe308-044c-4dac-b58a-08ddb722adc3","691e1981-365a-4b79-b81d-de3b2f8c05c7","Yearly","سنوي","yearly","","6/30/2025 2:00:30 PM",""
"b37883a3-0f99-42f5-8e7e-08ddb722adcf","Target","d2d5b3c8-73db-4317-eb9a-08ddb722adc5","1e2db018-2e23-49bc-b58b-08ddb722adc3","691e1981-365a-4b79-b81d-de3b2f8c05c7","Yearly","سنوي","yearly","","6/30/2025 2:02:21 PM",""
"f849bf93-9168-4c76-8e7f-08ddb722adcf","Target","c226a987-fd7f-434f-eb9b-08ddb722adc5","59f286b6-d682-4889-b58c-08ddb722adc3","691e1981-365a-4b79-b81d-de3b2f8c05c7","Yearly","سنوي","yearly","","6/30/2025 2:03:12 PM",""
"f2f0c722-5de7-4e47-9e04-08ddbd8c9c45","Target","8b08b5c6-1021-46a4-da1c-08ddbd8c9c42","311f3407-e32c-4171-0464-08ddbd8c9c38","691e1981-365a-4b79-b81d-de3b2f8c05c7","Yearly","سنوي","yearly","","7/7/2025 10:53:34 PM",""
"c16b9d30-81da-443b-f1ef-08ddd8aaca22","Target","342a4e73-19b3-46cd-31d3-08ddd8aaca14","b954a215-4527-47cf-13d6-08ddd8aaca12","691e1981-365a-4b79-b81d-de3b2f8c05c7","Yearly","سنوي","yearly","","8/12/2025 10:07:47 AM",""
"e27bc582-1107-4886-d52b-08dddd5433e1","Target","c55ecd3b-24ba-4a68-fd85-08dddd5433de","554f0bf8-a094-4bdd-a7d8-08dddd5433d4","691e1981-365a-4b79-b81d-de3b2f8c05c7","Yearly","سنوي","yearly","","8/17/2025 1:52:07 PM",""
"a881e90b-e9f5-4e3e-d53b-08dddd5433e1","Target","122d47f7-8c5c-48a5-fd90-08dddd5433de","92aa796c-b5e1-4f57-a7e2-08dddd5433d4","691e1981-365a-4b79-b81d-de3b2f8c05c7","Yearly","سنوي","yearly","","8/20/2025 7:57:28 AM",""
"86208676-e79f-4cf7-848e-08dddd578496","Target","c92b1e43-b445-4e27-eb65-08dddd57848f","7ca07ae2-eec1-4ed0-c7ed-08dddd57848d","691e1981-365a-4b79-b81d-de3b2f8c05c7","Yearly","سنوي","yearly","","8/17/2025 11:21:38 AM",""
"63842b90-632c-4ea2-8492-08dddd578496","Target","364fa699-87c1-4465-eb69-08dddd57848f","b2720098-c079-4302-c7f0-08dddd57848d","691e1981-365a-4b79-b81d-de3b2f8c05c7","Yearly","سنوي","yearly","","8/17/2025 11:27:56 AM",""
"e55b515e-66e4-4e2c-9cb1-08dde2343c08","Target","b443b631-ce15-4be0-1038-08dde2343bfd","56117402-dd45-4e84-db60-08dde2343bfa","691e1981-365a-4b79-b81d-de3b2f8c05c7","Yearly","سنوي","yearly","","8/25/2025 8:48:30 AM",""
"a16a8839-2c6a-49f8-39f0-08de049d3260","Target","179f7c36-5c7e-46a2-7ac8-08de049c57c6","f45c2040-d061-4e4c-c883-08de049c57c4","691e1981-365a-4b79-b81d-de3b2f8c05c7","Yearly","سنوي","yearly","","10/6/2025 9:20:55 AM",""
"01e9143c-1536-4a70-39f3-08de049d3260","Target","4a515b1d-54cd-4d10-7acb-08de049c57c6","f5ba2733-9ccd-4bf7-c885-08de049c57c4","691e1981-365a-4b79-b81d-de3b2f8c05c7","Yearly","سنوي","yearly","","10/6/2025 9:30:29 AM",""
"9603a5fc-0475-4a62-39f4-08de049d3260","Target","052b00ec-bf0c-49db-7acc-08de049c57c6","e10eaacf-94aa-49d4-c886-08de049c57c4","691e1981-365a-4b79-b81d-de3b2f8c05c7","Yearly","سنوي","yearly","","10/6/2025 9:32:10 AM",""
"c23d0dc2-4962-4e4a-1aa2-08de096828ea","Target","75ff3875-101c-4078-d135-08de096828d7","7dab8934-bec3-4a34-801d-08de096828d5","691e1981-365a-4b79-b81d-de3b2f8c05c7","Yearly","سنوي","yearly","","10/12/2025 2:00:44 PM",""
"d5d62fd5-95d7-47c7-4d4f-08de2a61dd9a","Target","8f03a937-bb54-423d-1e8e-08de2a61dd8c","af220032-2e2a-4521-d1eb-08de2a61dd80","718b556d-df7a-4f71-88d5-92e506941170","Quarterly","ربع سنوي","quarterly","","11/24/2025 1:25:55 PM",""
"29277230-6b77-4c1c-053d-08de34c36775","Target","da69737e-c25d-463d-19f3-08de34c36766","a9d5aa30-94b9-4e6d-9425-08de34c3675b","691e1981-365a-4b79-b81d-de3b2f8c05c7","Yearly","سنوي","yearly","","12/6/2025 3:35:55 PM",""
"7b7c9329-397c-4288-053e-08de34c36775","Target","003b873d-ea5d-467f-19f5-08de34c36766","452b585c-af2e-4941-9427-08de34c3675b","718b556d-df7a-4f71-88d5-92e506941170","Quarterly","ربع سنوي","quarterly","","12/8/2025 11:05:01 AM",""
"00771886-b4d4-49e4-4843-08de3ade590d","Target","ba5871a1-f81c-43c3-c7bd-08de3ade590a","87c2a5a9-f54f-49ff-7b82-08de3ade5903","691e1981-365a-4b79-b81d-de3b2f8c05c7","Yearly","سنوي","yearly","","12/14/2025 10:04:02 AM",""
"32da1386-5871-489c-9e37-08de66e6ef26","Target","9ea5b67b-0a74-428b-9652-08de66e6ef19","8889b67b-664a-4680-8443-08de66e6ef17","691e1981-365a-4b79-b81d-de3b2f8c05c7","Yearly","سنوي","yearly","","2/8/2026 10:51:57 AM",""
"0cebcb39-9fac-40e0-9e38-08de66e6ef26","Target","b825d0f0-08ee-4e95-9654-08de66e6ef19","8889b67b-664a-4680-8443-08de66e6ef17","691e1981-365a-4b79-b81d-de3b2f8c05c7","Yearly","سنوي","yearly","","2/8/2026 10:51:57 AM",""
"1f8ec761-ec86-4e91-9e39-08de66e6ef26","Target","44b0264d-629c-474e-9655-08de66e6ef19","8889b67b-664a-4680-8443-08de66e6ef17","691e1981-365a-4b79-b81d-de3b2f8c05c7","Yearly","سنوي","yearly","","2/8/2026 10:51:57 AM",""
"3e15e123-9019-4722-9e3a-08de66e6ef26","Target","9e12ac3b-14b8-4716-9656-08de66e6ef19","8889b67b-664a-4680-8443-08de66e6ef17","691e1981-365a-4b79-b81d-de3b2f8c05c7","Yearly","سنوي","yearly","","2/8/2026 10:51:57 AM",""
"90fc1d1e-6bdf-4a35-9e3b-08de66e6ef26","Target","44f5f186-cae1-4393-9657-08de66e6ef19","8889b67b-664a-4680-8443-08de66e6ef17","691e1981-365a-4b79-b81d-de3b2f8c05c7","Yearly","سنوي","yearly","","2/8/2026 10:51:57 AM",""
"6777d3c7-341a-4540-9e3c-08de66e6ef26","Target","7c94c8d5-ead1-443a-9658-08de66e6ef19","8889b67b-664a-4680-8443-08de66e6ef17","691e1981-365a-4b79-b81d-de3b2f8c05c7","Yearly","سنوي","yearly","","2/8/2026 10:51:57 AM",""
"15b3fb9e-16f3-4138-9e3d-08de66e6ef26","Target","9ee733f1-f68a-4b8a-9659-08de66e6ef19","8889b67b-664a-4680-8443-08de66e6ef17","691e1981-365a-4b79-b81d-de3b2f8c05c7","Yearly","سنوي","yearly","","2/8/2026 10:51:57 AM",""
"8490bbb2-0db8-458e-9e3e-08de66e6ef26","Target","c5af0dad-fda0-4e06-965a-08de66e6ef19","8889b67b-664a-4680-8443-08de66e6ef17","691e1981-365a-4b79-b81d-de3b2f8c05c7","Yearly","سنوي","yearly","","2/8/2026 10:51:57 AM",""
"2b16b15f-4ac8-4b9f-60ec-08de6c80b455","Target","ae6d8353-8468-4cec-1691-08de6c80b44a","c7e2aafd-6340-45d5-31d3-08de6c80b448","691e1981-365a-4b79-b81d-de3b2f8c05c7","Yearly","سنوي","yearly","","2/17/2026 12:17:23 PM",""
"0bd9e3d5-fce2-4f7d-60ed-08de6c80b455","Target","55a465e9-e2b2-4196-1692-08de6c80b44a","c7e2aafd-6340-45d5-31d3-08de6c80b448","691e1981-365a-4b79-b81d-de3b2f8c05c7","Yearly","سنوي","yearly","","2/17/2026 12:17:23 PM",""
"538eef4e-4770-4a0f-9171-08de737b95b9","Target","d6136c19-701a-4e98-c16e-08de737b95b6","11aea444-88e7-4169-c0fb-08de737b95b1","691e1981-365a-4b79-b81d-de3b2f8c05c7","Yearly","سنوي","yearly","","2/26/2026 1:07:57 PM",""
"fd1e0264-8a2d-4be5-80f6-08de92db462f","Target","be4c8429-d128-400d-67d6-08de92db4621","f92c25a2-5177-4677-9613-08de92db461f","691e1981-365a-4b79-b81d-de3b2f8c05c7","Yearly","سنوي","yearly","","4/5/2026 9:19:20 AM",""
"b56912b5-3f48-417d-51cf-08de9e04edaf","Target","88e12df6-ffab-458e-cd97-08de9e04ed9e","d9eed3fe-a269-4d96-6897-08de9e04ed95","691e1981-365a-4b79-b81d-de3b2f8c05c7","Yearly","سنوي","yearly","","4/20/2026 12:11:55 PM",""
"c49232d3-0510-45da-f62b-08de9e09a55a","Target","160100bc-528f-4622-bc88-08de9e09a558","ed390c3c-ac6f-470e-7a74-08de9e09a550","718b556d-df7a-4f71-88d5-92e506941170","Quarterly","ربع سنوي","quarterly","","4/23/2026 12:31:41 PM",""
"56245f48-6a51-4dbe-f62c-08de9e09a55a","Target","160100bc-528f-4622-bc88-08de9e09a558","ed390c3c-ac6f-470e-7a74-08de9e09a550","691e1981-365a-4b79-b81d-de3b2f8c05c7","Yearly","سنوي","yearly","","4/23/2026 12:31:41 PM",""
"5a121850-bbd6-46d0-f62d-08de9e09a55a","Target","160100bc-528f-4622-bc88-08de9e09a558","ed390c3c-ac6f-470e-7a74-08de9e09a550","1335f666-ffcf-4c78-ad27-88a092f2f4ae","Monthly","شهري","monthly","","4/23/2026 12:31:41 PM",""
"f7c8ed33-7590-454d-f62e-08de9e09a55a","Target","a8296f0b-92c0-4275-bc89-08de9e09a558","9b07fcb5-2cff-44c4-7a75-08de9e09a550","718b556d-df7a-4f71-88d5-92e506941170","Quarterly","ربع سنوي","quarterly","","4/23/2026 12:35:18 PM",""
"fc9eb8c0-325b-4404-f62f-08de9e09a55a","Target","a8296f0b-92c0-4275-bc89-08de9e09a558","9b07fcb5-2cff-44c4-7a75-08de9e09a550","691e1981-365a-4b79-b81d-de3b2f8c05c7","Yearly","سنوي","yearly","","4/23/2026 12:35:18 PM",""
"3acf12ac-5509-4b07-2988-08dea5a7a8f1","Target","7fb2296d-87a4-4954-6a2d-08dea2389ab1","0f5632ff-e60a-4b83-f10a-08dea2389aaf","691e1981-365a-4b79-b81d-de3b2f8c05c7","Yearly","سنوي","yearly","","5/3/2026 9:40:23 AM",""
"5633795e-4680-4d3c-2989-08dea5a7a8f1","Target","f3de8791-b7fd-4135-6a2f-08dea2389ab1","48906d7c-2b2c-42bd-f10c-08dea2389aaf","691e1981-365a-4b79-b81d-de3b2f8c05c7","Yearly","سنوي","yearly","","5/3/2026 9:47:36 AM",""
"4edbc736-89cc-47c9-298a-08dea5a7a8f1","Target","f3de8791-b7fd-4135-6a2f-08dea2389ab1","48906d7c-2b2c-42bd-f10c-08dea2389aaf","718b556d-df7a-4f71-88d5-92e506941170","Quarterly","ربع سنوي","quarterly","","5/3/2026 9:47:36 AM",""
"730e5ecd-0036-485f-298b-08dea5a7a8f1","Target","23ea61b5-45d1-48e0-6a31-08dea2389ab1","48906d7c-2b2c-42bd-f10c-08dea2389aaf","691e1981-365a-4b79-b81d-de3b2f8c05c7","Yearly","سنوي","yearly","","5/3/2026 9:47:36 AM",""
"2a54e624-2e06-4188-298c-08dea5a7a8f1","Target","23ea61b5-45d1-48e0-6a31-08dea2389ab1","48906d7c-2b2c-42bd-f10c-08dea2389aaf","718b556d-df7a-4f71-88d5-92e506941170","Quarterly","ربع سنوي","quarterly","","5/3/2026 9:47:36 AM",""
"3ce41ab3-630a-44f9-5b56-08deaa10e30b","Target","0effbea5-a853-4a90-6fd0-08dea8e8edb6","38bb0719-b784-4ccb-8a62-08dea8e8edb0","691e1981-365a-4b79-b81d-de3b2f8c05c7","Yearly","سنوي","yearly","","5/14/2026 8:57:39 AM",""
"fedf8ce6-91d2-4fe4-5b57-08deaa10e30b","Target","0effbea5-a853-4a90-6fd0-08dea8e8edb6","38bb0719-b784-4ccb-8a62-08dea8e8edb0","718b556d-df7a-4f71-88d5-92e506941170","Quarterly","ربع سنوي","quarterly","","5/14/2026 8:57:39 AM",""
"76c7282a-919f-4829-5b59-08deaa10e30b","Target","f97dd161-6797-44b3-6fd2-08dea8e8edb6","10e4668d-b127-41eb-8a64-08dea8e8edb0","718b556d-df7a-4f71-88d5-92e506941170","Quarterly","ربع سنوي","quarterly","","5/14/2026 9:41:17 AM",""
"4bb3a4b6-4b60-4365-1c35-08deb3df602a","Target","a08d961b-cfd0-4fcf-aead-08deb3df601c","d7b556c3-8765-45ae-e336-08deb3df601a","718b556d-df7a-4f71-88d5-92e506941170","Quarterly","ربع سنوي","quarterly","","5/17/2026 9:41:50 AM",""
"6c9c3367-62a2-4d92-1c36-08deb3df602a","Target","a08d961b-cfd0-4fcf-aead-08deb3df601c","d7b556c3-8765-45ae-e336-08deb3df601a","691e1981-365a-4b79-b81d-de3b2f8c05c7","Yearly","سنوي","yearly","","5/17/2026 9:41:50 AM",""
"b733dc2b-5aad-401f-1c38-08deb3df602a","Target","5a060c25-e49a-4286-aeaf-08deb3df601c","2a129acb-a3cd-41ea-e338-08deb3df601a","691e1981-365a-4b79-b81d-de3b2f8c05c7","Yearly","سنوي","yearly","","5/17/2026 11:47:11 AM",""
"6934755b-3eab-4e68-1c41-08deb3df602a","Target","2ddeceff-7aad-469a-aeb6-08deb3df601c","efaa43e4-e034-4297-e33f-08deb3df601a","691e1981-365a-4b79-b81d-de3b2f8c05c7","Yearly","سنوي","yearly","","5/20/2026 10:37:37 AM",""
"bade4138-42d6-48d6-5dec-08deb3f04fa8","Target","55c0e959-663d-4893-73d1-08deb3ea9adf","88b5dbfb-cfbd-4f0b-d61f-08deb3ea9ad6","691e1981-365a-4b79-b81d-de3b2f8c05c7","Yearly","سنوي","yearly","","5/20/2026 1:19:09 PM",""
"85fe0b91-ee56-4b7a-5ded-08deb3f04fa8","Target","f24a340d-c47c-4534-73d2-08deb3ea9adf","88b5dbfb-cfbd-4f0b-d61f-08deb3ea9ad6","691e1981-365a-4b79-b81d-de3b2f8c05c7","Yearly","سنوي","yearly","","5/20/2026 1:19:09 PM",""
"48e84fc1-4c47-493c-5dee-08deb3f04fa8","Target","103e9dcb-c6e7-41ad-73d3-08deb3ea9adf","88b5dbfb-cfbd-4f0b-d61f-08deb3ea9ad6","691e1981-365a-4b79-b81d-de3b2f8c05c7","Yearly","سنوي","yearly","","5/20/2026 1:19:09 PM",""
"e3c7b5cd-4761-4881-5def-08deb3f04fa8","Target","40c1b96c-a490-412d-73d4-08deb3ea9adf","88b5dbfb-cfbd-4f0b-d61f-08deb3ea9ad6","691e1981-365a-4b79-b81d-de3b2f8c05c7","Yearly","سنوي","yearly","","5/20/2026 1:19:09 PM",""
"2face9c4-6a29-43d5-b9f5-08deb965c76b","Target","c0019c73-2b34-4fd1-a4ca-08deb9658cc1","3e141fda-3e1d-4355-23cc-08deb9658cc0","691e1981-365a-4b79-b81d-de3b2f8c05c7","Yearly","سنوي","yearly","","5/24/2026 11:00:31 AM",""
"f533f56a-5477-40bb-b9f6-08deb965c76b","Target","c0019c73-2b34-4fd1-a4ca-08deb9658cc1","3e141fda-3e1d-4355-23cc-08deb9658cc0","718b556d-df7a-4f71-88d5-92e506941170","Quarterly","ربع سنوي","quarterly","","5/24/2026 11:00:31 AM",""
"450a685b-23c5-4190-b9f7-08deb965c76b","Target","c0019c73-2b34-4fd1-a4ca-08deb9658cc1","3e141fda-3e1d-4355-23cc-08deb9658cc0","1335f666-ffcf-4c78-ad27-88a092f2f4ae","Monthly","شهري","monthly","","5/24/2026 11:00:31 AM",""
"b487ca7b-3404-40e6-b9f9-08deb965c76b","Target","2f326c46-ac3d-42a8-a4d0-08deb9658cc1","5e2b1deb-f90b-4d8a-23cf-08deb9658cc0","691e1981-365a-4b79-b81d-de3b2f8c05c7","Yearly","سنوي","yearly","","5/24/2026 1:56:34 PM",""
"4a50415c-f178-4235-b9fa-08deb965c76b","Target","2f326c46-ac3d-42a8-a4d0-08deb9658cc1","5e2b1deb-f90b-4d8a-23cf-08deb9658cc0","718b556d-df7a-4f71-88d5-92e506941170","Quarterly","ربع سنوي","quarterly","","5/24/2026 1:56:34 PM",""
"cef5d219-3544-4a90-b9fb-08deb965c76b","Target","f29bc176-82b1-46b0-a4d1-08deb9658cc1","5e2b1deb-f90b-4d8a-23cf-08deb9658cc0","718b556d-df7a-4f71-88d5-92e506941170","Quarterly","ربع سنوي","quarterly","","5/24/2026 1:56:34 PM",""
"a454df73-5a3b-4f8e-b9fc-08deb965c76b","Target","f29bc176-82b1-46b0-a4d1-08deb9658cc1","5e2b1deb-f90b-4d8a-23cf-08deb9658cc0","691e1981-365a-4b79-b81d-de3b2f8c05c7","Yearly","سنوي","yearly","","5/24/2026 1:56:34 PM",""
"6e656b46-4009-4a7e-b9fd-08deb965c76b","Target","4a02258e-79c1-4911-a4d2-08deb9658cc1","5e2b1deb-f90b-4d8a-23cf-08deb9658cc0","691e1981-365a-4b79-b81d-de3b2f8c05c7","Yearly","سنوي","yearly","","5/24/2026 1:56:34 PM",""
"2ac6cf1a-f774-4457-b9fe-08deb965c76b","Target","4a02258e-79c1-4911-a4d2-08deb9658cc1","5e2b1deb-f90b-4d8a-23cf-08deb9658cc0","718b556d-df7a-4f71-88d5-92e506941170","Quarterly","ربع سنوي","quarterly","","5/24/2026 1:56:34 PM",""
"a5a94354-f889-4d88-b9ff-08deb965c76b","Target","8f8a357c-0c04-47c9-a4d3-08deb9658cc1","5e2b1deb-f90b-4d8a-23cf-08deb9658cc0","691e1981-365a-4b79-b81d-de3b2f8c05c7","Yearly","سنوي","yearly","","5/24/2026 1:56:34 PM",""
"99680359-bd0a-487a-ba00-08deb965c76b","Target","8f8a357c-0c04-47c9-a4d3-08deb9658cc1","5e2b1deb-f90b-4d8a-23cf-08deb9658cc0","718b556d-df7a-4f71-88d5-92e506941170","Quarterly","ربع سنوي","quarterly","","5/24/2026 1:56:34 PM",""
"79b0a435-3aae-4190-ba01-08deb965c76b","Target","5fc80a2a-3ba5-4303-a4d4-08deb9658cc1","5e2b1deb-f90b-4d8a-23cf-08deb9658cc0","691e1981-365a-4b79-b81d-de3b2f8c05c7","Yearly","سنوي","yearly","","5/24/2026 1:56:34 PM",""
"c0b46847-5f99-464c-ba02-08deb965c76b","Target","5fc80a2a-3ba5-4303-a4d4-08deb9658cc1","5e2b1deb-f90b-4d8a-23cf-08deb9658cc0","718b556d-df7a-4f71-88d5-92e506941170","Quarterly","ربع سنوي","quarterly","","5/24/2026 1:56:34 PM",""
"ed26e0f5-9096-4553-ba03-08deb965c76b","Target","f003d8db-8721-41e7-a4d5-08deb9658cc1","5e2b1deb-f90b-4d8a-23cf-08deb9658cc0","691e1981-365a-4b79-b81d-de3b2f8c05c7","Yearly","سنوي","yearly","","5/24/2026 1:56:34 PM",""
"94259e39-416b-4f3c-ba04-08deb965c76b","Target","f003d8db-8721-41e7-a4d5-08deb9658cc1","5e2b1deb-f90b-4d8a-23cf-08deb9658cc0","718b556d-df7a-4f71-88d5-92e506941170","Quarterly","ربع سنوي","quarterly","","5/24/2026 1:56:34 PM",""
"bd0bbe96-f69e-4922-293c-08debee636f9","Target","4c431629-e3eb-4036-60c3-08debee63662","f10efb73-ea8f-49a8-dfd3-08debee6364f","691e1981-365a-4b79-b81d-de3b2f8c05c7","Yearly","سنوي","yearly","","5/31/2026 11:38:15 AM",""
"65a0511f-15be-4ff6-2940-08debee636f9","Target","6c2ec1e3-860f-4b3f-60c6-08debee63662","c65e0835-1de9-41f1-dfd6-08debee6364f","691e1981-365a-4b79-b81d-de3b2f8c05c7","Yearly","سنوي","yearly","","6/2/2026 1:27:00 PM",""
"c43b47d0-fa55-4098-2944-08debee636f9","Target","8a047c16-e933-48cd-60c9-08debee63662","26384945-9579-4e96-dfd9-08debee6364f","718b556d-df7a-4f71-88d5-92e506941170","Quarterly","ربع سنوي","quarterly","","6/4/2026 7:57:08 AM",""
"d414865d-49c0-4c48-f3db-08dec461c24a","Target","70e23b54-5476-492a-7a4a-08dec461c23d","edde655f-0d43-4a62-980c-08dec461c232","718b556d-df7a-4f71-88d5-92e506941170","Quarterly","ربع سنوي","quarterly","","6/7/2026 9:55:28 AM",""
"cfe8d4c4-19b3-4c50-f3dc-08dec461c24a","Target","70e23b54-5476-492a-7a4a-08dec461c23d","edde655f-0d43-4a62-980c-08dec461c232","691e1981-365a-4b79-b81d-de3b2f8c05c7","Yearly","سنوي","yearly","","6/7/2026 9:55:28 AM",""
"ec065d7d-44ec-436b-f3dd-08dec461c24a","Target","6d594200-9f01-445c-7a4b-08dec461c23d","56334e27-e32b-4163-980d-08dec461c232","691e1981-365a-4b79-b81d-de3b2f8c05c7","Yearly","سنوي","yearly","","6/7/2026 9:56:43 AM",""
"655aa51d-40ce-4b9f-f3e1-08dec461c24a","Target","b59d0271-29c2-4189-7a4e-08dec461c23d","6bb667c0-4287-4db5-9810-08dec461c232","691e1981-365a-4b79-b81d-de3b2f8c05c7","Yearly","سنوي","yearly","","6/11/2026 1:27:50 PM",""
"e9723962-95a4-4484-f3e2-08dec461c24a","Target","d6e8d713-37fd-4a6f-7a4f-08dec461c23d","6ed25ef1-d1c4-4c93-9811-08dec461c232","691e1981-365a-4b79-b81d-de3b2f8c05c7","Yearly","سنوي","yearly","","6/15/2026 11:51:47 AM",""
"c653717b-6302-4a31-f3e3-08dec461c24a","Target","d33516d6-6fa8-4f81-7a7c-08dec461c23d","e6478631-ea19-49ce-9819-08dec461c232","691e1981-365a-4b79-b81d-de3b2f8c05c7","Yearly","سنوي","yearly","","6/22/2026 10:57:18 AM",""
"be738f85-a8a6-494a-f3e4-08dec461c24a","Target","72ae0895-6ed2-4e86-7a7d-08dec461c23d","e6478631-ea19-49ce-9819-08dec461c232","691e1981-365a-4b79-b81d-de3b2f8c05c7","Yearly","سنوي","yearly","","6/22/2026 10:57:18 AM",""
"e53dbd39-f0a5-4466-f3e5-08dec461c24a","Target","f623f0e1-cc8f-4fbf-7a7e-08dec461c23d","e6478631-ea19-49ce-9819-08dec461c232","691e1981-365a-4b79-b81d-de3b2f8c05c7","Yearly","سنوي","yearly","","6/22/2026 10:57:18 AM",""
"ac440ec9-93ca-4cfa-f3e6-08dec461c24a","Target","17560a01-c53e-4bef-7a8c-08dec461c23d","225aa6f6-56e3-497b-981c-08dec461c232","691e1981-365a-4b79-b81d-de3b2f8c05c7","Yearly","سنوي","yearly","","6/23/2026 11:11:56 AM",""
"bcecdc5d-14cc-436e-f3e7-08dec461c24a","Target","ce038fdd-faa7-4e26-7a8d-08dec461c23d","774f3591-1aca-43fc-981d-08dec461c232","691e1981-365a-4b79-b81d-de3b2f8c05c7","Yearly","سنوي","yearly","","6/25/2026 12:02:26 PM",""
"e0e46cd8-9f4f-472c-f3e8-08dec461c24a","Target","ce038fdd-faa7-4e26-7a8d-08dec461c23d","774f3591-1aca-43fc-981d-08dec461c232","718b556d-df7a-4f71-88d5-92e506941170","Quarterly","ربع سنوي","quarterly","","6/25/2026 12:02:26 PM",""
"5d68eec2-4034-4acf-f3e9-08dec461c24a","Target","acd778b1-1d77-4ffa-7a8e-08dec461c23d","3246e1e8-af83-46dd-981e-08dec461c232","691e1981-365a-4b79-b81d-de3b2f8c05c7","Yearly","سنوي","yearly","","6/28/2026 10:27:43 AM",""
"5473c941-55f8-4bf5-f3ea-08dec461c24a","Target","dc8a5197-d7d7-458f-7a8f-08dec461c23d","ba18197c-7b0a-454a-981f-08dec461c232","691e1981-365a-4b79-b81d-de3b2f8c05c7","Yearly","سنوي","yearly","","7/2/2026 11:47:08 AM",""
"9077d98e-c38b-43a5-f3eb-08dec461c24a","Target","3af3d4b3-bd50-4bb7-7a90-08dec461c23d","5c9c8cbf-0a81-41fe-9820-08dec461c232","691e1981-365a-4b79-b81d-de3b2f8c05c7","Yearly","سنوي","yearly","","7/2/2026 12:43:47 PM",""
"463f1a9a-7e1f-4c47-f3ec-08dec461c24a","Target","3af3d4b3-bd50-4bb7-7a90-08dec461c23d","5c9c8cbf-0a81-41fe-9820-08dec461c232","718b556d-df7a-4f71-88d5-92e506941170","Quarterly","ربع سنوي","quarterly","","7/2/2026 12:43:47 PM",""
"79e8badb-89b5-490b-f3ed-08dec461c24a","Target","6b665023-f437-4902-7a91-08dec461c23d","9877beae-0c69-41b0-9821-08dec461c232","691e1981-365a-4b79-b81d-de3b2f8c05c7","Yearly","سنوي","yearly","","7/5/2026 11:43:02 AM",""
"c7e92d38-b0e8-4bea-f3ef-08dec461c24a","Target","dc087d3c-3562-44cc-7a93-08dec461c23d","b05f6bd5-256d-4940-9823-08dec461c232","691e1981-365a-4b79-b81d-de3b2f8c05c7","Yearly","سنوي","yearly","","7/5/2026 12:12:54 PM",""
"75dc96cb-86d9-4773-f3f0-08dec461c24a","Target","dcc40483-0957-4f11-7a94-08dec461c23d","b05f6bd5-256d-4940-9823-08dec461c232","691e1981-365a-4b79-b81d-de3b2f8c05c7","Yearly","سنوي","yearly","","7/5/2026 12:12:54 PM",""
"21141694-d172-4652-f3f1-08dec461c24a","Target","a094245c-f9ce-456e-7a95-08dec461c23d","3b7d26fa-9bed-4f0c-9824-08dec461c232","691e1981-365a-4b79-b81d-de3b2f8c05c7","Yearly","سنوي","yearly","","7/6/2026 10:16:58 AM",""
"8b772804-203b-495f-f3f5-08dec461c24a","Target","d4bfb60c-afc9-440e-7a97-08dec461c23d","4f91e1dd-ba9f-4d46-9826-08dec461c232","691e1981-365a-4b79-b81d-de3b2f8c05c7","Yearly","سنوي","yearly","","7/21/2026 8:05:12 AM",""
"9dd88d8a-7193-4306-f3f6-08dec461c24a","Target","1f9f4a8c-110f-4122-7a98-08dec461c23d","4156ff1a-bda7-44e7-9827-08dec461c232","691e1981-365a-4b79-b81d-de3b2f8c05c7","Yearly","سنوي","yearly","","7/21/2026 8:57:08 AM",""
"10a34687-f89e-4435-f3f7-08dec461c24a","Target","1cd26573-709e-4391-7aa2-08dec461c23d","4f9134c3-4745-4447-9831-08dec461c232","691e1981-365a-4b79-b81d-de3b2f8c05c7","Yearly","سنوي","yearly","","7/23/2026 8:48:34 AM",""
"8f902f14-c01b-4b98-f3f8-08dec461c24a","Target","137dd4c7-beb0-426b-7aa3-08dec461c23d","4f9134c3-4745-4447-9831-08dec461c232","691e1981-365a-4b79-b81d-de3b2f8c05c7","Yearly","سنوي","yearly","","7/23/2026 8:48:34 AM",""
"5528c9e7-2cc5-44ec-f3f9-08dec461c24a","Target","3f9092c8-2284-4a5b-7aa4-08dec461c23d","4f9134c3-4745-4447-9831-08dec461c232","691e1981-365a-4b79-b81d-de3b2f8c05c7","Yearly","سنوي","yearly","","7/23/2026 8:48:34 AM",""
"b4430458-49ca-4263-f3fa-08dec461c24a","Target","1acfd15f-410f-49cf-7aa5-08dec461c23d","4f9134c3-4745-4447-9831-08dec461c232","691e1981-365a-4b79-b81d-de3b2f8c05c7","Yearly","سنوي","yearly","","7/23/2026 8:48:34 AM",""
"9d9e7758-3f11-4b0b-f3fb-08dec461c24a","Target","0be4eed1-0c84-43bb-7aa6-08dec461c23d","4f9134c3-4745-4447-9831-08dec461c232","691e1981-365a-4b79-b81d-de3b2f8c05c7","Yearly","سنوي","yearly","","7/23/2026 8:48:34 AM",""
"c84830f4-de78-4cf9-f3fc-08dec461c24a","Target","0ae87036-f178-4e92-7aa7-08dec461c23d","4f9134c3-4745-4447-9831-08dec461c232","691e1981-365a-4b79-b81d-de3b2f8c05c7","Yearly","سنوي","yearly","","7/23/2026 8:48:34 AM",""
"5cd6dfdb-f129-4278-f3fd-08dec461c24a","Target","1a2dac3f-af81-476d-7aa8-08dec461c23d","4f9134c3-4745-4447-9831-08dec461c232","691e1981-365a-4b79-b81d-de3b2f8c05c7","Yearly","سنوي","yearly","","7/23/2026 8:48:34 AM",""
"861f222b-9023-441c-f3fe-08dec461c24a","Target","12dd0d02-60f7-47da-7aa9-08dec461c23d","fe118e23-ca38-4822-9832-08dec461c232","691e1981-365a-4b79-b81d-de3b2f8c05c7","Yearly","سنوي","yearly","","7/23/2026 8:50:45 AM",""
"751e85bf-7abd-40c8-f3ff-08dec461c24a","Target","a57d6ccf-3a1a-48fa-7aaa-08dec461c23d","0c2adf88-a3ed-4cc0-9833-08dec461c232","691e1981-365a-4b79-b81d-de3b2f8c05c7","Yearly","سنوي","yearly","","7/23/2026 10:24:45 AM",""
"f2fe2645-211d-4a9a-f401-08dec461c24a","Target","d8fde3a9-3150-429a-7aac-08dec461c23d","a598da16-09c2-43c4-9835-08dec461c232","691e1981-365a-4b79-b81d-de3b2f8c05c7","Yearly","سنوي","yearly","","7/26/2026 1:38:28 PM",""
"61cb1af1-4d13-495f-f402-08dec461c24a","Target","d8fde3a9-3150-429a-7aac-08dec461c23d","a598da16-09c2-43c4-9835-08dec461c232","718b556d-df7a-4f71-88d5-92e506941170","Quarterly","ربع سنوي","quarterly","","7/26/2026 1:38:28 PM",""
"7eea4daf-ee74-4916-f403-08dec461c24a","Target","633a4473-7585-4a42-7aad-08dec461c23d","a598da16-09c2-43c4-9835-08dec461c232","718b556d-df7a-4f71-88d5-92e506941170","Quarterly","ربع سنوي","quarterly","","7/26/2026 1:38:28 PM",""
"8c5a4c41-4f56-4f8b-f404-08dec461c24a","Target","633a4473-7585-4a42-7aad-08dec461c23d","a598da16-09c2-43c4-9835-08dec461c232","691e1981-365a-4b79-b81d-de3b2f8c05c7","Yearly","سنوي","yearly","","7/26/2026 1:38:28 PM",""
"aa248a6b-2ffe-4738-f405-08dec461c24a","Target","d2e4c8ca-3833-48a0-7aae-08dec461c23d","a598da16-09c2-43c4-9835-08dec461c232","691e1981-365a-4b79-b81d-de3b2f8c05c7","Yearly","سنوي","yearly","","7/26/2026 1:38:28 PM",""
"04db7a1d-f585-4f79-f406-08dec461c24a","Target","d2e4c8ca-3833-48a0-7aae-08dec461c23d","a598da16-09c2-43c4-9835-08dec461c232","718b556d-df7a-4f71-88d5-92e506941170","Quarterly","ربع سنوي","quarterly","","7/26/2026 1:38:28 PM",""
"e1a0a364-f6f0-4013-f407-08dec461c24a","Target","fb801dff-2204-4cbb-7aaf-08dec461c23d","b5ade6c5-419c-4b5f-9836-08dec461c232","691e1981-365a-4b79-b81d-de3b2f8c05c7","Yearly","سنوي","yearly","","7/26/2026 1:59:23 PM",""
"298833b5-6f53-4cbf-f408-08dec461c24a","Target","eb07919f-adb5-4e98-7ab0-08dec461c23d","e641b12b-e4d1-47ab-9837-08dec461c232","691e1981-365a-4b79-b81d-de3b2f8c05c7","Yearly","سنوي","yearly","","7/28/2026 1:00:38 PM",""
"3f2ee037-5c86-47e1-f409-08dec461c24a","Target","902de7d7-c5ac-444a-7ab1-08dec461c23d","5c5f7cbe-766d-43ec-9838-08dec461c232","691e1981-365a-4b79-b81d-de3b2f8c05c7","Yearly","سنوي","yearly","","7/28/2026 1:02:31 PM",""
"16f55e5d-7829-4971-f40a-08dec461c24a","Target","902de7d7-c5ac-444a-7ab1-08dec461c23d","5c5f7cbe-766d-43ec-9838-08dec461c232","718b556d-df7a-4f71-88d5-92e506941170","Quarterly","ربع سنوي","quarterly","","7/28/2026 1:02:31 PM",""
"6c62c485-f1f2-4b85-f40b-08dec461c24a","Target","6836f2fa-f1c8-4023-7ab2-08dec461c23d","df817187-b7f9-4564-9839-08dec461c232","691e1981-365a-4b79-b81d-de3b2f8c05c7","Yearly","سنوي","yearly","","7/29/2026 1:55:35 PM",""
"aa98a9a4-089f-4694-f40c-08dec461c24a","Target","4f2dc17c-83dd-427a-7ab5-08dec461c23d","c808315b-a4f3-4f8e-983b-08dec461c232","718b556d-df7a-4f71-88d5-92e506941170","Quarterly","ربع سنوي","quarterly","","8/2/2026 9:47:42 AM",""
"68aa5d5c-1165-4470-f40d-08dec461c24a","Target","4f2dc17c-83dd-427a-7ab5-08dec461c23d","c808315b-a4f3-4f8e-983b-08dec461c232","1335f666-ffcf-4c78-ad27-88a092f2f4ae","Monthly","شهري","monthly","","8/2/2026 9:47:42 AM",""
"c58b56f1-5cb8-4b23-f40e-08dec461c24a","Target","4f2dc17c-83dd-427a-7ab5-08dec461c23d","c808315b-a4f3-4f8e-983b-08dec461c232","691e1981-365a-4b79-b81d-de3b2f8c05c7","Yearly","سنوي","yearly","","8/2/2026 9:47:42 AM",""
"ac71211c-be58-4b44-f40f-08dec461c24a","Target","e7aece57-5df6-47d6-7ab6-08dec461c23d","a0089110-7044-43a4-983c-08dec461c232","1335f666-ffcf-4c78-ad27-88a092f2f4ae","Monthly","شهري","monthly","","8/2/2026 9:53:01 AM",""
"0a904059-557e-4a4c-f410-08dec461c24a","Target","e7aece57-5df6-47d6-7ab6-08dec461c23d","a0089110-7044-43a4-983c-08dec461c232","691e1981-365a-4b79-b81d-de3b2f8c05c7","Yearly","سنوي","yearly","","8/2/2026 9:53:01 AM",""
"4eab2365-404f-4ad8-f411-08dec461c24a","Target","e7aece57-5df6-47d6-7ab6-08dec461c23d","a0089110-7044-43a4-983c-08dec461c232","718b556d-df7a-4f71-88d5-92e506941170","Quarterly","ربع سنوي","quarterly","","8/2/2026 9:53:01 AM",""
"0336958a-23aa-42fb-f412-08dec461c24a","Target","5e8b83ee-ab75-42d4-7ab7-08dec461c23d","cfbc3145-b350-480b-983d-08dec461c232","691e1981-365a-4b79-b81d-de3b2f8c05c7","Yearly","سنوي","yearly","","8/3/2026 8:24:02 AM",""
"f657cc17-649e-4b1d-f413-08dec461c24a","Target","475b90c2-8a41-4af4-7ab8-08dec461c23d","86cbbcb4-a2f2-4ae7-983e-08dec461c232","691e1981-365a-4b79-b81d-de3b2f8c05c7","Yearly","سنوي","yearly","","8/3/2026 8:31:38 AM",""
"cd1bc601-1d36-45da-f415-08dec461c24a","Target","8801770c-a791-4b1d-7abd-08dec461c23d","77bb033c-e866-42b2-9841-08dec461c232","691e1981-365a-4b79-b81d-de3b2f8c05c7","Yearly","سنوي","yearly","","8/4/2026 8:20:21 AM",""
"61726310-3c37-489a-f416-08dec461c24a","Target","966b1cac-bff0-4d5a-7abe-08dec461c23d","fef5502f-a93e-4cf8-9842-08dec461c232","718b556d-df7a-4f71-88d5-92e506941170","Quarterly","ربع سنوي","quarterly","","8/4/2026 12:21:58 PM",""
"e4facf2f-a7f5-4c3d-f417-08dec461c24a","Target","fedf16aa-c8f7-4770-7abf-08dec461c23d","78356970-e976-4aba-9843-08dec461c232","691e1981-365a-4b79-b81d-de3b2f8c05c7","Yearly","سنوي","yearly","","8/4/2026 12:36:03 PM",""
"3a24bc31-d008-42fd-f418-08dec461c24a","Target","b8b8df76-e924-49c5-7ac0-08dec461c23d","fb62d5b6-f515-40e2-9844-08dec461c232","691e1981-365a-4b79-b81d-de3b2f8c05c7","Yearly","سنوي","yearly","","8/4/2026 1:06:13 PM",""
"659161bb-6fd5-4d49-f41c-08dec461c24a","Target","e4293295-fb43-46b0-7ac5-08dec461c23d","5fad875e-7c72-43d4-9849-08dec461c232","691e1981-365a-4b79-b81d-de3b2f8c05c7","Yearly","سنوي","yearly","","8/5/2026 9:16:42 AM",""
"317311c6-297c-40db-f41d-08dec461c24a","Target","e4293295-fb43-46b0-7ac5-08dec461c23d","5fad875e-7c72-43d4-9849-08dec461c232","1335f666-ffcf-4c78-ad27-88a092f2f4ae","Monthly","شهري","monthly","","8/5/2026 9:16:42 AM",""
"fe0bda76-80ac-45cd-f41e-08dec461c24a","Target","e4293295-fb43-46b0-7ac5-08dec461c23d","5fad875e-7c72-43d4-9849-08dec461c232","718b556d-df7a-4f71-88d5-92e506941170","Quarterly","ربع سنوي","quarterly","","8/5/2026 9:16:42 AM",""
"1d151fdb-ba3e-4089-1e65-08dec4697f32","Target","beee30c1-b0ee-4b24-92c6-08dec462e127","f8a7c25c-ab6b-4c5d-00d2-08dec462e11d","691e1981-365a-4b79-b81d-de3b2f8c05c7","Yearly","سنوي","yearly","","6/7/2026 10:50:51 AM",""
"fc4d39bd-ec02-4fdb-1e66-08dec4697f32","Target","d14eadeb-a8bf-4242-92c8-08dec462e127","2d6acf61-cf68-4f92-00d4-08dec462e11d","718b556d-df7a-4f71-88d5-92e506941170","Quarterly","ربع سنوي","quarterly","","6/8/2026 12:39:41 PM",""
"f8da7de0-a289-4b2b-1e67-08dec4697f32","Target","d14eadeb-a8bf-4242-92c8-08dec462e127","2d6acf61-cf68-4f92-00d4-08dec462e11d","691e1981-365a-4b79-b81d-de3b2f8c05c7","Yearly","سنوي","yearly","","6/8/2026 12:39:41 PM",""
"873b82a5-17af-42ce-a9f1-08ded4dc15a5","Target","309fecc8-04a0-4478-d2e6-08ded4dc1597","9c037f4d-5d9a-4e73-66e2-08ded4dc1595","718b556d-df7a-4f71-88d5-92e506941170","Quarterly","ربع سنوي","quarterly","","6/28/2026 9:11:25 AM",""
"b756451f-cb2c-46ff-a9f2-08ded4dc15a5","Target","da8f1e27-2bd7-4d2f-d2e7-08ded4dc1597","8c80bd45-0ad9-41ac-66e3-08ded4dc1595","718b556d-df7a-4f71-88d5-92e506941170","Quarterly","ربع سنوي","quarterly","","6/28/2026 10:26:58 AM",""
"443e0c9d-ba51-4ae3-f990-08deda71da3e","Target","d15e7d79-d8a6-4496-04fc-08deda71879d","6a025aec-0e58-4a9c-1ec7-08deda71879b","718b556d-df7a-4f71-88d5-92e506941170","Quarterly","ربع سنوي","quarterly","","7/5/2026 11:46:06 AM",""
"3dcfc15b-d9f8-4b5f-f991-08deda71da3e","Target","44346def-4945-4b96-04fd-08deda71879d","633dc513-6f33-4bb5-1ec8-08deda71879b","691e1981-365a-4b79-b81d-de3b2f8c05c7","Yearly","سنوي","yearly","","7/5/2026 12:14:30 PM",""
"9385e0c3-763d-4e88-d5d3-08dee641c1a4","Target","ed8c4af5-9c55-488b-8709-08dee641c19a","ecda5ca3-5c3f-431d-a32d-08dee641c198","691e1981-365a-4b79-b81d-de3b2f8c05c7","Yearly","سنوي","yearly","","7/20/2026 12:32:03 PM",""
"636a1a3e-8ed6-4c7e-d5d4-08dee641c1a4","Target","7944d2c6-1923-40c0-870a-08dee641c19a","51923029-874a-4a0e-a32e-08dee641c198","691e1981-365a-4b79-b81d-de3b2f8c05c7","Yearly","سنوي","yearly","","7/21/2026 8:14:58 AM",""
"04a80878-e1d6-4026-d5d5-08dee641c1a4","Target","a096a0e5-6d84-48e4-8715-08dee641c19a","4a88b450-130e-4be4-a339-08dee641c198","691e1981-365a-4b79-b81d-de3b2f8c05c7","Yearly","سنوي","yearly","","7/23/2026 8:49:54 AM",""
"9a646852-684f-40ec-1297-08deeafdc6df","Target","cae5d760-47a5-460c-c6b4-08deeafdc6dc","2fbc0553-b137-4021-0e03-08deeafdc6d6","691e1981-365a-4b79-b81d-de3b2f8c05c7","Yearly","سنوي","yearly","","7/26/2026 1:18:07 PM",""
"1c265f4e-7831-4820-1298-08deeafdc6df","Target","cae5d760-47a5-460c-c6b4-08deeafdc6dc","2fbc0553-b137-4021-0e03-08deeafdc6d6","718b556d-df7a-4f71-88d5-92e506941170","Quarterly","ربع سنوي","quarterly","","7/26/2026 1:18:07 PM",""
"2c194688-dc03-4f17-1299-08deeafdc6df","Target","68631efe-4a3e-4dae-c6b5-08deeafdc6dc","2fbc0553-b137-4021-0e03-08deeafdc6d6","718b556d-df7a-4f71-88d5-92e506941170","Quarterly","ربع سنوي","quarterly","","7/26/2026 1:18:07 PM",""
"1a186e5a-9ca9-445c-129a-08deeafdc6df","Target","68631efe-4a3e-4dae-c6b5-08deeafdc6dc","2fbc0553-b137-4021-0e03-08deeafdc6d6","691e1981-365a-4b79-b81d-de3b2f8c05c7","Yearly","سنوي","yearly","","7/26/2026 1:18:07 PM",""
"8cd3ca79-b43d-45e1-129b-08deeafdc6df","Target","3ebd2d5c-1aab-4f3d-c6b6-08deeafdc6dc","2fbc0553-b137-4021-0e03-08deeafdc6d6","718b556d-df7a-4f71-88d5-92e506941170","Quarterly","ربع سنوي","quarterly","","7/26/2026 1:18:07 PM",""
"52624f02-d539-49c4-129c-08deeafdc6df","Target","3ebd2d5c-1aab-4f3d-c6b6-08deeafdc6dc","2fbc0553-b137-4021-0e03-08deeafdc6d6","691e1981-365a-4b79-b81d-de3b2f8c05c7","Yearly","سنوي","yearly","","7/26/2026 1:18:07 PM",""
"dcc1955d-5e50-43fa-129d-08deeafdc6df","Target","6712d390-77df-46ff-c6b7-08deeafdc6dc","6a664f7d-84e9-44a9-0e04-08deeafdc6d6","718b556d-df7a-4f71-88d5-92e506941170","Quarterly","ربع سنوي","quarterly","","7/26/2026 1:53:00 PM",""
"e91bc460-fb72-4299-129e-08deeafdc6df","Target","6712d390-77df-46ff-c6b7-08deeafdc6dc","6a664f7d-84e9-44a9-0e04-08deeafdc6d6","691e1981-365a-4b79-b81d-de3b2f8c05c7","Yearly","سنوي","yearly","","7/26/2026 1:53:00 PM",""
"2358fa22-be04-438e-129f-08deeafdc6df","Target","fe8a632a-26e7-4a31-c6b8-08deeafdc6dc","f2b33590-7ef4-45f3-0e05-08deeafdc6d6","691e1981-365a-4b79-b81d-de3b2f8c05c7","Yearly","سنوي","yearly","","7/28/2026 10:11:50 AM",""
"d833226b-6be4-4f26-0952-08def0866aaf","Target","25c35273-5ea8-477d-a79f-08def0866aac","8e7d0bcf-78ac-47f1-790e-08def0866aa3","691e1981-365a-4b79-b81d-de3b2f8c05c7","Yearly","سنوي","yearly","","8/2/2026 2:08:44 PM",""
"3562331a-3fa5-457a-0954-08def0866aaf","Target","ae85665d-2693-4e57-a7a3-08def0866aac","ecaf0b90-cb84-46ce-7912-08def0866aa3","691e1981-365a-4b79-b81d-de3b2f8c05c7","Yearly","سنوي","yearly","","8/4/2026 8:19:20 AM",""
"80d83f18-03c0-41f7-0955-08def0866aaf","Target","1d19eeb1-9bc7-4998-a7a4-08def0866aac","cb6a2246-50f5-4fcd-7913-08def0866aa3","718b556d-df7a-4f71-88d5-92e506941170","Quarterly","ربع سنوي","quarterly","","8/4/2026 12:30:38 PM",""
"84b890f2-13cf-4665-0956-08def0866aaf","Target","1d19eeb1-9bc7-4998-a7a4-08def0866aac","cb6a2246-50f5-4fcd-7913-08def0866aa3","691e1981-365a-4b79-b81d-de3b2f8c05c7","Yearly","سنوي","yearly","","8/4/2026 12:30:38 PM",""
"b5389559-4bc2-4ad3-095b-08def0866aaf","Target","b38d6f4e-5f09-4b7b-a7ab-08def0866aac","61f82d6b-6ab6-4ce8-791a-08def0866aa3","691e1981-365a-4b79-b81d-de3b2f8c05c7","Yearly","سنوي","yearly","","8/6/2026 8:11:55 AM",""
"3ddbf70c-1709-4244-99de-08def6ba2309","Target","df1f811a-5b39-4660-2376-08def5e05d23","aef8dc96-bf8d-4fbd-908f-08def5e05d1a","691e1981-365a-4b79-b81d-de3b2f8c05c7","Yearly","سنوي","yearly","","8/10/2026 11:34:04 AM",""
